request_id,timestamp,service,endpoint,method,status_code,latency_ms
req-005800,2026-03-03T07:11:39Z,auth,/v1/login,POST,201,64
req-006171,2026-03-03T10:32:42Z,auth,/v1/session,GET,200,49
req-004385,2026-03-02T18:05:16Z,checkout,/v1/pay,POST,200,154
req-003859,2026-03-02T13:00:17Z,checkout,/v1/pay,POST,503,194
req-004690,2026-03-02T20:24:00Z,auth,/v1/session,GET,200,20
req-007212,2026-03-03T20:50:43Z,catalog,/v1/items,GET,201,51
req-007174,2026-03-03T20:33:00Z,auth,/v1/login,POST,201,62
req-005348,2026-03-03T03:15:21Z,search,/v1/query,GET,200,1563
req-004323,2026-03-02T17:59:22Z,catalog,/v1/items,GET,200,58
req-002988,2026-03-02T04:24:11Z,auth,/v1/session,GET,302,42
req-004172,2026-03-02T16:18:06Z,checkout,/v1/pay,POST,204,188
req-001119,2026-03-01T10:59:06Z,search,/v1/cache,DELETE,200,46
req-004408,2026-03-02T18:19:03Z,auth,/v1/login,POST,200,57
req-007354,2026-03-03T22:31:39Z,billing,/v1/invoices,GET,201,269
req-000487,2026-03-01T04:37:14Z,catalog,/v1/items,GET,200,62
req-003174,2026-03-02T06:22:27Z,catalog,/v1/items,GET,200,35
req-003566,2026-03-02T10:22:32Z,search,/v1/query,GET,503,489
req-004380,2026-03-02T18:11:23Z,checkout,/v1/pay,POST,200,239
req-006915,2026-03-03T17:51:38Z,auth,/v1/session,GET,200,58
req-002653,2026-03-02T01:34:25Z,catalog,/v1/items,GET,200,68
req-004970,2026-03-02T23:59:23Z,catalog,/v1/items,GET,200,59
req-000662,2026-03-01T06:24:23Z,auth,/v1/login,POST,200,71
req-007371,2026-03-03T22:00:44Z,auth,/v1/login,POST,204,99
req-004812,2026-03-02T22:13:53Z,checkout,/v1/pay,POST,201,151
req-005245,2026-03-03T02:42:43Z,auth,/v1/login,POST,204,52
req-004251,2026-03-02T16:06:13Z,catalog,/v1/items,PUT,200,88
req-006945,2026-03-03T18:12:05Z,search,/v1/query,GET,200,264
req-006764,2026-03-03T16:53:24Z,catalog,/v1/items,GET,201,61
req-000549,2026-03-01T05:36:52Z,auth,/v1/login,POST,200,65
req-000609,2026-03-01T05:07:48Z,auth,/v1/session,GET,204,31
req-007439,2026-03-03T23:02:21Z,checkout,/v1/pay,POST,201,186
req-003681,2026-03-02T11:49:24Z,auth,/v1/login,POST,204,97
req-000771,2026-03-01T07:06:46Z,catalog,/v1/items,GET,200,77
req-004463,2026-03-02T18:44:35Z,catalog,/v1/items,GET,200,61
req-003672,2026-03-02T11:34:27Z,search,/v1/query,GET,502,437
req-004049,2026-03-02T14:42:51Z,catalog,/v1/items,PUT,201,178
req-001196,2026-03-01T11:02:42Z,catalog,/v1/items,GET,200,54
req-004864,2026-03-02T22:03:12Z,catalog,/v1/items,GET,200,84
req-006304,2026-03-03T12:40:23Z,billing,/v1/invoices,GET,200,1875
req-000746,2026-03-01T07:03:17Z,auth,/v1/login,POST,201,39
req-001136,2026-03-01T11:21:58Z,billing,/v1/invoices,GET,200,1880
req-003438,2026-03-02T09:08:42Z,checkout,/v1/pay,POST,200,270
req-007080,2026-03-03T19:28:33Z,catalog,/v1/items,GET,200,34
req-002178,2026-03-01T20:54:00Z,search,/v1/cache,DELETE,200,119
req-007528,2026-03-03T23:08:07Z,catalog,/v1/items,GET,204,79
req-000370,2026-03-01T03:22:03Z,catalog,/v1/items,GET,200,64
req-000128,2026-03-01T01:03:12Z,search,/v1/query,GET,201,363
req-001224,2026-03-01T12:31:23Z,checkout,/v1/pay,POST,504,209
req-003772,2026-03-02T12:51:00Z,search,/v1/query,GET,204,488
req-006256,2026-03-03T11:53:33Z,catalog,/v1/items,GET,201,52
req-000149,2026-03-01T01:16:29Z,auth,/v1/login,POST,404,74
req-006296,2026-03-03T12:52:29Z,checkout,/v1/pay,POST,204,209
req-006943,2026-03-03T18:11:35Z,search,/v1/query,GET,200,307
req-001904,2026-03-01T18:16:56Z,auth,/v1/login,POST,204,88
req-000264,2026-03-01T02:45:46Z,catalog,/v1/items,GET,201,95
req-005948,2026-03-03T08:21:04Z,catalog,/v1/items,GET,200,81
req-000283,2026-03-01T02:25:03Z,catalog,/v1/items,GET,204,45
req-002531,2026-03-02T00:30:09Z,auth,/v1/login,POST,201,101
req-000897,2026-03-01T08:26:59Z,catalog,/v1/items,GET,200,77
req-001981,2026-03-01T19:01:31Z,checkout,/v1/pay,POST,200,176
req-001414,2026-03-01T13:51:31Z,catalog,/v1/items,GET,204,40
req-004926,2026-03-02T23:35:17Z,search,/v1/query,GET,201,494
req-003402,2026-03-02T08:13:37Z,catalog,/v1/items,GET,204,59
req-006769,2026-03-03T16:29:03Z,catalog,/v1/items,GET,200,88
req-005022,2026-03-03T00:24:17Z,billing,/v1/invoices,GET,200,239
req-002346,2026-03-01T22:00:30Z,catalog,/v1/items,GET,200,80
req-003444,2026-03-02T09:11:38Z,checkout,/v1/pay,POST,500,189
req-000940,2026-03-01T09:41:08Z,search,/v1/query,GET,500,377
req-003415,2026-03-02T08:48:17Z,catalog,/v1/items,PUT,200,74
req-002795,2026-03-02T03:48:44Z,checkout,/v1/pay,POST,200,107
req-005776,2026-03-03T07:23:02Z,billing,/v1/invoices,GET,201,326
req-001885,2026-03-01T18:35:22Z,billing,/v1/invoices,GET,204,358
req-006744,2026-03-03T16:11:11Z,auth,/v1/login,POST,204,63
req-003813,2026-03-02T12:24:53Z,catalog,/v1/items,GET,201,58
req-001687,2026-03-01T16:17:46Z,auth,/v1/login,POST,204,66
req-000110,2026-03-01T01:03:16Z,checkout,/v1/pay,POST,200,289
req-000379,2026-03-01T03:08:17Z,catalog,/v1/items,GET,200,72
req-007151,2026-03-03T20:35:58Z,search,/v1/query,GET,200,166
req-004349,2026-03-02T17:39:42Z,catalog,/v1/items,GET,200,46
req-006258,2026-03-03T11:10:12Z,catalog,/v1/items,GET,201,129
req-004554,2026-03-02T19:26:20Z,catalog,/v1/items,GET,201,43
req-005272,2026-03-03T02:08:58Z,catalog,/v1/items,GET,201,59
req-000908,2026-03-01T08:21:05Z,auth,/v1/session,GET,200,40
req-001538,2026-03-01T14:04:17Z,catalog,/v1/items,PUT,201,82
req-004539,2026-03-02T19:57:06Z,catalog,/v1/items,GET,201,132
req-002342,2026-03-01T22:31:56Z,catalog,/v1/items,GET,201,35
req-001181,2026-03-01T11:36:43Z,catalog,/v1/items,GET,200,36
req-002444,2026-03-01T23:12:11Z,auth,/v1/login,POST,200,67
req-003693,2026-03-02T11:29:26Z,catalog,/v1/items,GET,204,51
req-006862,2026-03-03T17:41:56Z,catalog,/v1/items,GET,204,89
req-005030,2026-03-03T00:22:35Z,search,/v1/query,GET,200,382
req-005079,2026-03-03T00:33:20Z,catalog,/v1/items,GET,204,62
req-004671,2026-03-02T20:06:31Z,catalog,/v1/items,GET,201,74
req-003625,2026-03-02T10:51:57Z,catalog,/v1/items,GET,204,72
req-006273,2026-03-03T11:58:43Z,catalog,/v1/items,PUT,200,68
req-001985,2026-03-01T19:07:30Z,checkout,/v1/pay,POST,204,309
req-005697,2026-03-03T06:54:15Z,auth,/v1/login,POST,201,58
req-007369,2026-03-03T22:23:57Z,auth,/v1/login,POST,200,79
req-005042,2026-03-03T00:53:54Z,auth,/v1/login,POST,200,188
req-001467,2026-03-01T14:55:50Z,search,/v1/query,GET,502,407
req-004517,2026-03-02T19:54:48Z,auth,/v1/login,POST,200,52
req-007347,2026-03-03T22:45:07Z,checkout,/v1/pay,POST,200,144
req-001258,2026-03-01T12:56:07Z,auth,/v1/login,POST,201,102
req-006520,2026-03-03T14:11:22Z,checkout,/v1/pay,POST,504,175
req-002906,2026-03-02T04:04:35Z,checkout,/v1/pay,POST,200,117
req-000776,2026-03-01T07:40:27Z,catalog,/v1/items,GET,200,65
req-007194,2026-03-03T20:42:10Z,catalog,/v1/items,GET,204,37
req-006287,2026-03-03T11:49:55Z,search,/v1/cache,DELETE,204,29
req-007260,2026-03-03T21:23:54Z,auth,/v1/login,POST,200,74
req-007450,2026-03-03T23:22:28Z,checkout,/v1/pay,POST,204,241
req-006749,2026-03-03T16:43:36Z,auth,/v1/login,POST,201,78
req-001910,2026-03-01T18:48:16Z,auth,/v1/login,POST,200,47
req-001023,2026-03-01T10:05:27Z,checkout,/v1/pay,POST,200,473
req-001580,2026-03-01T15:17:52Z,auth,/v1/login,POST,201,88
req-006812,2026-03-03T17:13:36Z,checkout,/v1/pay,POST,204,192
req-002631,2026-03-02T01:30:25Z,auth,/v1/login,POST,201,87
req-000811,2026-03-01T08:44:45Z,checkout,/v1/pay,POST,201,248
req-002580,2026-03-02T00:56:38Z,catalog,/v1/items,PUT,204,101
req-003810,2026-03-02T12:01:35Z,catalog,/v1/items,GET,200,90
req-003562,2026-03-02T10:30:26Z,search,/v1/query,GET,204,1615
req-006264,2026-03-03T11:09:13Z,catalog,/v1/items,GET,200,56
req-007129,2026-03-03T20:29:18Z,checkout,/v1/pay,POST,200,204
req-004337,2026-03-02T17:33:49Z,catalog,/v1/items,GET,201,34
req-004187,2026-03-02T16:22:10Z,search,/v1/query,GET,204,257
req-000150,2026-03-01T01:28:22Z,auth,/v1/login,POST,201,69
req-000155,2026-03-01T01:12:39Z,auth,/v1/login,POST,200,103
req-001344,2026-03-01T13:53:27Z,billing,/v1/invoices,GET,204,472
req-004838,2026-03-02T22:34:54Z,auth,/v1/login,POST,204,106
req-005530,2026-03-03T04:33:13Z,catalog,/v1/items,PUT,204,55
req-005897,2026-03-03T08:54:57Z,auth,/v1/login,POST,200,34
req-002172,2026-03-01T20:39:20Z,auth,/v1/session,GET,204,55
req-002913,2026-03-02T04:47:00Z,billing,/v1/invoices,GET,200,368
req-002301,2026-03-01T22:16:28Z,billing,/v1/invoices,GET,201,439
req-002765,2026-03-02T02:18:11Z,catalog,/v1/items,GET,201,68
req-002332,2026-03-01T22:29:51Z,auth,/v1/login,POST,200,80
req-001386,2026-03-01T13:13:13Z,catalog,/v1/items,GET,200,64
req-005190,2026-03-03T01:00:31Z,catalog,/v1/items,GET,201,39
req-004112,2026-03-02T15:05:39Z,auth,/v1/login,POST,200,62
req-006143,2026-03-03T10:40:03Z,catalog,/v1/items,GET,200,66
req-006129,2026-03-03T10:56:27Z,auth,/v1/login,POST,200,73
req-005292,2026-03-03T02:28:18Z,catalog,/v1/items,GET,201,42
req-002591,2026-03-02T00:11:49Z,auth,/v1/session,GET,200,58
req-007051,2026-03-03T19:04:34Z,search,/v1/query,GET,201,374
req-007522,2026-03-03T23:44:36Z,catalog,/v1/items,GET,200,59
req-006552,2026-03-03T14:14:00Z,auth,/v1/login,POST,201,69
req-006741,2026-03-03T16:39:44Z,auth,/v1/login,POST,502,89
req-001586,2026-03-01T15:38:13Z,auth,/v1/login,POST,200,72
req-003147,2026-03-02T06:35:57Z,auth,/v1/login,POST,200,98
req-006977,2026-03-03T18:34:56Z,catalog,/v1/items,GET,204,71
req-002103,2026-03-01T20:30:59Z,search,/v1/query,GET,204,380
req-000166,2026-03-01T01:47:46Z,catalog,/v1/items,GET,200,33
req-001565,2026-03-01T15:45:34Z,billing,/v1/invoices,GET,201,1759
req-004537,2026-03-02T19:13:26Z,auth,/v1/login,POST,201,35
req-005953,2026-03-03T08:13:40Z,catalog,/v1/items,PUT,204,115
req-006471,2026-03-03T13:39:29Z,catalog,/v1/items,GET,200,74
req-007160,2026-03-03T20:12:22Z,auth,/v1/login,POST,200,80
req-004910,2026-03-02T23:17:16Z,checkout,/v1/pay,POST,200,196
req-000679,2026-03-01T06:14:58Z,catalog,/v1/items,GET,204,72
req-001883,2026-03-01T18:20:22Z,billing,/v1/invoices,GET,201,334
req-000622,2026-03-01T06:19:31Z,checkout,/v1/pay,POST,200,203
req-004065,2026-03-02T15:45:43Z,checkout,/v1/pay,POST,200,255
req-003851,2026-03-02T12:30:01Z,search,/v1/cache,DELETE,200,56
req-001073,2026-03-01T10:11:41Z,catalog,/v1/items,GET,201,39
req-005289,2026-03-03T02:48:09Z,catalog,/v1/items,GET,200,60
req-000258,2026-03-01T02:13:39Z,auth,/v1/login,POST,201,49
req-000712,2026-03-01T07:35:16Z,checkout,/v1/pay,POST,204,243
req-004790,2026-03-02T21:52:42Z,catalog,/v1/items,PUT,200,89
req-003423,2026-03-02T08:56:39Z,auth,/v1/session,GET,200,83
req-003632,2026-03-02T10:28:20Z,catalog,/v1/items,PUT,204,122
req-006109,2026-03-03T10:36:43Z,auth,/v1/login,POST,200,65
req-003896,2026-03-02T13:02:19Z,auth,/v1/login,POST,200,188
req-003835,2026-03-02T12:10:59Z,catalog,/v1/items,GET,200,66
req-000560,2026-03-01T05:30:24Z,auth,/v1/login,POST,502,64
req-004378,2026-03-02T18:09:53Z,checkout,/v1/pay,POST,200,222
req-003855,2026-03-02T13:08:34Z,checkout,/v1/pay,POST,504,196
req-001325,2026-03-01T12:58:42Z,search,/v1/cache,DELETE,200,41
req-002185,2026-03-01T21:32:03Z,checkout,/v1/pay,POST,201,204
req-002659,2026-03-02T01:00:36Z,catalog,/v1/items,GET,200,53
req-005650,2026-03-03T05:20:42Z,auth,/v1/session,GET,301,40
req-006655,2026-03-03T15:29:35Z,auth,/v1/login,POST,200,67
req-005085,2026-03-03T00:58:16Z,catalog,/v1/items,GET,200,50
req-002528,2026-03-02T00:56:19Z,search,/v1/query,GET,200,393
req-005868,2026-03-03T08:53:26Z,checkout,/v1/pay,POST,502,454
req-001631,2026-03-01T15:02:37Z,catalog,/v1/items,GET,204,59
req-002088,2026-03-01T20:44:25Z,checkout,/v1/pay,POST,504,212
req-003614,2026-03-02T10:23:13Z,catalog,/v1/items,GET,201,52
req-006988,2026-03-03T18:10:43Z,catalog,/v1/items,GET,200,64
req-004343,2026-03-02T17:55:07Z,catalog,/v1/items,GET,201,56
req-000191,2026-03-01T01:00:11Z,catalog,/v1/items,PUT,201,86
req-005630,2026-03-03T05:12:05Z,catalog,/v1/items,GET,201,55
req-001331,2026-03-01T13:10:30Z,checkout,/v1/pay,POST,201,210
req-003060,2026-03-02T05:21:32Z,catalog,/v1/items,GET,200,96
req-006667,2026-03-03T15:51:02Z,catalog,/v1/items,GET,201,69
req-006730,2026-03-03T16:14:32Z,search,/v1/query,GET,204,442
req-005032,2026-03-03T00:13:23Z,search,/v1/query,GET,504,357
req-002736,2026-03-02T02:22:42Z,auth,/v1/login,POST,200,47
req-001591,2026-03-01T15:18:08Z,auth,/v1/login,POST,204,107
req-004858,2026-03-02T22:10:44Z,catalog,/v1/items,GET,200,92
req-001147,2026-03-01T11:14:45Z,search,/v1/query,GET,500,258
req-005480,2026-03-03T04:37:36Z,auth,/v1/login,POST,204,63
req-001168,2026-03-01T11:33:04Z,auth,/v1/login,POST,200,48
req-003478,2026-03-02T09:36:53Z,auth,/v1/login,POST,200,84
req-001795,2026-03-01T17:27:31Z,auth,/v1/login,POST,201,94
req-005691,2026-03-03T06:43:56Z,auth,/v1/login,POST,200,85
req-001670,2026-03-01T16:02:54Z,billing,/v1/invoices,GET,200,407
req-004019,2026-03-02T14:22:01Z,catalog,/v1/items,GET,200,56
req-002617,2026-03-02T01:39:58Z,search,/v1/query,GET,500,359
req-003258,2026-03-02T07:43:08Z,auth,/v1/login,POST,200,104
req-002948,2026-03-02T04:15:23Z,auth,/v1/login,POST,200,68
req-004131,2026-03-02T15:08:32Z,catalog,/v1/items,GET,204,68
req-000482,2026-03-01T04:02:39Z,catalog,/v1/items,GET,200,72
req-005220,2026-03-03T02:45:48Z,checkout,/v1/pay,POST,204,299
req-002837,2026-03-02T03:58:35Z,auth,/v1/login,POST,200,194
req-001384,2026-03-01T13:20:48Z,catalog,/v1/items,GET,200,55
req-003512,2026-03-02T09:53:33Z,catalog,/v1/items,GET,200,38
req-006107,2026-03-03T10:26:25Z,auth,/v1/login,POST,204,83
req-001081,2026-03-01T10:56:50Z,catalog,/v1/items,GET,200,24
req-001131,2026-03-01T11:19:53Z,checkout,/v1/pay,POST,204,444
req-003617,2026-03-02T10:21:24Z,catalog,/v1/items,GET,200,65
req-004741,2026-03-02T21:10:36Z,auth,/v1/login,POST,204,98
req-000077,2026-03-01T00:16:48Z,catalog,/v1/items,GET,204,42
req-006911,2026-03-03T17:09:33Z,auth,/v1/session,GET,200,39
req-001712,2026-03-01T16:25:02Z,catalog,/v1/items,GET,200,67
req-003133,2026-03-02T06:10:07Z,auth,/v1/login,POST,200,85
req-002089,2026-03-01T20:07:07Z,checkout,/v1/pay,POST,504,200
req-005780,2026-03-03T07:45:22Z,billing,/v1/invoices,GET,200,359
req-007002,2026-03-03T18:48:20Z,catalog,/v1/items,GET,200,75
req-003519,2026-03-02T09:52:56Z,catalog,/v1/items,GET,401,151
req-003197,2026-03-02T06:00:49Z,catalog,/v1/items,PUT,200,126
req-002291,2026-03-01T22:13:56Z,checkout,/v1/pay,POST,204,233
req-007113,2026-03-03T19:56:13Z,catalog,/v1/items,PUT,204,100
req-003203,2026-03-02T06:33:31Z,auth,/v1/session,GET,200,32
req-001070,2026-03-01T10:10:16Z,auth,/v1/login,POST,200,96
req-003529,2026-03-02T09:12:08Z,auth,/v1/session,GET,302,29
req-002542,2026-03-02T00:54:01Z,auth,/v1/login,POST,200,210
req-003837,2026-03-02T12:04:49Z,catalog,/v1/items,PUT,201,63
req-002273,2026-03-01T21:29:37Z,auth,/v1/session,GET,302,37
req-002869,2026-03-02T03:46:59Z,catalog,/v1/items,GET,204,66
req-006545,2026-03-03T14:57:00Z,auth,/v1/login,POST,200,82
req-004138,2026-03-02T15:31:13Z,catalog,/v1/items,GET,200,62
req-007531,2026-03-03T23:23:40Z,catalog,/v1/items,GET,200,47
req-005068,2026-03-03T00:11:20Z,catalog,/v1/items,GET,204,47
req-007142,2026-03-03T20:05:40Z,checkout,/v1/pay,POST,200,168
req-005442,2026-03-03T04:04:18Z,checkout,/v1/pay,POST,200,227
req-004855,2026-03-02T22:36:23Z,auth,/v1/login,POST,200,61
req-004278,2026-03-02T17:51:40Z,checkout,/v1/pay,POST,200,224
req-005977,2026-03-03T09:06:40Z,checkout,/v1/pay,POST,503,294
req-003043,2026-03-02T05:50:50Z,auth,/v1/login,POST,200,35
req-000574,2026-03-01T05:31:58Z,catalog,/v1/items,GET,200,66
req-002328,2026-03-01T22:24:17Z,auth,/v1/login,POST,200,176
req-004249,2026-03-02T16:14:50Z,catalog,/v1/items,PUT,200,53
req-002349,2026-03-01T22:25:52Z,catalog,/v1/items,GET,204,68
req-003692,2026-03-02T11:27:01Z,catalog,/v1/items,GET,204,51
req-004987,2026-03-02T23:19:46Z,catalog,/v1/items,PUT,200,76
req-007035,2026-03-03T19:08:19Z,checkout,/v1/pay,POST,201,296
req-004951,2026-03-02T23:35:43Z,auth,/v1/login,POST,201,161
req-001634,2026-03-01T15:42:10Z,catalog,/v1/items,GET,200,148
req-003763,2026-03-02T12:59:43Z,billing,/v1/invoices,GET,201,264
req-007191,2026-03-03T20:23:13Z,catalog,/v1/items,GET,204,55
req-003004,2026-03-02T05:10:07Z,checkout,/v1/pay,POST,200,166
req-001717,2026-03-01T16:08:14Z,catalog,/v1/items,GET,204,89
req-006345,2026-03-03T12:17:29Z,catalog,/v1/items,GET,204,46
req-001695,2026-03-01T16:18:02Z,auth,/v1/login,POST,200,93
req-006865,2026-03-03T17:03:44Z,catalog,/v1/items,GET,200,50
req-004465,2026-03-02T18:17:47Z,catalog,/v1/items,GET,200,72
req-001348,2026-03-01T13:18:46Z,billing,/v1/invoices,GET,200,428
req-003699,2026-03-02T11:30:07Z,catalog,/v1/items,GET,204,132
req-004527,2026-03-02T19:34:38Z,auth,/v1/login,POST,201,68
req-002275,2026-03-01T21:25:30Z,auth,/v1/session,GET,201,30
req-005359,2026-03-03T03:22:26Z,auth,/v1/login,POST,200,100
req-006149,2026-03-03T10:40:21Z,catalog,/v1/items,GET,204,64
req-006024,2026-03-03T09:21:17Z,catalog,/v1/items,GET,201,84
req-003870,2026-03-02T13:35:41Z,billing,/v1/invoices,GET,200,602
req-006998,2026-03-03T18:54:50Z,catalog,/v1/items,GET,200,69
req-001982,2026-03-01T19:16:39Z,checkout,/v1/pay,POST,200,392
req-006585,2026-03-03T14:27:31Z,catalog,/v1/items,GET,200,60
req-005038,2026-03-03T00:40:50Z,auth,/v1/login,POST,200,109
req-006548,2026-03-03T14:37:13Z,auth,/v1/login,POST,200,182
req-000535,2026-03-01T05:15:02Z,search,/v1/query,GET,200,211
req-007512,2026-03-03T23:58:50Z,catalog,/v1/items,GET,201,67
req-002933,2026-03-02T04:38:43Z,auth,/v1/login,POST,201,81
req-007161,2026-03-03T20:23:08Z,auth,/v1/login,POST,204,77
req-005757,2026-03-03T06:39:07Z,search,/v1/cache,DELETE,200,45
req-007419,2026-03-03T22:38:22Z,catalog,/v1/items,GET,200,80
req-006818,2026-03-03T17:27:56Z,checkout,/v1/pay,POST,200,304
req-000334,2026-03-01T03:02:28Z,search,/v1/query,GET,200,453
req-001159,2026-03-01T11:45:03Z,auth,/v1/login,POST,201,81
req-000775,2026-03-01T07:57:20Z,catalog,/v1/items,GET,200,39
req-000326,2026-03-01T03:22:44Z,billing,/v1/invoices,GET,200,366
req-004793,2026-03-02T21:21:18Z,auth,/v1/session,GET,302,46
req-002599,2026-03-02T01:01:41Z,checkout,/v1/pay,POST,201,168
req-005538,2026-03-03T04:03:57Z,auth,/v1/session,GET,302,53
req-004806,2026-03-02T22:53:33Z,checkout,/v1/pay,POST,204,204
req-000761,2026-03-01T07:18:52Z,auth,/v1/login,POST,200,47
req-004462,2026-03-02T18:51:12Z,catalog,/v1/items,GET,200,27
req-006542,2026-03-03T14:54:50Z,auth,/v1/login,POST,204,90
req-002690,2026-03-02T02:23:33Z,checkout,/v1/pay,POST,200,258
req-004083,2026-03-02T15:07:45Z,billing,/v1/invoices,GET,200,393
req-002664,2026-03-02T01:46:21Z,catalog,/v1/items,GET,201,66
req-005604,2026-03-03T05:34:20Z,auth,/v1/login,POST,200,88
req-007380,2026-03-03T22:23:54Z,auth,/v1/login,POST,200,95
req-002374,2026-03-01T22:01:32Z,catalog,/v1/items,GET,200,50
req-001337,2026-03-01T13:04:26Z,checkout,/v1/pay,POST,200,372
req-000112,2026-03-01T01:15:07Z,checkout,/v1/pay,POST,204,230
req-000192,2026-03-01T01:05:47Z,catalog,/v1/items,PUT,201,29
req-005088,2026-03-03T00:30:37Z,catalog,/v1/items,PUT,200,175
req-004171,2026-03-02T16:04:21Z,checkout,/v1/pay,POST,204,162
req-001613,2026-03-01T15:33:27Z,catalog,/v1/items,GET,200,80
req-005792,2026-03-03T07:17:22Z,auth,/v1/login,POST,200,72
req-006490,2026-03-03T13:25:15Z,catalog,/v1/items,PUT,200,76
req-006446,2026-03-03T13:47:02Z,auth,/v1/login,POST,404,66
req-002866,2026-03-02T03:59:17Z,catalog,/v1/items,GET,200,77
req-003495,2026-03-02T09:56:49Z,catalog,/v1/items,GET,201,66
req-003222,2026-03-02T07:22:07Z,checkout,/v1/pay,POST,200,243
req-006507,2026-03-03T14:42:41Z,checkout,/v1/pay,POST,201,262
req-004719,2026-03-02T21:09:16Z,billing,/v1/invoices,GET,200,382
req-006034,2026-03-03T09:14:26Z,catalog,/v1/items,GET,200,130
req-000259,2026-03-01T02:08:54Z,auth,/v1/login,POST,201,99
req-001113,2026-03-01T10:02:30Z,auth,/v1/session,GET,201,45
req-005188,2026-03-03T01:19:43Z,catalog,/v1/items,GET,200,60
req-002734,2026-03-02T02:48:33Z,auth,/v1/login,POST,201,185
req-002218,2026-03-01T21:42:57Z,auth,/v1/login,POST,200,82
req-002133,2026-03-01T20:42:29Z,catalog,/v1/items,GET,200,108
req-004473,2026-03-02T18:10:01Z,catalog,/v1/items,PUT,201,136
req-003700,2026-03-02T11:09:56Z,catalog,/v1/items,GET,204,53
req-004418,2026-03-02T18:05:40Z,auth,/v1/login,POST,200,67
req-006267,2026-03-03T11:33:42Z,catalog,/v1/items,GET,200,69
req-001141,2026-03-01T11:41:15Z,search,/v1/query,GET,204,485
req-004664,2026-03-02T20:56:52Z,catalog,/v1/items,GET,201,62
req-001270,2026-03-01T12:02:29Z,auth,/v1/login,POST,201,78
req-003244,2026-03-02T07:21:29Z,auth,/v1/login,POST,200,78
req-000179,2026-03-01T01:04:08Z,catalog,/v1/items,GET,204,69
req-002513,2026-03-02T00:01:24Z,checkout,/v1/pay,POST,504,278
req-002232,2026-03-01T21:18:07Z,auth,/v1/login,POST,200,83
req-000590,2026-03-01T05:54:31Z,catalog,/v1/items,GET,201,54
req-006712,2026-03-03T16:23:30Z,checkout,/v1/pay,POST,200,263
req-005299,2026-03-03T02:33:05Z,catalog,/v1/items,GET,204,58
req-000931,2026-03-01T09:19:25Z,billing,/v1/invoices,GET,200,432
req-007397,2026-03-03T22:49:28Z,catalog,/v1/items,GET,200,41
req-002237,2026-03-01T21:31:01Z,catalog,/v1/items,GET,200,92
req-005889,2026-03-03T08:51:26Z,search,/v1/query,GET,200,453
req-002246,2026-03-01T21:37:54Z,catalog,/v1/items,GET,200,75
req-002081,2026-03-01T20:20:04Z,checkout,/v1/pay,POST,204,255
req-001148,2026-03-01T11:20:35Z,search,/v1/query,GET,504,453
req-007367,2026-03-03T22:43:38Z,search,/v1/query,GET,502,1901
req-002489,2026-03-01T23:46:06Z,auth,/v1/session,GET,204,31
req-002292,2026-03-01T22:01:31Z,checkout,/v1/pay,POST,201,160
req-006014,2026-03-03T09:19:13Z,auth,/v1/login,POST,200,71
req-004142,2026-03-02T15:57:13Z,catalog,/v1/items,GET,204,63
req-001944,2026-03-01T18:45:16Z,catalog,/v1/items,GET,200,45
req-001366,2026-03-01T13:27:45Z,auth,/v1/login,POST,200,72
req-001742,2026-03-01T16:27:18Z,catalog,/v1/items,PUT,200,62
req-005867,2026-03-03T08:47:50Z,checkout,/v1/pay,POST,200,169
req-006357,2026-03-03T12:00:04Z,catalog,/v1/items,GET,200,57
req-003385,2026-03-02T08:27:10Z,catalog,/v1/items,GET,204,72
req-000353,2026-03-01T03:31:46Z,auth,/v1/login,POST,200,73
req-001852,2026-03-01T17:35:43Z,catalog,/v1/items,PUT,201,98
req-007095,2026-03-03T19:21:26Z,catalog,/v1/items,GET,200,69
req-007385,2026-03-03T22:06:52Z,auth,/v1/login,POST,400,62
req-003754,2026-03-02T12:40:19Z,checkout,/v1/pay,POST,200,191
req-006234,2026-03-03T11:32:11Z,auth,/v1/login,POST,201,102
req-002579,2026-03-02T00:53:34Z,catalog,/v1/items,GET,200,49
req-004127,2026-03-02T15:41:14Z,catalog,/v1/items,GET,200,61
req-007275,2026-03-03T21:53:09Z,auth,/v1/login,POST,200,51
req-003620,2026-03-02T10:44:30Z,catalog,/v1/items,GET,200,60
req-003645,2026-03-02T11:33:59Z,checkout,/v1/pay,POST,204,190
req-001456,2026-03-01T14:41:52Z,billing,/v1/invoices,GET,200,1635
req-000049,2026-03-01T00:27:53Z,auth,/v1/login,POST,401,77
req-007121,2026-03-03T19:44:05Z,auth,/v1/session,GET,204,89
req-000215,2026-03-01T02:23:23Z,checkout,/v1/pay,POST,200,208
req-006629,2026-03-03T15:08:41Z,billing,/v1/invoices,GET,200,454
req-005513,2026-03-03T04:30:18Z,catalog,/v1/items,GET,200,55
req-002187,2026-03-01T21:22:21Z,checkout,/v1/pay,POST,503,311
req-000773,2026-03-01T07:22:43Z,catalog,/v1/items,GET,200,73
req-000349,2026-03-01T03:29:06Z,auth,/v1/login,POST,200,65
req-003690,2026-03-02T11:38:20Z,auth,/v1/login,POST,201,69
req-004240,2026-03-02T16:09:45Z,catalog,/v1/items,GET,200,48
req-005974,2026-03-03T09:15:49Z,checkout,/v1/pay,POST,200,188
req-007025,2026-03-03T19:07:59Z,checkout,/v1/pay,POST,200,190
req-006276,2026-03-03T11:55:41Z,catalog,/v1/items,PUT,204,52
req-004202,2026-03-02T16:26:26Z,auth,/v1/login,POST,200,81
req-007145,2026-03-03T20:27:29Z,billing,/v1/invoices,GET,204,375
req-000763,2026-03-01T07:46:04Z,auth,/v1/login,POST,201,66
req-004568,2026-03-02T19:40:37Z,catalog,/v1/items,PUT,200,117
req-004139,2026-03-02T15:12:53Z,catalog,/v1/items,GET,200,107
req-001480,2026-03-01T14:40:38Z,auth,/v1/login,POST,200,85
req-005391,2026-03-03T03:32:33Z,catalog,/v1/items,GET,200,76
req-001646,2026-03-01T15:36:56Z,auth,/v1/session,GET,201,34
req-000021,2026-03-01T00:32:38Z,billing,/v1/invoices,GET,200,400
req-002642,2026-03-02T01:07:31Z,auth,/v1/login,POST,201,74
req-006547,2026-03-03T14:28:33Z,auth,/v1/login,POST,201,76
req-004404,2026-03-02T18:09:55Z,search,/v1/query,GET,200,315
req-000665,2026-03-01T06:17:13Z,auth,/v1/login,POST,204,90
req-002654,2026-03-02T01:17:19Z,catalog,/v1/items,GET,200,72
req-000956,2026-03-01T09:31:32Z,auth,/v1/login,POST,201,111
req-002086,2026-03-01T20:56:41Z,checkout,/v1/pay,POST,200,181
req-006973,2026-03-03T18:26:25Z,auth,/v1/login,POST,200,89
req-006335,2026-03-03T12:02:28Z,auth,/v1/login,POST,200,71
req-003567,2026-03-02T10:06:20Z,auth,/v1/login,POST,200,58
req-007056,2026-03-03T19:39:11Z,auth,/v1/login,POST,204,68
req-005225,2026-03-03T02:28:49Z,checkout,/v1/pay,POST,201,243
req-004509,2026-03-02T19:52:01Z,search,/v1/query,GET,200,287
req-005994,2026-03-03T09:28:55Z,search,/v1/query,GET,401,286
req-004691,2026-03-02T20:02:51Z,auth,/v1/session,GET,200,30
req-000415,2026-03-01T04:53:41Z,checkout,/v1/pay,POST,200,218
req-002418,2026-03-01T23:26:24Z,search,/v1/query,GET,201,391
req-000069,2026-03-01T00:42:05Z,catalog,/v1/items,GET,204,53
req-006776,2026-03-03T16:33:47Z,catalog,/v1/items,GET,200,59
req-006838,2026-03-03T17:12:40Z,search,/v1/query,GET,504,284
req-000193,2026-03-01T01:23:19Z,catalog,/v1/items,PUT,204,99
req-003122,2026-03-02T06:06:08Z,search,/v1/query,GET,204,156
req-000217,2026-03-01T02:46:54Z,checkout,/v1/pay,POST,200,179
req-000478,2026-03-01T04:40:41Z,catalog,/v1/items,GET,200,162
req-001485,2026-03-01T14:24:09Z,auth,/v1/login,POST,201,70
req-004997,2026-03-02T23:43:34Z,auth,/v1/session,GET,302,52
req-004848,2026-03-02T22:32:31Z,auth,/v1/login,POST,200,101
req-007094,2026-03-03T19:26:17Z,catalog,/v1/items,GET,201,61
req-005430,2026-03-03T03:40:52Z,search,/v1/cache,DELETE,200,43
req-000687,2026-03-01T06:03:10Z,catalog,/v1/items,GET,200,45
req-006071,2026-03-03T09:47:40Z,search,/v1/cache,DELETE,200,36
req-004952,2026-03-02T23:07:40Z,auth,/v1/login,POST,200,85
req-001755,2026-03-01T17:05:47Z,checkout,/v1/pay,POST,200,254
req-007360,2026-03-03T22:24:41Z,search,/v1/query,GET,204,255
req-002296,2026-03-01T22:51:01Z,checkout,/v1/pay,POST,201,414
req-005363,2026-03-03T03:09:54Z,auth,/v1/login,POST,201,85
req-006579,2026-03-03T14:14:27Z,catalog,/v1/items,GET,200,52
req-005894,2026-03-03T08:07:37Z,auth,/v1/login,POST,201,181
req-005095,2026-03-03T00:47:48Z,auth,/v1/session,GET,200,38
req-001938,2026-03-01T18:13:36Z,catalog,/v1/items,GET,200,66
req-007054,2026-03-03T19:48:48Z,auth,/v1/login,POST,201,74
req-004525,2026-03-02T19:02:05Z,auth,/v1/login,POST,201,99
req-001492,2026-03-01T14:52:04Z,auth,/v1/login,POST,200,27
req-003985,2026-03-02T14:53:05Z,search,/v1/query,GET,200,344
req-001597,2026-03-01T15:34:00Z,auth,/v1/login,POST,200,86
req-002872,2026-03-02T03:59:22Z,catalog,/v1/items,GET,200,79
req-000299,2026-03-01T02:31:20Z,catalog,/v1/items,PUT,200,64
req-001389,2026-03-01T13:41:21Z,catalog,/v1/items,GET,201,73
req-004228,2026-03-02T16:02:36Z,catalog,/v1/items,GET,201,48
req-003018,2026-03-02T05:16:50Z,search,/v1/query,GET,503,196
req-007163,2026-03-03T20:44:53Z,auth,/v1/login,POST,200,63
req-004340,2026-03-02T17:19:14Z,catalog,/v1/items,GET,201,83
req-007394,2026-03-03T22:54:12Z,catalog,/v1/items,GET,200,87
req-003272,2026-03-02T07:21:00Z,catalog,/v1/items,GET,200,78
req-002317,2026-03-01T22:19:25Z,auth,/v1/login,POST,401,79
req-004850,2026-03-02T22:02:34Z,auth,/v1/login,POST,200,58
req-007359,2026-03-03T22:58:09Z,search,/v1/query,GET,200,369
req-004871,2026-03-02T22:51:19Z,catalog,/v1/items,GET,200,58
req-006699,2026-03-03T15:36:59Z,auth,/v1/session,GET,301,31
req-000969,2026-03-01T09:26:13Z,auth,/v1/login,POST,200,175
req-003725,2026-03-02T11:59:14Z,catalog,/v1/items,GET,200,36
req-007301,2026-03-03T21:59:39Z,catalog,/v1/items,GET,200,75
req-005458,2026-03-03T04:46:43Z,search,/v1/query,GET,500,281
req-005249,2026-03-03T02:36:27Z,auth,/v1/login,POST,200,58
req-007459,2026-03-03T23:53:28Z,billing,/v1/invoices,GET,204,313
req-006517,2026-03-03T14:29:43Z,checkout,/v1/pay,POST,201,235
req-004700,2026-03-02T21:49:16Z,checkout,/v1/pay,POST,201,223
req-006720,2026-03-03T16:42:32Z,checkout,/v1/pay,POST,503,150
req-006048,2026-03-03T09:19:09Z,catalog,/v1/items,GET,200,45
req-000168,2026-03-01T01:54:23Z,catalog,/v1/items,GET,204,56
req-007210,2026-03-03T20:29:24Z,catalog,/v1/items,GET,200,46
req-004411,2026-03-02T18:31:59Z,auth,/v1/login,POST,200,66
req-001568,2026-03-01T15:59:09Z,billing,/v1/invoices,GET,204,315
req-006954,2026-03-03T18:32:19Z,auth,/v1/login,POST,204,84
req-004024,2026-03-02T14:06:08Z,catalog,/v1/items,GET,201,22
req-004949,2026-03-02T23:49:19Z,auth,/v1/login,POST,204,101
req-004159,2026-03-02T15:19:23Z,search,/v1/cache,DELETE,201,46
req-006636,2026-03-03T15:14:44Z,search,/v1/query,GET,200,352
req-000310,2026-03-01T02:18:29Z,search,/v1/cache,DELETE,201,72
req-006813,2026-03-03T17:35:00Z,checkout,/v1/pay,POST,200,484
req-000294,2026-03-01T02:44:13Z,catalog,/v1/items,GET,201,59
req-002735,2026-03-02T02:53:04Z,auth,/v1/login,POST,200,81
req-002057,2026-03-01T19:48:11Z,catalog,/v1/items,GET,201,80
req-001487,2026-03-01T14:39:21Z,auth,/v1/login,POST,200,70
req-003624,2026-03-02T10:02:11Z,catalog,/v1/items,GET,200,67
req-006476,2026-03-03T13:24:22Z,catalog,/v1/items,GET,200,74
req-004392,2026-03-02T18:54:33Z,billing,/v1/invoices,GET,200,1846
req-001520,2026-03-01T14:10:32Z,catalog,/v1/items,GET,204,45
req-002646,2026-03-02T01:10:03Z,catalog,/v1/items,GET,204,42
req-006528,2026-03-03T14:57:06Z,billing,/v1/invoices,GET,204,280
req-002796,2026-03-02T03:44:08Z,checkout,/v1/pay,POST,201,219
req-004154,2026-03-02T15:06:52Z,auth,/v1/session,GET,301,55
req-006066,2026-03-03T09:29:57Z,auth,/v1/session,GET,200,38
req-000764,2026-03-01T07:09:39Z,auth,/v1/login,POST,200,48
req-000251,2026-03-01T02:38:45Z,auth,/v1/login,POST,200,73
req-006096,2026-03-03T10:32:02Z,search,/v1/query,GET,200,355
req-002402,2026-03-01T23:34:19Z,checkout,/v1/pay,POST,200,220
req-001598,2026-03-01T15:19:04Z,auth,/v1/login,POST,201,81
req-006127,2026-03-03T10:39:04Z,auth,/v1/login,POST,200,97
req-002982,2026-03-02T04:36:09Z,catalog,/v1/items,PUT,200,87
req-003688,2026-03-02T11:07:42Z,auth,/v1/login,POST,201,86
req-001274,2026-03-01T12:21:12Z,auth,/v1/login,POST,200,99
req-005832,2026-03-03T07:19:53Z,catalog,/v1/items,GET,201,50
req-004613,2026-03-02T20:31:00Z,search,/v1/query,GET,200,302
req-003599,2026-03-02T10:02:03Z,catalog,/v1/items,GET,200,24
req-004387,2026-03-02T18:11:28Z,checkout,/v1/pay,POST,201,455
req-007343,2026-03-03T22:20:49Z,checkout,/v1/pay,POST,201,470
req-001954,2026-03-01T18:29:14Z,catalog,/v1/items,GET,200,59
req-001018,2026-03-01T09:12:50Z,search,/v1/cache,DELETE,204,57
req-005535,2026-03-03T04:12:04Z,auth,/v1/session,GET,302,40
req-003431,2026-03-02T09:00:19Z,checkout,/v1/pay,POST,200,171
req-007315,2026-03-03T21:48:12Z,catalog,/v1/items,GET,201,84
req-000653,2026-03-01T06:52:37Z,auth,/v1/login,POST,200,56
req-005301,2026-03-03T02:01:40Z,catalog,/v1/items,GET,200,26
req-007071,2026-03-03T19:15:00Z,auth,/v1/login,POST,200,88
req-000351,2026-03-01T03:37:37Z,auth,/v1/login,POST,200,52
req-002850,2026-03-02T03:32:59Z,catalog,/v1/items,GET,200,88
req-003161,2026-03-02T06:23:39Z,catalog,/v1/items,GET,200,58
req-005472,2026-03-03T04:26:16Z,auth,/v1/login,POST,201,84
req-002893,2026-03-02T03:48:56Z,search,/v1/cache,DELETE,204,65
req-000199,2026-03-01T01:32:35Z,auth,/v1/session,GET,200,50
req-000003,2026-03-01T00:45:41Z,checkout,/v1/pay,POST,201,177
req-000489,2026-03-01T04:59:53Z,catalog,/v1/items,GET,200,58
req-004542,2026-03-02T19:09:01Z,catalog,/v1/items,GET,204,52
req-004250,2026-03-02T16:44:48Z,catalog,/v1/items,PUT,201,81
req-005826,2026-03-03T07:32:30Z,catalog,/v1/items,GET,201,49
req-002596,2026-03-02T01:11:34Z,checkout,/v1/pay,POST,201,271
req-001779,2026-03-01T17:24:41Z,search,/v1/query,GET,200,195
req-005926,2026-03-03T08:55:43Z,catalog,/v1/items,GET,200,46
req-005719,2026-03-03T06:03:14Z,catalog,/v1/items,GET,201,69
req-001027,2026-03-01T10:54:47Z,checkout,/v1/pay,POST,200,239
req-000870,2026-03-01T08:03:06Z,catalog,/v1/items,GET,201,43
req-003166,2026-03-02T06:16:18Z,catalog,/v1/items,GET,200,41
req-007537,2026-03-03T23:21:28Z,catalog,/v1/items,PUT,404,78
req-002451,2026-03-01T23:56:28Z,catalog,/v1/items,GET,204,38
req-000265,2026-03-01T02:41:04Z,catalog,/v1/items,GET,200,77
req-000063,2026-03-01T00:47:47Z,catalog,/v1/items,GET,200,54
req-004496,2026-03-02T19:02:45Z,checkout,/v1/pay,POST,200,128
req-007093,2026-03-03T19:59:08Z,catalog,/v1/items,GET,201,45
req-002766,2026-03-02T02:30:44Z,catalog,/v1/items,GET,200,48
req-004727,2026-03-02T21:41:15Z,search,/v1/query,GET,200,561
req-005503,2026-03-03T04:31:31Z,catalog,/v1/items,GET,200,82
req-001578,2026-03-01T15:25:59Z,search,/v1/query,GET,200,487
req-005338,2026-03-03T03:06:27Z,billing,/v1/invoices,GET,204,410
req-000094,2026-03-01T00:38:51Z,auth,/v1/session,GET,200,31
req-002929,2026-03-02T04:12:08Z,auth,/v1/login,POST,201,92
req-001962,2026-03-01T18:27:56Z,catalog,/v1/items,PUT,200,53
req-000308,2026-03-01T02:11:59Z,auth,/v1/session,GET,201,46
req-007506,2026-03-03T23:58:40Z,catalog,/v1/items,GET,204,77
req-001137,2026-03-01T11:38:16Z,billing,/v1/invoices,GET,204,1781
req-003647,2026-03-02T11:32:27Z,checkout,/v1/pay,POST,503,341
req-005619,2026-03-03T05:29:10Z,catalog,/v1/items,GET,200,94
req-006793,2026-03-03T16:05:27Z,catalog,/v1/items,PUT,201,65
req-000863,2026-03-01T08:08:13Z,auth,/v1/login,POST,204,77
req-001436,2026-03-01T13:17:06Z,search,/v1/cache,DELETE,201,40
req-005040,2026-03-03T00:28:05Z,auth,/v1/login,POST,201,71
req-000303,2026-03-01T02:37:15Z,catalog,/v1/items,PUT,204,91
req-003925,2026-03-02T13:20:59Z,catalog,/v1/items,GET,201,40
req-002469,2026-03-01T23:50:02Z,catalog,/v1/items,GET,204,42
req-007088,2026-03-03T19:40:25Z,catalog,/v1/items,GET,200,39
req-003111,2026-03-02T06:49:06Z,checkout,/v1/pay,POST,500,238
req-000095,2026-03-01T00:32:41Z,auth,/v1/session,GET,201,44
req-002958,2026-03-02T04:26:50Z,catalog,/v1/items,GET,200,44
req-005267,2026-03-03T02:49:17Z,auth,/v1/login,POST,200,41
req-004109,2026-03-02T15:30:58Z,auth,/v1/login,POST,500,77
req-000779,2026-03-01T07:19:14Z,catalog,/v1/items,GET,200,59
req-005113,2026-03-03T01:45:59Z,checkout,/v1/pay,POST,200,228
req-000743,2026-03-01T07:34:01Z,auth,/v1/login,POST,200,77
req-002521,2026-03-02T00:44:01Z,billing,/v1/invoices,GET,200,349
req-004810,2026-03-02T22:16:33Z,checkout,/v1/pay,POST,503,231
req-004874,2026-03-02T22:15:18Z,catalog,/v1/items,GET,200,63
req-006290,2026-03-03T12:05:48Z,checkout,/v1/pay,POST,201,443
req-006386,2026-03-03T12:08:14Z,search,/v1/cache,DELETE,201,41
req-004880,2026-03-02T22:35:46Z,catalog,/v1/items,GET,201,61
req-004922,2026-03-02T23:37:20Z,billing,/v1/invoices,GET,200,348
req-007321,2026-03-03T21:55:49Z,catalog,/v1/items,PUT,200,66
req-001741,2026-03-01T16:02:04Z,catalog,/v1/items,PUT,201,64
req-002953,2026-03-02T04:31:33Z,catalog,/v1/items,GET,200,40
req-006681,2026-03-03T15:23:00Z,catalog,/v1/items,GET,200,68
req-000091,2026-03-01T00:38:47Z,auth,/v1/session,GET,200,33
req-003246,2026-03-02T07:05:12Z,auth,/v1/login,POST,201,86
req-002578,2026-03-02T00:08:57Z,catalog,/v1/items,GET,200,56
req-002683,2026-03-02T01:08:53Z,auth,/v1/session,GET,200,59
req-002083,2026-03-01T20:52:58Z,checkout,/v1/pay,POST,201,221
req-002612,2026-03-02T01:49:22Z,billing,/v1/invoices,GET,200,369
req-001058,2026-03-01T10:24:36Z,auth,/v1/login,POST,201,49
req-005749,2026-03-03T06:07:16Z,auth,/v1/session,GET,302,57
req-006852,2026-03-03T17:44:57Z,auth,/v1/login,POST,201,87
req-000682,2026-03-01T06:41:37Z,catalog,/v1/items,GET,201,24
req-004306,2026-03-02T17:01:39Z,auth,/v1/login,POST,204,92
req-007103,2026-03-03T19:29:33Z,catalog,/v1/items,GET,200,46
req-001405,2026-03-01T13:08:38Z,catalog,/v1/items,GET,200,86
req-004029,2026-03-02T14:25:22Z,catalog,/v1/items,GET,201,55
req-003606,2026-03-02T10:39:31Z,catalog,/v1/items,GET,201,151
req-003556,2026-03-02T10:22:03Z,billing,/v1/invoices,GET,204,508
req-005830,2026-03-03T07:13:29Z,catalog,/v1/items,GET,200,42
req-000569,2026-03-01T05:26:28Z,catalog,/v1/items,GET,201,62
req-007535,2026-03-03T23:46:36Z,catalog,/v1/items,PUT,403,203
req-004471,2026-03-02T18:21:34Z,catalog,/v1/items,PUT,200,93
req-000185,2026-03-01T01:35:35Z,catalog,/v1/items,GET,200,53
req-005389,2026-03-03T03:53:10Z,catalog,/v1/items,GET,201,86
req-007047,2026-03-03T19:15:53Z,search,/v1/query,GET,204,423
req-004683,2026-03-02T20:34:57Z,catalog,/v1/items,PUT,404,81
req-004931,2026-03-02T23:26:59Z,search,/v1/query,GET,200,360
req-005330,2026-03-03T03:59:54Z,checkout,/v1/pay,POST,204,267
req-000891,2026-03-01T08:24:27Z,catalog,/v1/items,GET,201,73
req-004092,2026-03-02T15:30:07Z,search,/v1/query,GET,204,356
req-006043,2026-03-03T09:39:53Z,catalog,/v1/items,GET,200,45
req-007159,2026-03-03T20:14:34Z,search,/v1/query,GET,201,379
req-007357,2026-03-03T22:48:06Z,billing,/v1/invoices,GET,200,1846
req-004061,2026-03-02T15:53:48Z,checkout,/v1/pay,POST,200,143
req-004726,2026-03-02T21:20:01Z,search,/v1/query,GET,200,507
req-007306,2026-03-03T21:18:29Z,catalog,/v1/items,GET,200,75
req-006980,2026-03-03T18:11:39Z,catalog,/v1/items,GET,204,73
req-005813,2026-03-03T07:52:23Z,auth,/v1/login,POST,200,57
req-001604,2026-03-01T15:29:52Z,catalog,/v1/items,GET,200,44
req-007257,2026-03-03T21:41:30Z,search,/v1/query,GET,200,355
req-003650,2026-03-02T11:16:57Z,checkout,/v1/pay,POST,200,109
req-000050,2026-03-01T00:35:45Z,auth,/v1/login,POST,400,112
req-001498,2026-03-01T14:07:03Z,auth,/v1/login,POST,200,81
req-003316,2026-03-02T07:01:25Z,search,/v1/cache,DELETE,200,71
req-006342,2026-03-03T12:08:36Z,catalog,/v1/items,GET,200,75
req-004943,2026-03-02T23:40:29Z,auth,/v1/login,POST,200,41
req-007449,2026-03-03T23:42:11Z,checkout,/v1/pay,POST,201,151
req-005265,2026-03-03T02:49:41Z,auth,/v1/login,POST,200,69
req-001421,2026-03-01T13:26:49Z,catalog,/v1/items,PUT,400,90
req-001182,2026-03-01T11:33:37Z,catalog,/v1/items,GET,201,53
req-003248,2026-03-02T07:41:24Z,auth,/v1/login,POST,200,77
req-006427,2026-03-03T13:16:25Z,auth,/v1/login,POST,204,92
req-004256,2026-03-02T16:35:24Z,auth,/v1/session,GET,200,32
req-004004,2026-03-02T14:04:35Z,auth,/v1/login,POST,200,55
req-001491,2026-03-01T14:09:49Z,auth,/v1/login,POST,201,95
req-005384,2026-03-03T03:36:03Z,catalog,/v1/items,GET,200,73
req-007261,2026-03-03T21:02:48Z,auth,/v1/login,POST,200,67
req-001500,2026-03-01T14:08:07Z,auth,/v1/login,POST,201,74
req-000904,2026-03-01T08:36:03Z,catalog,/v1/items,PUT,204,184
req-003074,2026-03-02T05:33:31Z,catalog,/v1/items,GET,200,120
req-004915,2026-03-02T23:24:32Z,checkout,/v1/pay,POST,200,306
req-000634,2026-03-01T06:16:35Z,billing,/v1/invoices,GET,200,406
req-005315,2026-03-03T02:28:23Z,auth,/v1/session,GET,201,46
req-004670,2026-03-02T20:43:34Z,catalog,/v1/items,GET,200,79
req-007274,2026-03-03T21:51:05Z,auth,/v1/login,POST,200,94
req-005598,2026-03-03T05:35:23Z,auth,/v1/login,POST,204,92
req-000101,2026-03-01T01:12:05Z,checkout,/v1/pay,POST,204,227
req-003747,2026-03-02T11:59:47Z,search,/v1/cache,DELETE,504,56
req-006363,2026-03-03T12:01:09Z,catalog,/v1/items,GET,204,73
req-001854,2026-03-01T17:25:49Z,catalog,/v1/items,PUT,201,137
req-007239,2026-03-03T21:34:48Z,checkout,/v1/pay,POST,204,120
req-006728,2026-03-03T16:39:27Z,billing,/v1/invoices,GET,204,272
req-002963,2026-03-02T04:43:11Z,catalog,/v1/items,GET,200,51
req-005386,2026-03-03T03:37:58Z,catalog,/v1/items,GET,200,66
req-004684,2026-03-02T20:56:54Z,catalog,/v1/items,PUT,200,87
req-002713,2026-03-02T02:49:37Z,search,/v1/query,GET,200,254
req-003229,2026-03-02T07:22:12Z,billing,/v1/invoices,GET,201,399
req-001026,2026-03-01T10:50:07Z,checkout,/v1/pay,POST,200,205
req-007098,2026-03-03T19:36:59Z,catalog,/v1/items,GET,201,65
req-001400,2026-03-01T13:41:10Z,catalog,/v1/items,GET,200,68
req-006232,2026-03-03T11:12:23Z,auth,/v1/login,POST,200,61
req-000491,2026-03-01T04:36:12Z,catalog,/v1/items,PUT,201,92
req-005239,2026-03-03T02:13:13Z,search,/v1/query,GET,201,274
req-004582,2026-03-02T19:58:33Z,search,/v1/cache,DELETE,200,38
req-006439,2026-03-03T13:23:20Z,auth,/v1/login,POST,201,97
req-006555,2026-03-03T14:52:51Z,auth,/v1/login,POST,200,97
req-002559,2026-03-02T00:34:18Z,catalog,/v1/items,GET,200,70
req-006302,2026-03-03T12:09:52Z,checkout,/v1/pay,POST,200,218
req-006033,2026-03-03T09:59:36Z,catalog,/v1/items,GET,204,45
req-003040,2026-03-02T05:17:24Z,auth,/v1/login,POST,200,64
req-000076,2026-03-01T00:57:32Z,catalog,/v1/items,GET,201,59
req-003140,2026-03-02T06:24:48Z,auth,/v1/login,POST,204,85
req-006939,2026-03-03T18:46:01Z,billing,/v1/invoices,GET,503,396
req-003816,2026-03-02T12:05:42Z,catalog,/v1/items,GET,201,54
req-000994,2026-03-01T09:21:41Z,catalog,/v1/items,GET,200,61
req-002161,2026-03-01T20:10:19Z,catalog,/v1/items,GET,200,76
req-004939,2026-03-02T23:45:57Z,auth,/v1/login,POST,200,73
req-002448,2026-03-01T23:00:10Z,catalog,/v1/items,GET,201,60
req-000540,2026-03-01T05:17:41Z,search,/v1/query,GET,200,397
req-005331,2026-03-03T03:50:03Z,checkout,/v1/pay,POST,504,123
req-002025,2026-03-01T19:02:22Z,auth,/v1/login,POST,201,33
req-001184,2026-03-01T11:04:23Z,catalog,/v1/items,GET,204,50
req-004583,2026-03-02T19:06:45Z,search,/v1/cache,DELETE,204,56
req-003867,2026-03-02T13:48:58Z,checkout,/v1/pay,POST,503,286
req-000126,2026-03-01T01:25:52Z,search,/v1/query,GET,200,254
req-003481,2026-03-02T09:15:28Z,auth,/v1/login,POST,204,102
req-003474,2026-03-02T09:05:34Z,auth,/v1/login,POST,200,90
req-001047,2026-03-01T10:48:02Z,search,/v1/query,GET,200,355
req-004177,2026-03-02T16:15:30Z,billing,/v1/invoices,GET,204,508
req-000180,2026-03-01T01:24:38Z,catalog,/v1/items,GET,204,61
req-005270,2026-03-03T02:28:42Z,catalog,/v1/items,GET,200,45
req-005334,2026-03-03T03:31:28Z,checkout,/v1/pay,POST,204,196
req-000488,2026-03-01T04:52:50Z,catalog,/v1/items,GET,200,74
req-007208,2026-03-03T20:19:44Z,catalog,/v1/items,GET,204,66
req-004063,2026-03-02T15:16:09Z,checkout,/v1/pay,POST,201,276
req-006214,2026-03-03T11:18:00Z,auth,/v1/login,POST,200,77
req-000302,2026-03-01T02:17:59Z,catalog,/v1/items,PUT,200,131
req-006737,2026-03-03T16:40:03Z,search,/v1/query,GET,200,292
req-004102,2026-03-02T15:06:34Z,auth,/v1/login,POST,200,99
req-004658,2026-03-02T20:44:27Z,catalog,/v1/items,GET,201,73
req-001909,2026-03-01T18:50:30Z,auth,/v1/login,POST,200,71
req-007297,2026-03-03T21:36:45Z,catalog,/v1/items,GET,200,127
req-003175,2026-03-02T06:28:47Z,catalog,/v1/items,GET,201,60
req-004395,2026-03-02T18:05:25Z,billing,/v1/invoices,GET,200,545
req-002241,2026-03-01T21:29:17Z,catalog,/v1/items,GET,204,66
req-000840,2026-03-01T08:10:43Z,search,/v1/query,GET,204,143
req-001016,2026-03-01T09:34:37Z,search,/v1/cache,DELETE,200,38
req-006204,2026-03-03T11:03:59Z,search,/v1/query,GET,200,500
req-004707,2026-03-02T21:46:16Z,checkout,/v1/pay,POST,204,301
req-002506,2026-03-02T00:26:12Z,checkout,/v1/pay,POST,200,198
req-001849,2026-03-01T17:51:22Z,catalog,/v1/items,PUT,200,94
req-002779,2026-03-02T02:55:12Z,catalog,/v1/items,PUT,401,110
req-006062,2026-03-03T09:06:31Z,auth,/v1/session,GET,201,52
req-005435,2026-03-03T04:15:06Z,checkout,/v1/pay,POST,204,135
req-004769,2026-03-02T21:52:06Z,catalog,/v1/items,GET,200,65
req-000060,2026-03-01T00:16:11Z,catalog,/v1/items,GET,200,37
req-006854,2026-03-03T17:31:33Z,auth,/v1/login,POST,200,90
req-005835,2026-03-03T07:04:23Z,catalog,/v1/items,GET,204,58
req-001071,2026-03-01T10:12:01Z,auth,/v1/login,POST,201,100
req-006696,2026-03-03T15:56:31Z,catalog,/v1/items,PUT,200,86
req-001574,2026-03-01T15:30:39Z,search,/v1/query,GET,403,367
req-003578,2026-03-02T10:32:58Z,auth,/v1/login,POST,201,117
req-000387,2026-03-01T03:53:44Z,catalog,/v1/items,GET,201,85
req-007224,2026-03-03T20:12:30Z,auth,/v1/session,GET,200,47
req-006188,2026-03-03T11:19:33Z,checkout,/v1/pay,POST,200,304
req-001417,2026-03-01T13:08:16Z,catalog,/v1/items,GET,200,46
req-006419,2026-03-03T13:39:18Z,search,/v1/query,GET,200,394
req-006056,2026-03-03T09:16:03Z,catalog,/v1/items,PUT,201,74
req-000941,2026-03-01T09:39:10Z,search,/v1/query,GET,200,323
req-002791,2026-03-02T03:56:23Z,checkout,/v1/pay,POST,204,199
req-001840,2026-03-01T17:29:37Z,catalog,/v1/items,GET,204,56
req-002199,2026-03-01T21:06:47Z,billing,/v1/invoices,GET,204,336
req-002443,2026-03-01T23:48:28Z,auth,/v1/login,POST,200,53
req-003918,2026-03-02T13:27:22Z,catalog,/v1/items,GET,201,70
req-000572,2026-03-01T05:39:07Z,catalog,/v1/items,GET,201,63
req-005702,2026-03-03T06:04:20Z,auth,/v1/login,POST,201,82
req-006725,2026-03-03T16:28:09Z,billing,/v1/invoices,GET,504,527
req-004737,2026-03-02T21:46:04Z,auth,/v1/login,POST,200,187
req-001639,2026-03-01T15:43:40Z,catalog,/v1/items,PUT,200,116
req-005777,2026-03-03T07:52:40Z,billing,/v1/invoices,GET,200,504
req-003063,2026-03-02T05:49:04Z,catalog,/v1/items,GET,200,48
req-002347,2026-03-01T22:42:36Z,catalog,/v1/items,GET,200,48
req-006213,2026-03-03T11:35:56Z,auth,/v1/login,POST,200,89
req-002647,2026-03-02T01:07:13Z,catalog,/v1/items,GET,200,57
req-004983,2026-03-02T23:13:34Z,catalog,/v1/items,GET,200,53
req-001932,2026-03-01T18:21:32Z,catalog,/v1/items,GET,200,46
req-000586,2026-03-01T05:43:33Z,catalog,/v1/items,GET,204,89
req-003169,2026-03-02T06:02:32Z,catalog,/v1/items,GET,200,58
req-001172,2026-03-01T11:17:57Z,catalog,/v1/items,GET,201,65
req-001570,2026-03-01T15:31:54Z,search,/v1/query,GET,201,386
req-004592,2026-03-02T20:00:48Z,checkout,/v1/pay,POST,504,223
req-003425,2026-03-02T08:03:12Z,auth,/v1/session,GET,302,44
req-003600,2026-03-02T10:29:22Z,catalog,/v1/items,GET,200,59
req-006437,2026-03-03T13:41:28Z,auth,/v1/login,POST,204,82
req-004233,2026-03-02T16:47:05Z,catalog,/v1/items,GET,200,70
req-005002,2026-03-02T23:27:49Z,search,/v1/cache,DELETE,200,37
req-006611,2026-03-03T15:16:23Z,checkout,/v1/pay,POST,502,483
req-003141,2026-03-02T06:13:01Z,auth,/v1/login,POST,201,48
req-004137,2026-03-02T15:42:06Z,catalog,/v1/items,GET,200,71
req-001200,2026-03-01T11:01:17Z,catalog,/v1/items,GET,204,67
req-000078,2026-03-01T00:15:17Z,catalog,/v1/items,GET,200,52
req-000119,2026-03-01T01:10:50Z,billing,/v1/invoices,GET,204,280
req-000563,2026-03-01T05:37:19Z,auth,/v1/login,POST,200,56
req-004045,2026-03-02T14:42:52Z,catalog,/v1/items,PUT,204,89
req-000594,2026-03-01T05:52:05Z,catalog,/v1/items,GET,200,39
req-000942,2026-03-01T09:38:51Z,search,/v1/query,GET,200,456
req-000297,2026-03-01T02:41:51Z,catalog,/v1/items,GET,200,36
req-006360,2026-03-03T12:00:00Z,catalog,/v1/items,GET,200,34
req-006353,2026-03-03T12:43:12Z,catalog,/v1/items,GET,200,66
req-002027,2026-03-01T19:21:06Z,catalog,/v1/items,GET,200,79
req-001644,2026-03-01T15:26:29Z,auth,/v1/session,GET,201,53
req-002793,2026-03-02T03:29:32Z,checkout,/v1/pay,POST,204,202
req-004082,2026-03-02T15:49:23Z,billing,/v1/invoices,GET,204,487
req-006976,2026-03-03T18:21:32Z,catalog,/v1/items,GET,204,64
req-005508,2026-03-03T04:41:55Z,catalog,/v1/items,GET,200,62
req-006904,2026-03-03T17:40:57Z,catalog,/v1/items,PUT,204,75
req-006491,2026-03-03T13:18:35Z,catalog,/v1/items,PUT,201,74
req-006753,2026-03-03T16:05:41Z,auth,/v1/login,POST,200,58
req-007252,2026-03-03T21:37:51Z,search,/v1/query,GET,200,340
req-001948,2026-03-01T18:38:37Z,catalog,/v1/items,GET,200,36
req-003831,2026-03-02T12:42:06Z,catalog,/v1/items,GET,204,66
req-001143,2026-03-01T11:28:31Z,search,/v1/query,GET,204,275
req-007411,2026-03-03T22:35:45Z,catalog,/v1/items,GET,200,59
req-003277,2026-03-02T07:43:34Z,catalog,/v1/items,GET,201,67
req-005335,2026-03-03T03:07:37Z,checkout,/v1/pay,POST,200,153
req-005799,2026-03-03T07:31:51Z,auth,/v1/login,POST,200,55
req-001674,2026-03-01T16:06:13Z,billing,/v1/invoices,GET,200,416
req-005990,2026-03-03T09:20:22Z,search,/v1/query,GET,200,395
req-006637,2026-03-03T15:09:20Z,search,/v1/query,GET,502,356
req-006128,2026-03-03T10:53:42Z,auth,/v1/login,POST,204,97
req-006883,2026-03-03T17:07:58Z,catalog,/v1/items,GET,200,67
req-002845,2026-03-02T03:29:04Z,auth,/v1/login,POST,200,148
req-006682,2026-03-03T15:27:26Z,catalog,/v1/items,GET,200,48
req-001211,2026-03-01T11:10:50Z,catalog,/v1/items,PUT,204,115
req-007446,2026-03-03T23:03:09Z,checkout,/v1/pay,POST,200,213
req-006674,2026-03-03T15:02:27Z,catalog,/v1/items,GET,200,43
req-001576,2026-03-01T15:13:01Z,search,/v1/query,GET,200,138
req-005794,2026-03-03T07:30:49Z,auth,/v1/login,POST,204,52
req-006773,2026-03-03T16:09:38Z,catalog,/v1/items,GET,200,33
req-003053,2026-03-02T05:34:18Z,auth,/v1/login,POST,204,93
req-004383,2026-03-02T18:52:41Z,checkout,/v1/pay,POST,204,249
req-005411,2026-03-03T03:35:42Z,catalog,/v1/items,GET,204,68
req-006639,2026-03-03T15:59:24Z,auth,/v1/login,POST,200,68
req-003391,2026-03-02T08:56:48Z,catalog,/v1/items,GET,200,67
req-006374,2026-03-03T12:45:16Z,catalog,/v1/items,PUT,200,98
req-004545,2026-03-02T19:10:53Z,catalog,/v1/items,GET,204,62
req-001969,2026-03-01T18:28:07Z,auth,/v1/session,GET,201,43
req-005275,2026-03-03T02:09:05Z,catalog,/v1/items,GET,201,64
req-007197,2026-03-03T20:33:19Z,catalog,/v1/items,GET,204,58
req-003923,2026-03-02T13:14:55Z,catalog,/v1/items,GET,200,69
req-003062,2026-03-02T05:16:58Z,catalog,/v1/items,GET,200,48
req-002447,2026-03-01T23:43:27Z,catalog,/v1/items,GET,200,51
req-006574,2026-03-03T14:01:33Z,catalog,/v1/items,GET,200,64
req-004254,2026-03-02T16:10:44Z,catalog,/v1/items,PUT,200,68
req-002711,2026-03-02T02:42:01Z,billing,/v1/invoices,GET,200,2106
req-000107,2026-03-01T01:18:14Z,checkout,/v1/pay,POST,204,207
req-004610,2026-03-02T20:21:01Z,search,/v1/query,GET,204,439
req-006645,2026-03-03T15:33:44Z,auth,/v1/login,POST,200,58
req-002066,2026-03-01T19:56:49Z,catalog,/v1/items,PUT,201,184
req-006393,2026-03-03T13:59:14Z,checkout,/v1/pay,POST,201,219
req-002337,2026-03-01T22:55:16Z,auth,/v1/login,POST,200,89
req-000608,2026-03-01T05:18:43Z,auth,/v1/session,GET,200,36
req-005959,2026-03-03T08:39:10Z,auth,/v1/session,GET,200,58
req-001409,2026-03-01T13:32:38Z,catalog,/v1/items,GET,200,51
req-000301,2026-03-01T02:18:45Z,catalog,/v1/items,PUT,200,99
req-004863,2026-03-02T22:16:29Z,catalog,/v1/items,GET,204,73
req-001281,2026-03-01T12:31:51Z,catalog,/v1/items,GET,200,83
req-007364,2026-03-03T22:33:26Z,search,/v1/query,GET,200,163
req-000008,2026-03-01T00:45:04Z,checkout,/v1/pay,POST,502,327
req-003770,2026-03-02T12:34:30Z,search,/v1/query,GET,200,264
req-006784,2026-03-03T16:17:42Z,catalog,/v1/items,GET,200,46
req-005517,2026-03-03T04:16:36Z,catalog,/v1/items,GET,200,43
req-002162,2026-03-01T20:31:38Z,catalog,/v1/items,GET,200,52
req-005325,2026-03-03T03:50:47Z,checkout,/v1/pay,POST,204,149
req-000400,2026-03-01T03:25:40Z,catalog,/v1/items,PUT,201,85
req-006178,2026-03-03T10:25:11Z,search,/v1/cache,DELETE,200,71
req-001916,2026-03-01T18:25:30Z,auth,/v1/login,POST,200,13
req-003456,2026-03-02T09:59:50Z,search,/v1/query,GET,200,294
req-001069,2026-03-01T10:26:20Z,auth,/v1/login,POST,200,78
req-001444,2026-03-01T14:17:49Z,checkout,/v1/pay,POST,503,221
req-007259,2026-03-03T21:07:14Z,search,/v1/query,GET,403,380
req-007104,2026-03-03T19:34:07Z,catalog,/v1/items,GET,204,133
req-006668,2026-03-03T15:08:02Z,catalog,/v1/items,GET,201,56
req-007201,2026-03-03T20:57:31Z,catalog,/v1/items,GET,200,54
req-006185,2026-03-03T11:59:44Z,checkout,/v1/pay,POST,200,197
req-005565,2026-03-03T05:50:37Z,billing,/v1/invoices,GET,204,620
req-005342,2026-03-03T03:23:24Z,billing,/v1/invoices,GET,200,490
req-003904,2026-03-02T13:29:58Z,auth,/v1/login,POST,200,98
req-001623,2026-03-01T15:09:49Z,catalog,/v1/items,GET,200,58
req-006947,2026-03-03T18:19:21Z,search,/v1/query,GET,502,1595
req-004312,2026-03-02T17:41:07Z,auth,/v1/login,POST,201,41
req-000783,2026-03-01T07:44:44Z,catalog,/v1/items,GET,204,84
req-004882,2026-03-02T22:45:56Z,catalog,/v1/items,GET,201,66
req-005205,2026-03-03T01:37:07Z,auth,/v1/session,GET,200,42
req-002960,2026-03-02T04:00:07Z,catalog,/v1/items,GET,200,50
req-002641,2026-03-02T01:15:50Z,auth,/v1/login,POST,200,94
req-007329,2026-03-03T21:26:18Z,auth,/v1/session,GET,301,38
req-004150,2026-03-02T15:53:07Z,catalog,/v1/items,PUT,200,75
req-001582,2026-03-01T15:16:37Z,auth,/v1/login,POST,204,47
req-004492,2026-03-02T19:48:41Z,checkout,/v1/pay,POST,201,157
req-004401,2026-03-02T18:57:25Z,search,/v1/query,GET,200,387
req-007365,2026-03-03T22:02:25Z,search,/v1/query,GET,201,225
req-003200,2026-03-02T06:15:46Z,auth,/v1/session,GET,204,35
req-004498,2026-03-02T19:47:45Z,checkout,/v1/pay,POST,200,203
req-006303,2026-03-03T12:44:23Z,checkout,/v1/pay,POST,204,248
req-004614,2026-03-02T20:08:30Z,search,/v1/query,GET,204,240
req-002861,2026-03-02T03:49:20Z,catalog,/v1/items,GET,200,56
req-004596,2026-03-02T20:01:10Z,checkout,/v1/pay,POST,200,270
req-007505,2026-03-03T23:48:40Z,catalog,/v1/items,GET,200,62
req-000249,2026-03-01T02:51:33Z,auth,/v1/login,POST,201,50
req-001056,2026-03-01T10:21:10Z,auth,/v1/login,POST,201,86
req-004764,2026-03-02T21:07:30Z,catalog,/v1/items,GET,504,71
req-005992,2026-03-03T09:50:11Z,search,/v1/query,GET,204,1668
req-003914,2026-03-02T13:40:33Z,catalog,/v1/items,GET,200,65
req-001663,2026-03-01T16:11:41Z,checkout,/v1/pay,POST,503,209
req-002749,2026-03-02T02:21:37Z,catalog,/v1/items,GET,200,55
req-000476,2026-03-01T04:35:47Z,catalog,/v1/items,GET,200,61
req-001139,2026-03-01T11:19:39Z,billing,/v1/invoices,GET,201,423
req-001971,2026-03-01T18:07:05Z,search,/v1/cache,DELETE,204,65
req-001040,2026-03-01T10:17:48Z,billing,/v1/invoices,GET,200,250
req-001943,2026-03-01T18:08:29Z,catalog,/v1/items,GET,401,71
req-005053,2026-03-03T00:39:54Z,auth,/v1/login,POST,200,54
req-005028,2026-03-03T00:47:56Z,search,/v1/query,GET,500,421
req-007428,2026-03-03T22:42:16Z,catalog,/v1/items,PUT,200,204
req-000100,2026-03-01T01:13:22Z,checkout,/v1/pay,POST,204,218
req-002843,2026-03-02T03:42:05Z,auth,/v1/login,POST,200,85
req-005287,2026-03-03T02:32:52Z,catalog,/v1/items,GET,200,91
req-007200,2026-03-03T20:01:53Z,catalog,/v1/items,GET,200,61
req-000853,2026-03-01T08:30:09Z,auth,/v1/login,POST,204,44
req-006405,2026-03-03T13:09:32Z,checkout,/v1/pay,POST,503,320
req-007578,2026-03-01T20:44:00Z,billing,/v1/refund,POST,200,213
req-000372,2026-03-01T03:22:35Z,catalog,/v1/items,GET,204,77
req-006638,2026-03-03T15:16:00Z,search,/v1/query,GET,503,462
req-006305,2026-03-03T12:25:57Z,billing,/v1/invoices,GET,204,310
req-005819,2026-03-03T07:39:21Z,catalog,/v1/items,GET,200,49
req-003670,2026-03-02T11:57:16Z,search,/v1/query,GET,204,285
req-002355,2026-03-01T22:02:05Z,catalog,/v1/items,GET,200,65
req-005263,2026-03-03T02:37:24Z,auth,/v1/login,POST,204,103
req-000864,2026-03-01T08:54:38Z,auth,/v1/login,POST,200,85
req-001237,2026-03-01T12:39:28Z,billing,/v1/invoices,GET,204,589
req-005983,2026-03-03T09:30:55Z,billing,/v1/invoices,GET,200,350
req-005872,2026-03-03T08:05:29Z,checkout,/v1/pay,POST,200,171
req-004073,2026-03-02T15:00:37Z,checkout,/v1/pay,POST,204,174
req-001942,2026-03-01T18:27:36Z,catalog,/v1/items,GET,201,41
req-004163,2026-03-02T16:30:42Z,checkout,/v1/pay,POST,200,224
req-005153,2026-03-03T01:06:53Z,auth,/v1/login,POST,200,95
req-003800,2026-03-02T12:58:45Z,auth,/v1/login,POST,204,91
req-000988,2026-03-01T09:03:09Z,catalog,/v1/items,GET,200,69
req-003992,2026-03-02T14:06:18Z,auth,/v1/login,POST,200,63
req-007383,2026-03-03T22:52:45Z,auth,/v1/login,POST,200,91
req-006115,2026-03-03T10:44:20Z,auth,/v1/login,POST,200,103
req-005523,2026-03-03T04:45:01Z,catalog,/v1/items,GET,200,74
req-001121,2026-03-01T11:46:46Z,checkout,/v1/pay,POST,200,205
req-001011,2026-03-01T09:27:55Z,auth,/v1/session,GET,200,48
req-005011,2026-03-03T00:17:05Z,checkout,/v1/pay,POST,200,169
req-007492,2026-03-03T23:38:47Z,auth,/v1/login,POST,204,94
req-004035,2026-03-02T14:02:31Z,catalog,/v1/items,GET,200,58
req-004431,2026-03-02T18:30:02Z,catalog,/v1/items,GET,201,49
req-003303,2026-03-02T07:54:40Z,catalog,/v1/items,PUT,200,104
req-005863,2026-03-03T08:22:31Z,checkout,/v1/pay,POST,200,234
req-000900,2026-03-01T08:05:15Z,catalog,/v1/items,GET,200,40
req-001618,2026-03-01T15:44:39Z,catalog,/v1/items,GET,200,56
req-000834,2026-03-01T08:11:07Z,search,/v1/query,GET,200,358
req-000057,2026-03-01T00:29:22Z,catalog,/v1/items,GET,200,87
req-002032,2026-03-01T19:47:51Z,catalog,/v1/items,GET,200,56
req-006956,2026-03-03T18:16:33Z,auth,/v1/login,POST,400,95
req-007427,2026-03-03T22:30:12Z,catalog,/v1/items,PUT,200,82
req-002964,2026-03-02T04:42:54Z,catalog,/v1/items,GET,200,62
req-001933,2026-03-01T18:43:35Z,catalog,/v1/items,GET,200,57
req-000907,2026-03-01T08:42:28Z,catalog,/v1/items,PUT,200,103
req-005128,2026-03-03T01:21:33Z,search,/v1/query,GET,204,488
req-001683,2026-03-01T16:12:21Z,auth,/v1/login,POST,200,75
req-002067,2026-03-01T19:02:59Z,catalog,/v1/items,PUT,200,82
req-003847,2026-03-02T12:14:03Z,auth,/v1/session,GET,302,29
req-006881,2026-03-03T17:22:06Z,catalog,/v1/items,GET,204,144
req-003622,2026-03-02T10:31:15Z,catalog,/v1/items,GET,200,46
req-005707,2026-03-03T06:55:38Z,auth,/v1/login,POST,200,69
req-000463,2026-03-01T04:49:49Z,catalog,/v1/items,GET,200,89
req-007150,2026-03-03T20:14:06Z,search,/v1/query,GET,204,254
req-001841,2026-03-01T17:22:55Z,catalog,/v1/items,GET,201,66
req-004888,2026-03-02T22:14:04Z,catalog,/v1/items,PUT,200,70
req-000195,2026-03-01T01:31:38Z,catalog,/v1/items,PUT,204,73
req-002171,2026-03-01T20:15:31Z,catalog,/v1/items,PUT,200,120
req-004486,2026-03-02T19:05:45Z,checkout,/v1/pay,POST,200,206
req-000174,2026-03-01T01:22:50Z,catalog,/v1/items,GET,200,83
req-001014,2026-03-01T09:18:33Z,auth,/v1/session,GET,301,41
req-005698,2026-03-03T06:44:00Z,auth,/v1/login,POST,500,95
req-003448,2026-03-02T09:48:05Z,billing,/v1/invoices,GET,200,359
req-002249,2026-03-01T21:44:27Z,catalog,/v1/items,GET,200,63
req-001566,2026-03-01T15:40:40Z,billing,/v1/invoices,GET,200,109
req-001509,2026-03-01T14:52:47Z,catalog,/v1/items,GET,200,65
req-001878,2026-03-01T18:44:49Z,checkout,/v1/pay,POST,200,289
req-000949,2026-03-01T09:33:28Z,search,/v1/query,GET,204,483
req-007269,2026-03-03T21:39:40Z,auth,/v1/login,POST,201,116
req-000772,2026-03-01T07:15:36Z,catalog,/v1/items,GET,204,76
req-002165,2026-03-01T20:21:40Z,catalog,/v1/items,PUT,204,102
req-006226,2026-03-03T11:33:30Z,auth,/v1/login,POST,204,72
req-000315,2026-03-01T03:24:15Z,checkout,/v1/pay,POST,200,217
req-003360,2026-03-02T08:48:36Z,auth,/v1/login,POST,200,99
req-002890,2026-03-02T03:40:48Z,auth,/v1/session,GET,201,40
req-004749,2026-03-02T21:54:36Z,auth,/v1/login,POST,200,117
req-005278,2026-03-03T02:40:06Z,catalog,/v1/items,GET,204,39
req-001252,2026-03-01T12:44:14Z,auth,/v1/login,POST,201,66
req-004519,2026-03-02T19:01:53Z,auth,/v1/login,POST,201,97
req-004248,2026-03-02T16:06:01Z,catalog,/v1/items,PUT,200,105
req-006252,2026-03-03T11:20:24Z,catalog,/v1/items,GET,200,72
req-006390,2026-03-03T13:31:18Z,checkout,/v1/pay,POST,200,119
req-007414,2026-03-03T22:04:22Z,catalog,/v1/items,GET,200,63
req-000902,2026-03-01T08:46:21Z,catalog,/v1/items,PUT,200,87
req-006270,2026-03-03T11:02:41Z,catalog,/v1/items,PUT,201,218
req-006053,2026-03-03T09:03:53Z,catalog,/v1/items,GET,204,60
req-005269,2026-03-03T02:21:20Z,catalog,/v1/items,GET,200,63
req-001747,2026-03-01T16:56:46Z,auth,/v1/session,GET,204,46
req-006065,2026-03-03T09:56:30Z,auth,/v1/session,GET,200,49
req-002209,2026-03-01T21:56:51Z,search,/v1/query,GET,200,566
req-005860,2026-03-03T08:48:38Z,checkout,/v1/pay,POST,504,299
req-000335,2026-03-01T03:34:13Z,search,/v1/query,GET,200,386
req-007445,2026-03-03T23:15:35Z,checkout,/v1/pay,POST,200,119
req-004912,2026-03-02T23:06:19Z,checkout,/v1/pay,POST,200,278
req-000558,2026-03-01T05:00:28Z,auth,/v1/login,POST,200,105
req-004601,2026-03-02T20:11:24Z,checkout,/v1/pay,POST,200,151
req-005562,2026-03-03T05:17:22Z,checkout,/v1/pay,POST,200,217
req-002730,2026-03-02T02:04:28Z,auth,/v1/login,POST,200,85
req-003960,2026-03-02T13:30:52Z,search,/v1/cache,DELETE,204,60
req-001501,2026-03-01T14:03:44Z,catalog,/v1/items,GET,201,45
req-002419,2026-03-01T23:24:22Z,search,/v1/query,GET,200,320
req-001890,2026-03-01T18:22:48Z,search,/v1/query,GET,200,332
req-002834,2026-03-02T03:00:45Z,auth,/v1/login,POST,200,62
req-006676,2026-03-03T15:15:39Z,catalog,/v1/items,GET,204,48
req-004477,2026-03-02T18:27:45Z,auth,/v1/session,GET,200,62
req-004173,2026-03-02T16:29:02Z,checkout,/v1/pay,POST,200,106
req-002819,2026-03-02T03:50:00Z,search,/v1/query,GET,204,463
req-007340,2026-03-03T22:31:57Z,checkout,/v1/pay,POST,502,485
req-005437,2026-03-03T04:53:01Z,checkout,/v1/pay,POST,500,199
req-002230,2026-03-01T21:51:06Z,auth,/v1/login,POST,200,47
req-001003,2026-03-01T09:51:46Z,catalog,/v1/items,PUT,201,81
req-001919,2026-03-01T18:04:21Z,auth,/v1/login,POST,200,86
req-005944,2026-03-03T08:04:55Z,catalog,/v1/items,GET,200,67
req-003937,2026-03-02T13:56:09Z,catalog,/v1/items,GET,200,80
req-006018,2026-03-03T09:41:35Z,catalog,/v1/items,GET,201,57
req-003551,2026-03-02T10:42:23Z,billing,/v1/invoices,GET,201,192
req-006550,2026-03-03T14:52:14Z,auth,/v1/login,POST,200,120
req-002313,2026-03-01T22:16:33Z,search,/v1/query,GET,201,281
req-004506,2026-03-02T19:54:11Z,billing,/v1/invoices,GET,200,1923
req-003158,2026-03-02T06:49:17Z,catalog,/v1/items,GET,200,37
req-004166,2026-03-02T16:03:26Z,checkout,/v1/pay,POST,200,216
req-005783,2026-03-03T07:30:36Z,search,/v1/query,GET,204,374
req-003358,2026-03-02T08:35:21Z,auth,/v1/login,POST,200,95
req-006202,2026-03-03T11:43:23Z,search,/v1/query,GET,200,364
req-002065,2026-03-01T19:06:55Z,catalog,/v1/items,PUT,200,117
req-002712,2026-03-02T02:51:05Z,billing,/v1/invoices,GET,204,286
req-003235,2026-03-02T07:39:19Z,search,/v1/query,GET,502,397
req-007000,2026-03-03T18:52:40Z,catalog,/v1/items,GET,201,56
req-000002,2026-03-01T00:27:02Z,checkout,/v1/pay,POST,502,163
req-002434,2026-03-01T23:14:27Z,auth,/v1/login,POST,400,97
req-001830,2026-03-01T17:58:05Z,catalog,/v1/items,GET,200,85
req-003434,2026-03-02T09:10:21Z,checkout,/v1/pay,POST,200,202
req-007214,2026-03-03T20:10:12Z,catalog,/v1/items,PUT,204,115
req-005875,2026-03-03T08:12:43Z,checkout,/v1/pay,POST,200,227
req-000972,2026-03-01T09:04:24Z,catalog,/v1/items,GET,200,60
req-003490,2026-03-02T09:41:54Z,catalog,/v1/items,GET,200,40
req-004478,2026-03-02T18:40:19Z,auth,/v1/session,GET,200,28
req-004211,2026-03-02T16:24:38Z,auth,/v1/login,POST,204,96
req-001235,2026-03-01T12:51:40Z,billing,/v1/invoices,GET,200,1809
req-004785,2026-03-02T21:36:35Z,catalog,/v1/items,PUT,200,65
req-004297,2026-03-02T17:37:45Z,auth,/v1/login,POST,204,94
req-003409,2026-03-02T08:02:09Z,catalog,/v1/items,GET,200,72
req-004713,2026-03-02T21:29:29Z,checkout,/v1/pay,POST,200,268
req-003290,2026-03-02T07:57:25Z,catalog,/v1/items,GET,204,37
req-001353,2026-03-01T13:17:48Z,search,/v1/query,GET,200,347
req-006606,2026-03-03T15:44:51Z,checkout,/v1/pay,POST,201,395
req-002965,2026-03-02T04:50:07Z,catalog,/v1/items,GET,201,79
req-000239,2026-03-01T02:36:26Z,auth,/v1/login,POST,204,102
req-003496,2026-03-02T09:47:58Z,catalog,/v1/items,GET,200,69
req-002571,2026-03-02T00:55:50Z,catalog,/v1/items,GET,201,56
req-004884,2026-03-02T22:52:55Z,catalog,/v1/items,PUT,200,90
req-003149,2026-03-02T06:27:55Z,auth,/v1/login,POST,201,95
req-007335,2026-03-03T22:49:14Z,checkout,/v1/pay,POST,200,201
req-004792,2026-03-02T21:16:09Z,auth,/v1/session,GET,201,46
req-002757,2026-03-02T02:43:55Z,catalog,/v1/items,GET,204,33
req-006618,2026-03-03T15:16:29Z,checkout,/v1/pay,POST,504,128
req-002180,2026-03-01T20:24:35Z,search,/v1/cache,DELETE,200,49
req-001681,2026-03-01T16:59:39Z,search,/v1/query,GET,200,279
req-004407,2026-03-02T18:16:24Z,auth,/v1/login,POST,200,103
req-002754,2026-03-02T02:45:41Z,catalog,/v1/items,GET,200,48
req-001188,2026-03-01T11:10:35Z,catalog,/v1/items,GET,204,71
req-006449,2026-03-03T13:37:21Z,auth,/v1/login,POST,204,82
req-000986,2026-03-01T09:44:33Z,catalog,/v1/items,GET,200,70
req-006421,2026-03-03T13:00:55Z,search,/v1/query,GET,204,267
req-006117,2026-03-03T10:30:32Z,auth,/v1/login,POST,204,90
req-005114,2026-03-03T01:09:31Z,checkout,/v1/pay,POST,201,225
req-003003,2026-03-02T05:50:37Z,checkout,/v1/pay,POST,200,196
req-003755,2026-03-02T12:49:54Z,checkout,/v1/pay,POST,201,194
req-000642,2026-03-01T06:47:47Z,search,/v1/query,GET,201,389
req-001074,2026-03-01T10:03:55Z,catalog,/v1/items,GET,200,72
req-003619,2026-03-02T10:43:29Z,catalog,/v1/items,GET,200,59
req-000384,2026-03-01T03:11:25Z,catalog,/v1/items,GET,201,62
req-006356,2026-03-03T12:14:14Z,catalog,/v1/items,GET,200,69
req-005752,2026-03-03T06:29:02Z,auth,/v1/session,GET,302,56
req-002814,2026-03-02T03:25:58Z,search,/v1/query,GET,200,527
req-001320,2026-03-01T12:39:48Z,auth,/v1/session,GET,201,37
req-005687,2026-03-03T06:54:35Z,auth,/v1/login,POST,200,55
req-002147,2026-03-01T20:12:16Z,catalog,/v1/items,GET,200,60
req-007496,2026-03-03T23:04:26Z,auth,/v1/login,POST,400,77
req-000813,2026-03-01T08:07:11Z,checkout,/v1/pay,POST,200,172
req-007536,2026-03-03T23:17:10Z,catalog,/v1/items,PUT,401,39
req-004175,2026-03-02T16:42:57Z,checkout,/v1/pay,POST,200,318
req-006981,2026-03-03T18:06:46Z,catalog,/v1/items,GET,502,66
req-005324,2026-03-03T03:37:42Z,checkout,/v1/pay,POST,200,258
req-004054,2026-03-02T14:52:00Z,auth,/v1/session,GET,301,40
req-000518,2026-03-01T05:26:34Z,checkout,/v1/pay,POST,204,197
req-003734,2026-03-02T11:35:49Z,catalog,/v1/items,PUT,200,116
req-000552,2026-03-01T05:21:41Z,auth,/v1/login,POST,200,107
req-003419,2026-03-02T08:55:17Z,catalog,/v1/items,PUT,201,100
req-002538,2026-03-02T00:22:26Z,auth,/v1/login,POST,200,174
req-002314,2026-03-01T22:02:13Z,search,/v1/query,GET,503,505
req-003086,2026-03-02T05:48:54Z,catalog,/v1/items,PUT,204,110
req-005429,2026-03-03T03:51:29Z,search,/v1/cache,DELETE,200,53
req-005882,2026-03-03T08:46:38Z,billing,/v1/invoices,GET,204,379
req-004623,2026-03-02T20:43:59Z,auth,/v1/login,POST,200,38
req-003486,2026-03-02T09:51:52Z,catalog,/v1/items,GET,200,66
req-004851,2026-03-02T22:13:29Z,auth,/v1/login,POST,200,108
req-004991,2026-03-02T23:51:36Z,catalog,/v1/items,PUT,204,40
req-002572,2026-03-02T00:05:42Z,catalog,/v1/items,GET,200,85
req-002211,2026-03-01T21:17:17Z,search,/v1/query,GET,504,1516
req-001497,2026-03-01T14:15:23Z,auth,/v1/login,POST,500,69
req-003393,2026-03-02T08:12:13Z,catalog,/v1/items,GET,200,55
req-002602,2026-03-02T01:07:56Z,checkout,/v1/pay,POST,204,280
req-001191,2026-03-01T11:19:56Z,catalog,/v1/items,GET,201,152
req-006701,2026-03-03T15:14:03Z,auth,/v1/session,GET,302,34
req-003321,2026-03-02T08:49:01Z,checkout,/v1/pay,POST,200,243
req-000576,2026-03-01T05:04:46Z,catalog,/v1/items,GET,200,71
req-006402,2026-03-03T13:50:36Z,checkout,/v1/pay,POST,400,169
req-006240,2026-03-03T11:18:17Z,catalog,/v1/items,GET,201,52
req-002174,2026-03-01T20:23:54Z,auth,/v1/session,GET,200,31
req-001819,2026-03-01T17:17:40Z,catalog,/v1/items,GET,200,59
req-006632,2026-03-03T15:17:23Z,search,/v1/query,GET,200,363
req-002468,2026-03-01T23:18:31Z,catalog,/v1/items,GET,200,61
req-004778,2026-03-02T21:57:12Z,catalog,/v1/items,GET,204,77
req-003691,2026-03-02T11:51:17Z,auth,/v1/login,POST,200,90
req-000603,2026-03-01T05:32:49Z,catalog,/v1/items,PUT,204,94
req-000794,2026-03-01T07:41:01Z,catalog,/v1/items,GET,200,76
req-006537,2026-03-03T14:41:40Z,search,/v1/query,GET,204,501
req-004976,2026-03-02T23:12:08Z,catalog,/v1/items,GET,200,46
req-002149,2026-03-01T20:53:37Z,catalog,/v1/items,GET,200,74
req-006372,2026-03-03T12:18:44Z,catalog,/v1/items,GET,200,75
req-005656,2026-03-03T06:33:18Z,checkout,/v1/pay,POST,200,188
req-000454,2026-03-01T04:17:33Z,auth,/v1/login,POST,204,86
req-006685,2026-03-03T15:59:46Z,catalog,/v1/items,GET,201,93
req-000646,2026-03-01T06:15:06Z,auth,/v1/login,POST,200,103
req-006866,2026-03-03T17:53:57Z,catalog,/v1/items,GET,200,73
req-007312,2026-03-03T21:04:09Z,catalog,/v1/items,GET,201,33
req-001507,2026-03-01T14:32:19Z,catalog,/v1/items,GET,200,30
req-000833,2026-03-01T08:03:26Z,search,/v1/query,GET,201,481
req-005927,2026-03-03T08:56:00Z,catalog,/v1/items,GET,200,72
req-001263,2026-03-01T12:50:17Z,auth,/v1/login,POST,204,82
req-006435,2026-03-03T13:14:04Z,auth,/v1/login,POST,200,59
req-003758,2026-03-02T12:37:50Z,checkout,/v1/pay,POST,201,185
req-005960,2026-03-03T08:49:00Z,auth,/v1/session,GET,302,46
req-001659,2026-03-01T16:18:29Z,checkout,/v1/pay,POST,504,431
req-006855,2026-03-03T17:45:15Z,auth,/v1/login,POST,200,41
req-005936,2026-03-03T08:16:44Z,catalog,/v1/items,GET,200,35
req-006028,2026-03-03T09:16:01Z,catalog,/v1/items,GET,201,71
req-005362,2026-03-03T03:17:51Z,auth,/v1/login,POST,200,164
req-003368,2026-03-02T08:11:24Z,auth,/v1/login,POST,200,99
req-004689,2026-03-02T20:28:55Z,auth,/v1/session,GET,200,45
req-005681,2026-03-03T06:27:26Z,search,/v1/query,GET,200,544
req-002969,2026-03-02T04:39:22Z,catalog,/v1/items,GET,200,79
req-003463,2026-03-02T09:56:10Z,search,/v1/query,GET,200,414
req-002776,2026-03-02T02:16:32Z,catalog,/v1/items,PUT,204,73
req-001662,2026-03-01T16:22:32Z,checkout,/v1/pay,POST,200,154
req-007055,2026-03-03T19:11:27Z,auth,/v1/login,POST,200,111
req-005017,2026-03-03T00:21:24Z,billing,/v1/invoices,GET,200,220
req-001514,2026-03-01T14:05:36Z,catalog,/v1/items,GET,201,129
req-000858,2026-03-01T08:54:20Z,auth,/v1/login,POST,200,63
req-006692,2026-03-03T15:42:58Z,catalog,/v1/items,PUT,200,193
req-003697,2026-03-02T11:23:52Z,catalog,/v1/items,GET,204,71
req-003637,2026-03-02T10:35:23Z,auth,/v1/session,GET,200,39
req-000181,2026-03-01T01:41:41Z,catalog,/v1/items,GET,200,52
req-001873,2026-03-01T18:02:09Z,checkout,/v1/pay,POST,200,232
req-007248,2026-03-03T21:57:02Z,billing,/v1/invoices,GET,200,422
req-006873,2026-03-03T17:14:50Z,catalog,/v1/items,GET,204,79
req-002813,2026-03-02T03:27:17Z,search,/v1/query,GET,500,336
req-004813,2026-03-02T22:18:19Z,checkout,/v1/pay,POST,201,260
req-004547,2026-03-02T19:21:20Z,catalog,/v1/items,GET,200,79
req-002944,2026-03-02T04:01:34Z,auth,/v1/login,POST,403,94
req-000156,2026-03-01T01:19:50Z,auth,/v1/login,POST,200,63
req-001214,2026-03-01T11:32:18Z,auth,/v1/session,GET,204,53
req-002252,2026-03-01T21:30:04Z,catalog,/v1/items,GET,204,49
req-006533,2026-03-03T14:46:30Z,search,/v1/query,GET,200,1743
req-005375,2026-03-03T03:16:30Z,auth,/v1/login,POST,200,84
req-000061,2026-03-01T00:20:27Z,catalog,/v1/items,GET,201,69
req-006577,2026-03-03T14:36:42Z,catalog,/v1/items,GET,200,75
req-004304,2026-03-02T17:13:09Z,auth,/v1/login,POST,201,70
req-000620,2026-03-01T06:35:16Z,checkout,/v1/pay,POST,503,367
req-001183,2026-03-01T11:05:05Z,catalog,/v1/items,GET,201,32
req-001494,2026-03-01T14:38:50Z,auth,/v1/login,POST,200,86
req-000405,2026-03-01T03:11:52Z,auth,/v1/session,GET,204,48
req-007008,2026-03-03T18:21:25Z,catalog,/v1/items,PUT,204,77
req-001652,2026-03-01T15:09:38Z,search,/v1/cache,DELETE,200,54
req-006859,2026-03-03T17:59:02Z,auth,/v1/login,POST,200,73
req-000324,2026-03-01T03:03:29Z,checkout,/v1/pay,POST,504,277
req-005795,2026-03-03T07:52:28Z,auth,/v1/login,POST,200,61
req-003724,2026-03-02T11:04:19Z,catalog,/v1/items,GET,200,52
req-002450,2026-03-01T23:33:45Z,catalog,/v1/items,GET,204,97
req-003265,2026-03-02T07:36:07Z,auth,/v1/login,POST,204,94
req-007272,2026-03-03T21:06:55Z,auth,/v1/login,POST,204,87
req-007143,2026-03-03T20:20:27Z,checkout,/v1/pay,POST,204,196
req-004631,2026-03-02T20:50:36Z,auth,/v1/login,POST,200,90
req-004043,2026-03-02T14:31:50Z,catalog,/v1/items,GET,200,41
req-007564,2026-03-01T10:36:00Z,checkout,/v1/cart,GET,200,162
req-003297,2026-03-02T07:08:35Z,catalog,/v1/items,GET,200,142
req-001912,2026-03-01T18:23:36Z,auth,/v1/login,POST,200,93
req-006116,2026-03-03T10:23:17Z,auth,/v1/login,POST,200,74
req-006961,2026-03-03T18:49:26Z,auth,/v1/login,POST,200,80
req-000515,2026-03-01T05:28:02Z,checkout,/v1/pay,POST,200,185
req-001716,2026-03-01T16:35:20Z,catalog,/v1/items,GET,200,55
req-002561,2026-03-02T00:18:03Z,catalog,/v1/items,GET,200,45
req-003378,2026-03-02T08:20:38Z,catalog,/v1/items,GET,200,51
req-006308,2026-03-03T12:06:46Z,billing,/v1/invoices,GET,201,493
req-001407,2026-03-01T13:16:43Z,catalog,/v1/items,GET,204,74
req-002818,2026-03-02T03:35:09Z,search,/v1/query,GET,204,426
req-004843,2026-03-02T22:21:22Z,auth,/v1/login,POST,201,171
req-002630,2026-03-02T01:13:45Z,auth,/v1/login,POST,204,91
req-003281,2026-03-02T07:07:56Z,catalog,/v1/items,GET,201,49
req-003115,2026-03-02T06:57:30Z,billing,/v1/invoices,GET,200,317
req-007460,2026-03-03T23:34:23Z,billing,/v1/invoices,GET,200,325
req-006486,2026-03-03T13:17:47Z,catalog,/v1/items,GET,201,40
req-000663,2026-03-01T06:24:58Z,auth,/v1/login,POST,200,52
req-006015,2026-03-03T09:08:25Z,auth,/v1/login,POST,201,58
req-003173,2026-03-02T06:51:50Z,catalog,/v1/items,GET,204,42
req-005493,2026-03-03T04:43:20Z,catalog,/v1/items,GET,204,53
req-003313,2026-03-02T07:15:20Z,auth,/v1/session,GET,200,45
req-000177,2026-03-01T01:19:29Z,catalog,/v1/items,GET,201,48
req-003779,2026-03-02T12:09:01Z,auth,/v1/login,POST,200,78
req-006926,2026-03-03T18:02:20Z,checkout,/v1/pay,POST,200,211
req-004640,2026-03-02T20:49:40Z,auth,/v1/login,POST,200,54
req-000369,2026-03-01T03:47:08Z,catalog,/v1/items,GET,200,56
req-004204,2026-03-02T16:30:53Z,auth,/v1/login,POST,200,59
req-004282,2026-03-02T17:45:51Z,billing,/v1/invoices,GET,204,438
req-004504,2026-03-02T19:57:14Z,billing,/v1/invoices,GET,200,271
req-006927,2026-03-03T18:19:12Z,checkout,/v1/pay,POST,504,303
req-003126,2026-03-02T06:19:04Z,search,/v1/query,GET,201,254
req-003947,2026-03-02T13:53:03Z,catalog,/v1/items,PUT,200,90
req-002804,2026-03-02T03:01:32Z,billing,/v1/invoices,GET,204,399
req-000106,2026-03-01T01:47:30Z,checkout,/v1/pay,POST,204,323
req-004791,2026-03-02T21:54:34Z,catalog,/v1/items,PUT,500,116
req-001089,2026-03-01T10:22:26Z,catalog,/v1/items,GET,200,43
req-006586,2026-03-03T14:11:35Z,catalog,/v1/items,GET,200,81
req-006715,2026-03-03T16:45:55Z,checkout,/v1/pay,POST,200,198
req-002271,2026-03-01T21:26:17Z,catalog,/v1/items,PUT,200,99
req-001882,2026-03-01T18:21:34Z,billing,/v1/invoices,GET,200,309
req-004647,2026-03-02T20:36:41Z,catalog,/v1/items,GET,201,72
req-004932,2026-03-02T23:28:13Z,search,/v1/query,GET,200,335
req-006500,2026-03-03T13:27:46Z,auth,/v1/session,GET,204,44
req-005751,2026-03-03T06:51:55Z,auth,/v1/session,GET,200,45
req-002184,2026-03-01T21:20:39Z,checkout,/v1/pay,POST,200,220
req-000241,2026-03-01T02:02:40Z,auth,/v1/login,POST,200,93
req-000483,2026-03-01T04:05:17Z,catalog,/v1/items,GET,204,48
req-005320,2026-03-03T03:45:51Z,checkout,/v1/pay,POST,200,269
req-005181,2026-03-03T01:16:13Z,catalog,/v1/items,GET,200,60
req-006432,2026-03-03T13:28:33Z,auth,/v1/login,POST,200,75
req-002074,2026-03-01T19:34:41Z,auth,/v1/session,GET,201,36
req-005056,2026-03-03T00:44:38Z,catalog,/v1/items,GET,200,53
req-003922,2026-03-02T13:51:22Z,catalog,/v1/items,GET,200,34
req-001677,2026-03-01T16:51:04Z,search,/v1/query,GET,200,256
req-006721,2026-03-03T16:37:13Z,checkout,/v1/pay,POST,201,221
req-007530,2026-03-03T23:13:14Z,catalog,/v1/items,GET,201,66
req-002105,2026-03-01T20:58:57Z,search,/v1/query,GET,200,352
req-001999,2026-03-01T19:06:14Z,search,/v1/query,GET,200,377
req-002562,2026-03-02T00:25:30Z,catalog,/v1/items,GET,201,41
req-005150,2026-03-03T01:10:57Z,auth,/v1/login,POST,201,71
req-007070,2026-03-03T19:36:22Z,auth,/v1/login,POST,201,66
req-006995,2026-03-03T18:51:44Z,catalog,/v1/items,GET,200,65
req-006443,2026-03-03T13:20:03Z,auth,/v1/login,POST,204,25
req-004994,2026-03-02T23:22:51Z,auth,/v1/session,GET,301,50
req-005288,2026-03-03T02:30:46Z,catalog,/v1/items,GET,200,58
req-006159,2026-03-03T10:30:54Z,catalog,/v1/items,GET,204,81
req-007003,2026-03-03T18:14:19Z,catalog,/v1/items,GET,200,61
req-007136,2026-03-03T20:31:09Z,checkout,/v1/pay,POST,200,128
req-002557,2026-03-02T00:14:48Z,catalog,/v1/items,GET,200,72
req-002939,2026-03-02T04:46:17Z,auth,/v1/login,POST,201,65
req-000787,2026-03-01T07:36:09Z,catalog,/v1/items,GET,200,57
req-003234,2026-03-02T07:17:23Z,search,/v1/query,GET,204,456
req-000313,2026-03-01T03:11:39Z,checkout,/v1/pay,POST,201,181
req-004834,2026-03-02T22:28:59Z,auth,/v1/login,POST,200,117
req-001710,2026-03-01T16:16:10Z,catalog,/v1/items,GET,200,86
req-005318,2026-03-03T02:04:31Z,search,/v1/cache,DELETE,201,68
req-005817,2026-03-03T07:15:54Z,catalog,/v1/items,GET,201,64
req-004593,2026-03-02T20:30:20Z,checkout,/v1/pay,POST,200,181
req-001165,2026-03-01T11:17:23Z,auth,/v1/login,POST,200,80
req-005816,2026-03-03T07:59:26Z,catalog,/v1/items,GET,201,43
req-007010,2026-03-03T18:28:44Z,catalog,/v1/items,PUT,200,43
req-004396,2026-03-02T18:16:50Z,billing,/v1/invoices,GET,204,401
req-002197,2026-03-01T21:57:16Z,billing,/v1/invoices,GET,201,1633
req-005633,2026-03-03T05:28:08Z,catalog,/v1/items,GET,200,75
req-006086,2026-03-03T10:01:42Z,checkout,/v1/pay,POST,504,239
req-005825,2026-03-03T07:20:40Z,catalog,/v1/items,GET,200,68
req-001082,2026-03-01T10:01:41Z,catalog,/v1/items,GET,200,62
req-007562,2026-03-01T10:30:00Z,checkout,/v1/cart,GET,200,160
req-007013,2026-03-03T18:24:30Z,auth,/v1/session,GET,302,54
req-004056,2026-03-02T14:17:40Z,search,/v1/cache,DELETE,200,36
req-007421,2026-03-03T22:20:30Z,catalog,/v1/items,GET,201,96
req-007351,2026-03-03T22:27:40Z,billing,/v1/invoices,GET,201,193
req-001322,2026-03-01T12:15:59Z,auth,/v1/session,GET,201,36
req-002194,2026-03-01T21:37:31Z,checkout,/v1/pay,POST,500,140
req-002120,2026-03-01T20:09:13Z,auth,/v1/login,POST,204,72
req-004832,2026-03-02T22:16:21Z,auth,/v1/login,POST,204,74
req-007058,2026-03-03T19:11:21Z,auth,/v1/login,POST,201,65
req-002379,2026-03-01T22:10:23Z,catalog,/v1/items,PUT,200,78
req-000520,2026-03-01T05:43:39Z,checkout,/v1/pay,POST,504,366
req-007106,2026-03-03T19:29:03Z,catalog,/v1/items,GET,200,70
req-007270,2026-03-03T21:31:55Z,auth,/v1/login,POST,200,63
req-007079,2026-03-03T19:21:30Z,catalog,/v1/items,GET,204,62
req-003733,2026-03-02T11:45:58Z,catalog,/v1/items,GET,200,55
req-003840,2026-03-02T12:50:36Z,catalog,/v1/items,PUT,200,71
req-003398,2026-03-02T08:29:44Z,catalog,/v1/items,GET,200,87
req-003651,2026-03-02T11:34:51Z,checkout,/v1/pay,POST,200,154
req-005856,2026-03-03T07:05:36Z,auth,/v1/session,GET,302,34
req-002833,2026-03-02T03:49:32Z,auth,/v1/login,POST,200,96
req-007120,2026-03-03T19:53:52Z,auth,/v1/session,GET,204,29
req-005677,2026-03-03T06:24:36Z,search,/v1/query,GET,200,368
req-006403,2026-03-03T13:44:28Z,checkout,/v1/pay,POST,403,171
req-000656,2026-03-01T06:00:42Z,auth,/v1/login,POST,204,90
req-005710,2026-03-03T06:22:46Z,catalog,/v1/items,GET,200,42
req-004576,2026-03-02T19:07:28Z,auth,/v1/session,GET,200,49
req-002884,2026-03-02T03:29:24Z,catalog,/v1/items,PUT,200,92
req-006039,2026-03-03T09:39:56Z,catalog,/v1/items,GET,200,54
req-000352,2026-03-01T03:31:35Z,auth,/v1/login,POST,200,105
req-000375,2026-03-01T03:23:48Z,catalog,/v1/items,GET,200,60
req-003839,2026-03-02T12:05:02Z,catalog,/v1/items,PUT,204,77
req-007579,2026-03-01T20:48:00Z,billing,/v1/refund,POST,200,216
req-003586,2026-03-02T10:30:46Z,auth,/v1/login,POST,204,92
req-004055,2026-03-02T14:36:02Z,auth,/v1/session,GET,201,23
req-004223,2026-03-02T16:12:28Z,catalog,/v1/items,GET,200,70
req-001232,2026-03-01T12:58:26Z,checkout,/v1/pay,POST,201,282
req-001702,2026-03-01T16:48:29Z,auth,/v1/login,POST,200,101
req-006515,2026-03-03T14:38:52Z,checkout,/v1/pay,POST,200,518
req-007429,2026-03-03T22:46:37Z,auth,/v1/session,GET,204,36
req-002718,2026-03-02T02:23:28Z,search,/v1/query,GET,200,358
req-007396,2026-03-03T22:05:50Z,catalog,/v1/items,GET,200,72
req-004333,2026-03-02T17:53:30Z,catalog,/v1/items,GET,204,42
req-004322,2026-03-02T17:28:47Z,catalog,/v1/items,GET,204,77
req-006561,2026-03-03T14:47:15Z,auth,/v1/login,POST,204,46
req-006851,2026-03-03T17:02:04Z,auth,/v1/login,POST,201,84
req-000123,2026-03-01T01:02:48Z,search,/v1/query,GET,201,297
req-005156,2026-03-03T01:33:21Z,auth,/v1/login,POST,200,97
req-005836,2026-03-03T07:34:23Z,catalog,/v1/items,GET,200,43
req-000598,2026-03-01T05:23:44Z,catalog,/v1/items,GET,201,55
req-002463,2026-03-01T23:46:01Z,catalog,/v1/items,GET,204,32
req-000619,2026-03-01T06:11:11Z,checkout,/v1/pay,POST,200,294
req-006170,2026-03-03T10:47:05Z,catalog,/v1/items,PUT,200,43
req-000650,2026-03-01T06:29:28Z,auth,/v1/login,POST,204,39
req-000237,2026-03-01T02:40:50Z,search,/v1/query,GET,201,406
req-004148,2026-03-02T15:47:18Z,catalog,/v1/items,PUT,204,63
req-004359,2026-03-02T17:29:22Z,catalog,/v1/items,PUT,400,84
req-003439,2026-03-02T09:20:47Z,checkout,/v1/pay,POST,201,160
req-003663,2026-03-02T11:34:03Z,search,/v1/query,GET,200,332
req-004274,2026-03-02T17:32:59Z,checkout,/v1/pay,POST,500,93
req-004801,2026-03-02T22:56:28Z,checkout,/v1/pay,POST,200,284
req-005923,2026-03-03T08:01:41Z,catalog,/v1/items,GET,201,32
req-004738,2026-03-02T21:16:19Z,auth,/v1/login,POST,204,117
req-001569,2026-03-01T15:07:06Z,search,/v1/query,GET,200,492
req-007488,2026-03-03T23:20:43Z,auth,/v1/login,POST,201,78
req-000011,2026-03-01T00:10:29Z,checkout,/v1/pay,POST,204,298
req-005323,2026-03-03T03:41:20Z,checkout,/v1/pay,POST,200,225
req-002483,2026-03-01T23:08:23Z,catalog,/v1/items,PUT,201,75
req-005935,2026-03-03T08:04:12Z,catalog,/v1/items,GET,201,85
req-001453,2026-03-01T14:07:06Z,checkout,/v1/pay,POST,200,222
req-005460,2026-03-03T04:15:42Z,search,/v1/query,GET,200,416
req-006891,2026-03-03T17:07:43Z,catalog,/v1/items,GET,200,35
req-000346,2026-03-01T03:12:47Z,auth,/v1/login,POST,201,72
req-000208,2026-03-01T02:40:39Z,checkout,/v1/pay,POST,200,274
req-005934,2026-03-03T08:41:10Z,catalog,/v1/items,GET,200,43
req-003405,2026-03-02T08:06:36Z,catalog,/v1/items,GET,204,141
req-006156,2026-03-03T10:55:37Z,catalog,/v1/items,GET,204,40
req-003611,2026-03-02T10:31:51Z,catalog,/v1/items,GET,200,55
req-005008,2026-03-03T00:33:27Z,checkout,/v1/pay,POST,200,248
req-000205,2026-03-01T01:22:22Z,search,/v1/cache,DELETE,200,55
req-003953,2026-03-02T13:53:21Z,auth,/v1/session,GET,200,52
req-004650,2026-03-02T20:06:06Z,catalog,/v1/items,GET,200,65
req-007167,2026-03-03T20:08:29Z,auth,/v1/login,POST,201,65
req-002056,2026-03-01T19:49:04Z,catalog,/v1/items,GET,200,60
req-007341,2026-03-03T22:34:41Z,checkout,/v1/pay,POST,200,290
req-002761,2026-03-02T02:32:51Z,catalog,/v1/items,GET,200,57
req-002614,2026-03-02T01:48:28Z,search,/v1/query,GET,200,330
req-006594,2026-03-03T14:54:25Z,catalog,/v1/items,PUT,200,56
req-005883,2026-03-03T08:58:00Z,billing,/v1/invoices,GET,200,271
req-005410,2026-03-03T03:31:54Z,catalog,/v1/items,GET,200,55
req-007096,2026-03-03T19:06:43Z,catalog,/v1/items,GET,200,158
req-003639,2026-03-02T10:40:30Z,auth,/v1/session,GET,200,49
req-002972,2026-03-02T04:53:57Z,catalog,/v1/items,GET,200,62
req-005143,2026-03-03T01:31:39Z,auth,/v1/login,POST,204,114
req-007063,2026-03-03T19:34:56Z,auth,/v1/login,POST,200,71
req-001590,2026-03-01T15:01:41Z,auth,/v1/login,POST,200,84
req-001290,2026-03-01T12:30:47Z,catalog,/v1/items,GET,200,64
req-003903,2026-03-02T13:22:46Z,auth,/v1/login,POST,200,58
req-003195,2026-03-02T06:59:27Z,catalog,/v1/items,PUT,200,99
req-001505,2026-03-01T14:09:03Z,catalog,/v1/items,GET,200,48
req-002899,2026-03-02T04:00:11Z,checkout,/v1/pay,POST,200,310
req-005083,2026-03-03T00:53:39Z,catalog,/v1/items,GET,200,66
req-000945,2026-03-01T09:09:48Z,search,/v1/query,GET,204,399
req-000295,2026-03-01T02:08:33Z,catalog,/v1/items,GET,201,54
req-007076,2026-03-03T19:53:51Z,auth,/v1/login,POST,204,90
req-002738,2026-03-02T02:11:15Z,auth,/v1/login,POST,204,80
req-000093,2026-03-01T00:44:53Z,auth,/v1/session,GET,302,36
req-005528,2026-03-03T04:30:50Z,catalog,/v1/items,PUT,200,80
req-005684,2026-03-03T06:39:10Z,auth,/v1/login,POST,200,66
req-002907,2026-03-02T04:51:32Z,checkout,/v1/pay,POST,200,162
req-003202,2026-03-02T06:19:13Z,auth,/v1/session,GET,301,56
req-005258,2026-03-03T02:54:19Z,auth,/v1/login,POST,200,73
req-006506,2026-03-03T14:13:31Z,checkout,/v1/pay,POST,204,194
req-006346,2026-03-03T12:17:48Z,catalog,/v1/items,GET,204,61
req-006631,2026-03-03T15:19:57Z,search,/v1/query,GET,204,324
req-005498,2026-03-03T04:12:08Z,catalog,/v1/items,GET,204,57
req-002123,2026-03-01T20:26:10Z,auth,/v1/login,POST,200,124
req-000825,2026-03-01T08:03:12Z,billing,/v1/invoices,GET,200,367
req-002439,2026-03-01T23:15:39Z,auth,/v1/login,POST,204,56
req-005781,2026-03-03T07:29:20Z,search,/v1/query,GET,200,242
req-003775,2026-03-02T12:12:15Z,search,/v1/query,GET,200,411
req-004277,2026-03-02T17:45:05Z,checkout,/v1/pay,POST,401,222
req-001455,2026-03-01T14:24:05Z,billing,/v1/invoices,GET,204,200
req-002303,2026-03-01T22:36:41Z,billing,/v1/invoices,GET,200,282
req-000173,2026-03-01T01:08:34Z,catalog,/v1/items,GET,200,53
req-003021,2026-03-02T05:42:44Z,search,/v1/query,GET,200,338
req-000830,2026-03-01T08:50:10Z,billing,/v1/invoices,GET,200,186
req-002954,2026-03-02T04:05:23Z,catalog,/v1/items,GET,204,67
req-003298,2026-03-02T07:46:56Z,catalog,/v1/items,GET,200,81
req-002286,2026-03-01T22:05:36Z,checkout,/v1/pay,POST,200,249
req-006893,2026-03-03T17:09:40Z,catalog,/v1/items,GET,404,58
req-005637,2026-03-03T05:59:41Z,catalog,/v1/items,GET,200,56
req-000143,2026-03-01T01:54:34Z,auth,/v1/login,POST,201,87
req-007060,2026-03-03T19:48:15Z,auth,/v1/login,POST,200,79
req-006032,2026-03-03T09:32:42Z,catalog,/v1/items,GET,201,53
req-002723,2026-03-02T02:42:59Z,auth,/v1/login,POST,200,67
req-004494,2026-03-02T19:10:10Z,checkout,/v1/pay,POST,200,230
req-005173,2026-03-03T01:37:27Z,catalog,/v1/items,GET,201,47
req-000887,2026-03-01T08:58:59Z,catalog,/v1/items,GET,200,38
req-007338,2026-03-03T22:26:20Z,checkout,/v1/pay,POST,503,244
req-004964,2026-03-02T23:30:51Z,catalog,/v1/items,GET,200,45
req-003884,2026-03-02T13:19:32Z,search,/v1/query,GET,500,315
req-002146,2026-03-01T20:46:43Z,catalog,/v1/items,GET,201,69
req-001239,2026-03-01T12:51:28Z,billing,/v1/invoices,GET,201,1718
req-001215,2026-03-01T11:53:08Z,auth,/v1/session,GET,201,48
req-001034,2026-03-01T10:20:31Z,billing,/v1/invoices,GET,204,370
req-006383,2026-03-03T12:04:07Z,auth,/v1/session,GET,200,35
req-000071,2026-03-01T00:39:54Z,catalog,/v1/items,GET,204,72
req-003811,2026-03-02T12:18:25Z,catalog,/v1/items,GET,200,88
req-000340,2026-03-01T03:26:09Z,search,/v1/query,GET,204,404
req-001545,2026-03-01T14:53:54Z,search,/v1/cache,DELETE,204,56
req-002497,2026-03-01T23:58:48Z,search,/v1/cache,DELETE,200,76
req-001701,2026-03-01T16:35:13Z,auth,/v1/login,POST,200,181
req-006350,2026-03-03T12:09:06Z,catalog,/v1/items,GET,200,83
req-004747,2026-03-02T21:10:26Z,auth,/v1/login,POST,200,74
req-002885,2026-03-02T03:13:10Z,catalog,/v1/items,PUT,200,109
req-004459,2026-03-02T18:41:47Z,catalog,/v1/items,GET,200,72
req-004995,2026-03-02T23:56:58Z,auth,/v1/session,GET,200,40
req-006628,2026-03-03T15:07:13Z,billing,/v1/invoices,GET,200,544
req-001013,2026-03-01T09:22:10Z,auth,/v1/session,GET,200,92
req-002405,2026-03-01T23:23:25Z,checkout,/v1/pay,POST,204,228
req-007398,2026-03-03T22:54:03Z,catalog,/v1/items,GET,200,47
req-007148,2026-03-03T20:54:21Z,billing,/v1/invoices,GET,204,361
req-006430,2026-03-03T13:51:30Z,auth,/v1/login,POST,204,108
req-003766,2026-03-02T12:12:09Z,billing,/v1/invoices,GET,204,393
req-004165,2026-03-02T16:06:44Z,checkout,/v1/pay,POST,200,88
req-005975,2026-03-03T09:04:18Z,checkout,/v1/pay,POST,200,256
req-007577,2026-03-01T20:40:00Z,billing,/v1/refund,POST,200,210
req-001357,2026-03-01T13:55:44Z,search,/v1/query,GET,200,1640
req-001226,2026-03-01T12:31:10Z,checkout,/v1/pay,POST,204,192
req-003499,2026-03-02T09:38:44Z,catalog,/v1/items,GET,204,102
req-002319,2026-03-01T22:03:15Z,auth,/v1/login,POST,200,101
req-002050,2026-03-01T19:10:01Z,catalog,/v1/items,GET,200,36
req-006444,2026-03-03T13:48:10Z,auth,/v1/login,POST,200,86
req-000242,2026-03-01T02:42:40Z,auth,/v1/login,POST,200,86
req-000797,2026-03-01T07:55:53Z,catalog,/v1/items,PUT,400,70
req-004822,2026-03-02T22:09:02Z,billing,/v1/invoices,GET,200,388
req-000943,2026-03-01T09:43:25Z,search,/v1/query,GET,204,123
req-001397,2026-03-01T13:33:31Z,catalog,/v1/items,GET,204,36
req-001636,2026-03-01T15:53:00Z,catalog,/v1/items,GET,200,22
req-003577,2026-03-02T10:26:08Z,auth,/v1/login,POST,204,67
req-006747,2026-03-03T16:12:46Z,auth,/v1/login,POST,200,51
req-004903,2026-03-02T23:48:15Z,checkout,/v1/pay,POST,200,215
req-006678,2026-03-03T15:11:36Z,catalog,/v1/items,GET,200,50
req-005108,2026-03-03T01:07:43Z,checkout,/v1/pay,POST,200,248
req-004001,2026-03-02T14:12:46Z,auth,/v1/login,POST,200,71
req-005415,2026-03-03T03:38:23Z,catalog,/v1/items,GET,200,78
req-006837,2026-03-03T17:31:50Z,search,/v1/query,GET,200,368
req-003589,2026-03-02T10:26:56Z,auth,/v1/login,POST,201,67
req-002637,2026-03-02T01:41:37Z,auth,/v1/login,POST,200,92
req-001160,2026-03-01T11:50:39Z,auth,/v1/login,POST,200,25
req-001243,2026-03-01T12:06:00Z,search,/v1/query,GET,200,411
req-001171,2026-03-01T11:55:19Z,catalog,/v1/items,GET,200,128
req-007523,2026-03-03T23:09:42Z,catalog,/v1/items,GET,204,66
req-007244,2026-03-03T21:23:44Z,billing,/v1/invoices,GET,200,432
req-005518,2026-03-03T04:47:57Z,catalog,/v1/items,GET,201,66
req-001015,2026-03-01T09:48:10Z,auth,/v1/session,GET,200,44
req-000895,2026-03-01T08:39:11Z,catalog,/v1/items,GET,201,27
req-001149,2026-03-01T11:41:22Z,search,/v1/query,GET,200,444
req-002499,2026-03-02T00:52:01Z,checkout,/v1/pay,POST,200,222
req-007170,2026-03-03T20:33:00Z,auth,/v1/login,POST,204,78
req-000026,2026-03-01T00:25:42Z,search,/v1/query,GET,204,360
req-003317,2026-03-02T07:05:49Z,search,/v1/cache,DELETE,204,55
req-004455,2026-03-02T18:02:11Z,catalog,/v1/items,GET,200,60
req-006362,2026-03-03T12:23:05Z,catalog,/v1/items,GET,200,76
req-002553,2026-03-02T00:59:33Z,catalog,/v1/items,GET,200,56
req-001043,2026-03-01T10:06:47Z,search,/v1/query,GET,500,325
req-003588,2026-03-02T10:47:04Z,auth,/v1/login,POST,200,63
req-005445,2026-03-03T04:01:18Z,checkout,/v1/pay,POST,400,226
req-001740,2026-03-01T16:52:57Z,catalog,/v1/items,PUT,200,109
req-002048,2026-03-01T19:51:52Z,catalog,/v1/items,GET,204,61
req-004845,2026-03-02T22:37:43Z,auth,/v1/login,POST,201,75
req-006418,2026-03-03T13:38:15Z,search,/v1/query,GET,200,240
req-000477,2026-03-01T04:53:49Z,catalog,/v1/items,GET,201,61
req-004394,2026-03-02T18:25:16Z,billing,/v1/invoices,GET,200,461
req-003513,2026-03-02T09:21:36Z,catalog,/v1/items,GET,200,57
req-001911,2026-03-01T18:44:16Z,auth,/v1/login,POST,200,76
req-000583,2026-03-01T05:36:43Z,catalog,/v1/items,GET,200,50
req-000880,2026-03-01T08:21:13Z,catalog,/v1/items,GET,201,47
req-000676,2026-03-01T06:00:57Z,catalog,/v1/items,GET,201,56
req-005807,2026-03-03T07:26:04Z,auth,/v1/login,POST,200,192
req-000374,2026-03-01T03:50:40Z,catalog,/v1/items,GET,200,72
req-004467,2026-03-02T18:30:42Z,catalog,/v1/items,GET,200,60
req-003631,2026-03-02T10:20:55Z,catalog,/v1/items,PUT,200,51
req-001291,2026-03-01T12:45:42Z,catalog,/v1/items,GET,200,75
req-004733,2026-03-02T21:11:44Z,search,/v1/query,GET,204,371
req-005906,2026-03-03T08:32:27Z,auth,/v1/login,POST,200,85
req-000896,2026-03-01T08:14:11Z,catalog,/v1/items,GET,404,61
req-004108,2026-03-02T15:02:01Z,auth,/v1/login,POST,200,85
req-006660,2026-03-03T15:46:35Z,catalog,/v1/items,GET,201,79
req-003430,2026-03-02T09:40:51Z,checkout,/v1/pay,POST,204,144
req-005189,2026-03-03T01:32:28Z,catalog,/v1/items,GET,204,75
req-000694,2026-03-01T06:33:00Z,catalog,/v1/items,GET,200,57
req-007545,2026-03-03T23:21:53Z,auth,/v1/session,GET,200,46
req-005457,2026-03-03T04:01:31Z,search,/v1/query,GET,201,313
req-005252,2026-03-03T02:28:27Z,auth,/v1/login,POST,200,59
req-001521,2026-03-01T14:21:18Z,catalog,/v1/items,GET,201,156
req-001123,2026-03-01T11:05:25Z,checkout,/v1/pay,POST,201,198
req-001441,2026-03-01T14:08:09Z,checkout,/v1/pay,POST,401,194
req-004057,2026-03-02T14:59:01Z,search,/v1/cache,DELETE,204,52
req-006782,2026-03-03T16:18:48Z,catalog,/v1/items,GET,204,73
req-004618,2026-03-02T20:27:04Z,search,/v1/query,GET,201,356
req-000932,2026-03-01T09:53:29Z,billing,/v1/invoices,GET,200,311
req-005029,2026-03-03T00:48:15Z,search,/v1/query,GET,201,414
req-003788,2026-03-02T12:49:51Z,auth,/v1/login,POST,200,98
req-003852,2026-03-02T12:24:32Z,search,/v1/cache,DELETE,200,86
req-004820,2026-03-02T22:53:39Z,billing,/v1/invoices,GET,204,435
req-004456,2026-03-02T18:01:09Z,catalog,/v1/items,GET,200,70
req-000178,2026-03-01T01:27:43Z,catalog,/v1/items,GET,201,77
req-001697,2026-03-01T16:45:47Z,auth,/v1/login,POST,200,73
req-004831,2026-03-02T22:12:41Z,auth,/v1/login,POST,201,78
req-005393,2026-03-03T03:42:20Z,catalog,/v1/items,GET,201,45
req-004214,2026-03-02T16:12:47Z,catalog,/v1/items,GET,200,47
req-002575,2026-03-02T00:59:11Z,catalog,/v1/items,GET,200,69
req-001836,2026-03-01T17:40:43Z,catalog,/v1/items,GET,204,49
req-004866,2026-03-02T22:49:27Z,catalog,/v1/items,GET,200,82
req-006000,2026-03-03T09:38:37Z,auth,/v1/login,POST,204,89
req-007089,2026-03-03T19:02:09Z,catalog,/v1/items,GET,200,140
req-004091,2026-03-02T15:04:50Z,search,/v1/query,GET,201,476
req-006514,2026-03-03T14:50:40Z,checkout,/v1/pay,POST,200,275
req-000551,2026-03-01T05:06:30Z,auth,/v1/login,POST,204,92
req-004556,2026-03-02T19:09:28Z,catalog,/v1/items,GET,200,142
req-000692,2026-03-01T06:44:14Z,catalog,/v1/items,GET,200,68
req-003150,2026-03-02T06:07:38Z,auth,/v1/login,POST,502,116
req-007265,2026-03-03T21:13:52Z,auth,/v1/login,POST,204,163
req-001406,2026-03-01T13:39:27Z,catalog,/v1/items,GET,201,68
req-002370,2026-03-01T22:58:56Z,catalog,/v1/items,GET,200,61
req-006601,2026-03-03T14:17:01Z,auth,/v1/session,GET,201,34
req-006503,2026-03-03T13:03:08Z,search,/v1/cache,DELETE,200,29
req-006901,2026-03-03T17:36:22Z,catalog,/v1/items,PUT,403,111
req-002023,2026-03-01T19:53:50Z,auth,/v1/login,POST,200,81
req-001100,2026-03-01T10:31:24Z,catalog,/v1/items,GET,204,70
req-000866,2026-03-01T08:18:17Z,auth,/v1/login,POST,200,92
req-001664,2026-03-01T16:54:50Z,checkout,/v1/pay,POST,503,315
req-000427,2026-03-01T04:20:53Z,billing,/v1/invoices,GET,200,293
req-003602,2026-03-02T10:38:18Z,catalog,/v1/items,GET,200,61
req-001241,2026-03-01T12:38:50Z,billing,/v1/invoices,GET,404,261
req-002703,2026-03-02T02:31:40Z,checkout,/v1/pay,POST,201,266
req-005660,2026-03-03T06:00:02Z,checkout,/v1/pay,POST,200,174
req-005670,2026-03-03T06:51:27Z,billing,/v1/invoices,GET,200,372
req-006467,2026-03-03T13:56:16Z,catalog,/v1/items,GET,200,59
req-006354,2026-03-03T12:54:59Z,catalog,/v1/items,GET,201,54
req-000067,2026-03-01T00:19:18Z,catalog,/v1/items,GET,204,75
req-001025,2026-03-01T10:07:58Z,checkout,/v1/pay,POST,200,218
req-003483,2026-03-02T09:56:57Z,auth,/v1/login,POST,200,43
req-003476,2026-03-02T09:57:50Z,auth,/v1/login,POST,200,105
req-003568,2026-03-02T10:15:38Z,auth,/v1/login,POST,200,59
req-006920,2026-03-03T18:18:58Z,checkout,/v1/pay,POST,200,370
req-001001,2026-03-01T09:24:23Z,catalog,/v1/items,GET,200,44
req-000805,2026-03-01T07:31:25Z,auth,/v1/session,GET,403,35
req-001864,2026-03-01T17:54:34Z,search,/v1/cache,DELETE,200,30
req-000256,2026-03-01T02:33:23Z,auth,/v1/login,POST,200,53
req-007263,2026-03-03T21:35:16Z,auth,/v1/login,POST,201,86
req-003022,2026-03-02T05:32:26Z,search,/v1/query,GET,504,383
req-001963,2026-03-01T18:24:01Z,catalog,/v1/items,PUT,503,89
req-004257,2026-03-02T16:13:34Z,auth,/v1/session,GET,204,51
req-005641,2026-03-03T05:14:28Z,catalog,/v1/items,PUT,200,61
req-002229,2026-03-01T21:41:29Z,auth,/v1/login,POST,200,121
req-005902,2026-03-03T08:51:18Z,auth,/v1/login,POST,204,65
req-000416,2026-03-01T04:22:55Z,checkout,/v1/pay,POST,200,228
req-000655,2026-03-01T06:49:37Z,auth,/v1/login,POST,201,96
req-000541,2026-03-01T05:51:00Z,search,/v1/query,GET,200,401
req-004543,2026-03-02T19:50:13Z,catalog,/v1/items,GET,201,71
req-000234,2026-03-01T02:08:02Z,search,/v1/query,GET,200,237
req-001682,2026-03-01T16:57:07Z,search,/v1/query,GET,200,452
req-001529,2026-03-01T14:43:26Z,catalog,/v1/items,GET,200,55
req-002952,2026-03-02T04:29:14Z,catalog,/v1/items,GET,200,128
req-005596,2026-03-03T05:34:33Z,auth,/v1/login,POST,204,89
req-007130,2026-03-03T20:59:24Z,checkout,/v1/pay,POST,201,234
req-005643,2026-03-03T05:51:11Z,catalog,/v1/items,PUT,201,95
req-005497,2026-03-03T04:37:52Z,catalog,/v1/items,GET,200,78
req-007330,2026-03-03T21:29:02Z,auth,/v1/session,GET,200,43
req-004161,2026-03-02T15:40:49Z,search,/v1/cache,DELETE,200,45
req-004307,2026-03-02T17:17:46Z,auth,/v1/login,POST,204,88
req-007473,2026-03-03T23:42:46Z,auth,/v1/login,POST,200,200
req-001980,2026-03-01T19:33:09Z,checkout,/v1/pay,POST,200,306
req-003612,2026-03-02T10:36:03Z,catalog,/v1/items,GET,200,60
req-001714,2026-03-01T16:28:29Z,catalog,/v1/items,GET,400,31
req-001138,2026-03-01T11:41:30Z,billing,/v1/invoices,GET,204,389
req-000314,2026-03-01T03:05:25Z,checkout,/v1/pay,POST,200,225
req-005134,2026-03-03T01:16:10Z,search,/v1/query,GET,502,366
req-003091,2026-03-02T05:24:19Z,auth,/v1/session,GET,200,98
req-005963,2026-03-03T08:53:50Z,auth,/v1/session,GET,200,43
req-007561,2026-03-01T10:27:00Z,checkout,/v1/cart,GET,200,159
req-004897,2026-03-02T22:25:21Z,auth,/v1/session,GET,200,25
req-004044,2026-03-02T14:04:17Z,catalog,/v1/items,PUT,204,109
req-002552,2026-03-02T00:59:03Z,catalog,/v1/items,GET,204,60
req-005981,2026-03-03T09:58:52Z,checkout,/v1/pay,POST,200,152
req-007241,2026-03-03T21:33:05Z,checkout,/v1/pay,POST,200,238
req-005152,2026-03-03T01:29:00Z,auth,/v1/login,POST,200,114
req-000693,2026-03-01T06:17:49Z,catalog,/v1/items,GET,201,60
req-001978,2026-03-01T19:30:48Z,checkout,/v1/pay,POST,502,191
req-005890,2026-03-03T08:34:54Z,search,/v1/query,GET,200,552
req-002024,2026-03-01T19:43:45Z,auth,/v1/login,POST,201,61
req-001466,2026-03-01T14:15:18Z,search,/v1/query,GET,502,351
req-007181,2026-03-03T20:41:25Z,catalog,/v1/items,GET,200,52
req-006381,2026-03-03T12:42:49Z,auth,/v1/session,GET,200,42
req-006307,2026-03-03T12:09:25Z,billing,/v1/invoices,GET,200,407
req-002038,2026-03-01T19:21:34Z,catalog,/v1/items,GET,201,86
req-004886,2026-03-02T22:04:16Z,catalog,/v1/items,PUT,201,114
req-000080,2026-03-01T00:26:21Z,catalog,/v1/items,GET,200,40
req-000158,2026-03-01T01:32:58Z,auth,/v1/login,POST,201,66
req-004678,2026-03-02T20:54:45Z,catalog,/v1/items,GET,200,59
req-003665,2026-03-02T11:32:26Z,search,/v1/query,GET,204,449
req-005610,2026-03-03T05:36:22Z,catalog,/v1/items,GET,201,79
req-003453,2026-03-02T09:13:45Z,billing,/v1/invoices,GET,200,1726
req-002335,2026-03-01T22:49:57Z,auth,/v1/login,POST,201,68
req-007031,2026-03-03T19:25:52Z,checkout,/v1/pay,POST,201,297
req-006205,2026-03-03T11:47:43Z,search,/v1/query,GET,200,306
req-000975,2026-03-01T09:39:02Z,catalog,/v1/items,GET,204,69
req-000734,2026-03-01T07:22:30Z,search,/v1/query,GET,201,315
req-006994,2026-03-03T18:51:43Z,catalog,/v1/items,GET,200,45
req-005571,2026-03-03T05:34:13Z,search,/v1/query,GET,200,1782
req-004005,2026-03-02T14:19:54Z,auth,/v1/login,POST,200,94
req-001534,2026-03-01T14:38:31Z,catalog,/v1/items,PUT,200,107
req-000311,2026-03-01T02:08:54Z,search,/v1/cache,DELETE,200,47
req-006971,2026-03-03T18:45:15Z,auth,/v1/login,POST,204,169
req-007082,2026-03-03T19:48:50Z,catalog,/v1/items,GET,201,51
req-006400,2026-03-03T13:42:27Z,checkout,/v1/pay,POST,200,308
req-004725,2026-03-02T21:09:30Z,search,/v1/query,GET,200,230
req-006575,2026-03-03T14:42:32Z,catalog,/v1/items,GET,200,50
req-004973,2026-03-02T23:30:23Z,catalog,/v1/items,GET,204,75
req-005176,2026-03-03T01:36:39Z,catalog,/v1/items,GET,204,95
req-006162,2026-03-03T10:55:58Z,catalog,/v1/items,PUT,200,102
req-006835,2026-03-03T17:33:46Z,search,/v1/query,GET,201,267
req-005898,2026-03-03T08:10:00Z,auth,/v1/login,POST,201,65
req-001808,2026-03-01T17:13:05Z,auth,/v1/login,POST,200,80
req-007583,2026-03-01T21:04:00Z,billing,/v1/refund,POST,200,228
req-001667,2026-03-01T16:39:53Z,billing,/v1/invoices,GET,200,323
req-001931,2026-03-01T18:00:16Z,catalog,/v1/items,GET,201,41
req-004358,2026-03-02T17:29:01Z,catalog,/v1/items,PUT,200,195
req-007392,2026-03-03T22:21:37Z,catalog,/v1/items,GET,204,46
req-000721,2026-03-01T07:49:18Z,checkout,/v1/pay,POST,201,192
req-003054,2026-03-02T05:01:05Z,catalog,/v1/items,GET,200,63
req-001761,2026-03-01T17:00:27Z,checkout,/v1/pay,POST,502,148
req-006365,2026-03-03T12:37:10Z,catalog,/v1/items,GET,201,64
req-001548,2026-03-01T15:57:19Z,checkout,/v1/pay,POST,201,165
req-002597,2026-03-02T01:36:10Z,checkout,/v1/pay,POST,200,201
req-002043,2026-03-01T19:35:35Z,catalog,/v1/items,GET,200,61
req-003789,2026-03-02T12:37:32Z,auth,/v1/login,POST,200,76
req-006727,2026-03-03T16:59:33Z,billing,/v1/invoices,GET,200,303
req-001277,2026-03-01T12:48:41Z,auth,/v1/login,POST,200,84
req-002951,2026-03-02T04:45:51Z,catalog,/v1/items,GET,200,71
req-005463,2026-03-03T04:47:29Z,search,/v1/query,GET,200,373
req-000587,2026-03-01T05:33:33Z,catalog,/v1/items,GET,201,51
req-003342,2026-03-02T08:02:00Z,search,/v1/query,GET,200,367
req-007246,2026-03-03T21:49:13Z,billing,/v1/invoices,GET,200,281
req-002168,2026-03-01T20:55:57Z,catalog,/v1/items,PUT,201,104
req-001868,2026-03-01T18:16:27Z,checkout,/v1/pay,POST,200,242
req-001420,2026-03-01T13:45:56Z,catalog,/v1/items,PUT,200,113
req-003034,2026-03-02T05:25:24Z,auth,/v1/login,POST,204,108
req-006590,2026-03-03T14:37:51Z,catalog,/v1/items,GET,201,62
req-007485,2026-03-03T23:56:00Z,auth,/v1/login,POST,200,101
req-006598,2026-03-03T14:59:55Z,auth,/v1/session,GET,200,22
req-002570,2026-03-02T00:44:03Z,catalog,/v1/items,GET,200,32
req-005652,2026-03-03T05:46:55Z,search,/v1/cache,DELETE,201,48
req-001288,2026-03-01T12:14:18Z,catalog,/v1/items,GET,200,73
req-007422,2026-03-03T22:28:13Z,catalog,/v1/items,PUT,200,71
req-001079,2026-03-01T10:13:17Z,catalog,/v1/items,GET,204,66
req-003404,2026-03-02T08:23:48Z,catalog,/v1/items,GET,200,157
req-001155,2026-03-01T11:03:01Z,auth,/v1/login,POST,200,95
req-003330,2026-03-02T08:49:47Z,checkout,/v1/pay,POST,504,311
req-001690,2026-03-01T16:03:24Z,auth,/v1/login,POST,201,54
req-003885,2026-03-02T13:07:46Z,search,/v1/query,GET,201,373
req-002515,2026-03-02T00:03:52Z,checkout,/v1/pay,POST,201,270
req-003916,2026-03-02T13:47:15Z,catalog,/v1/items,GET,200,28
req-001553,2026-03-01T15:39:59Z,checkout,/v1/pay,POST,204,268
req-004606,2026-03-02T20:51:24Z,billing,/v1/invoices,GET,200,469
req-001385,2026-03-01T13:10:36Z,catalog,/v1/items,GET,200,43
req-002666,2026-03-02T01:13:34Z,catalog,/v1/items,GET,200,80
req-000688,2026-03-01T06:30:59Z,catalog,/v1/items,GET,200,63
req-004405,2026-03-02T18:32:52Z,search,/v1/query,GET,204,408
req-003516,2026-03-02T09:02:33Z,catalog,/v1/items,GET,400,42
req-001896,2026-03-01T18:05:38Z,search,/v1/query,GET,200,360
req-003332,2026-03-02T08:16:06Z,checkout,/v1/pay,POST,201,195
req-002491,2026-03-01T23:21:02Z,auth,/v1/session,GET,200,25
req-002810,2026-03-02T03:00:12Z,billing,/v1/invoices,GET,201,341
req-000151,2026-03-01T01:29:54Z,auth,/v1/login,POST,201,66
req-000366,2026-03-01T03:04:43Z,catalog,/v1/items,GET,204,72
req-001865,2026-03-01T17:34:48Z,search,/v1/cache,DELETE,200,123
req-006885,2026-03-03T17:10:42Z,catalog,/v1/items,GET,204,68
req-005704,2026-03-03T06:11:57Z,auth,/v1/login,POST,200,88
req-002280,2026-03-01T22:51:03Z,checkout,/v1/pay,POST,500,178
req-002874,2026-03-02T03:39:13Z,catalog,/v1/items,GET,200,66
req-005228,2026-03-03T02:39:02Z,billing,/v1/invoices,GET,500,507
req-001610,2026-03-01T15:16:07Z,catalog,/v1/items,GET,201,47
req-006108,2026-03-03T10:36:39Z,auth,/v1/login,POST,200,95
req-002533,2026-03-02T00:14:20Z,auth,/v1/login,POST,200,99
req-001057,2026-03-01T10:27:36Z,auth,/v1/login,POST,200,30
req-001434,2026-03-01T13:57:09Z,search,/v1/cache,DELETE,200,64
req-007560,2026-03-01T10:24:00Z,checkout,/v1/cart,GET,200,158
req-001319,2026-03-01T12:40:47Z,auth,/v1/session,GET,200,35
req-000460,2026-03-01T04:03:11Z,auth,/v1/login,POST,200,100
req-002045,2026-03-01T19:51:51Z,catalog,/v1/items,GET,200,19
req-003506,2026-03-02T09:48:48Z,catalog,/v1/items,GET,201,59
req-002261,2026-03-01T21:28:38Z,catalog,/v1/items,GET,200,45
req-005745,2026-03-03T06:15:37Z,catalog,/v1/items,PUT,201,69
req-002475,2026-03-01T23:39:35Z,catalog,/v1/items,GET,200,80
req-000161,2026-03-01T01:34:07Z,catalog,/v1/items,GET,200,57
req-003236,2026-03-02T07:17:34Z,search,/v1/query,GET,204,350
req-006930,2026-03-03T18:40:05Z,checkout,/v1/pay,POST,200,207
req-004530,2026-03-02T19:02:42Z,auth,/v1/login,POST,201,85
req-004665,2026-03-02T20:27:49Z,catalog,/v1/items,GET,204,145
req-002327,2026-03-01T22:45:28Z,auth,/v1/login,POST,200,87
req-005861,2026-03-03T08:53:33Z,checkout,/v1/pay,POST,201,448
req-001583,2026-03-01T15:01:07Z,auth,/v1/login,POST,200,106
req-001818,2026-03-01T17:38:17Z,catalog,/v1/items,GET,201,83
req-004336,2026-03-02T17:43:06Z,catalog,/v1/items,GET,204,61
req-002613,2026-03-02T01:58:51Z,billing,/v1/invoices,GET,200,294
req-001005,2026-03-01T09:37:48Z,catalog,/v1/items,PUT,403,56
req-002756,2026-03-02T02:08:19Z,catalog,/v1/items,GET,200,175
req-005534,2026-03-03T04:57:22Z,auth,/v1/session,GET,301,52
req-004351,2026-03-02T17:38:19Z,catalog,/v1/items,GET,204,45
req-004885,2026-03-02T22:01:48Z,catalog,/v1/items,PUT,200,38
req-005332,2026-03-03T03:24:32Z,checkout,/v1/pay,POST,500,179
req-000683,2026-03-01T06:25:48Z,catalog,/v1/items,GET,204,29
req-001375,2026-03-01T13:06:25Z,auth,/v1/login,POST,504,86
req-003936,2026-03-02T13:05:18Z,catalog,/v1/items,GET,200,67
req-005618,2026-03-03T05:43:50Z,catalog,/v1/items,GET,200,74
req-001051,2026-03-01T10:30:35Z,auth,/v1/login,POST,201,63
req-001660,2026-03-01T16:19:02Z,checkout,/v1/pay,POST,204,263
req-004514,2026-03-02T19:04:37Z,search,/v1/query,GET,502,339
req-001055,2026-03-01T10:15:15Z,auth,/v1/login,POST,200,95
req-003343,2026-03-02T08:25:11Z,search,/v1/query,GET,201,298
req-003264,2026-03-02T07:32:47Z,auth,/v1/login,POST,204,94
req-007074,2026-03-03T19:22:59Z,auth,/v1/login,POST,200,60
req-003345,2026-03-02T08:30:01Z,search,/v1/query,GET,200,1686
req-004388,2026-03-02T18:00:32Z,checkout,/v1/pay,POST,200,131
req-007486,2026-03-03T23:27:05Z,auth,/v1/login,POST,200,71
req-001799,2026-03-01T17:21:59Z,auth,/v1/login,POST,200,75
req-006787,2026-03-03T16:37:51Z,catalog,/v1/items,GET,201,45
req-003038,2026-03-02T05:32:47Z,auth,/v1/login,POST,201,88
req-007502,2026-03-03T23:54:35Z,catalog,/v1/items,GET,204,151
req-001222,2026-03-01T12:23:59Z,checkout,/v1/pay,POST,400,183
req-000361,2026-03-01T03:05:23Z,auth,/v1/login,POST,200,84
req-003095,2026-03-02T05:42:11Z,search,/v1/cache,DELETE,201,53
req-004397,2026-03-02T18:14:19Z,search,/v1/query,GET,500,230
req-000571,2026-03-01T05:38:44Z,catalog,/v1/items,GET,200,49
req-004016,2026-03-02T14:26:46Z,catalog,/v1/items,GET,200,42
req-005010,2026-03-03T00:35:56Z,checkout,/v1/pay,POST,201,161
req-006966,2026-03-03T18:28:06Z,auth,/v1/login,POST,200,179
req-003894,2026-03-02T13:25:24Z,auth,/v1/login,POST,200,92
req-003825,2026-03-02T12:42:42Z,catalog,/v1/items,GET,200,48
req-007037,2026-03-03T19:14:25Z,billing,/v1/invoices,GET,200,514
req-006705,2026-03-03T15:03:18Z,search,/v1/cache,DELETE,201,36
req-004289,2026-03-02T17:31:33Z,search,/v1/query,GET,201,440
req-000753,2026-03-01T07:25:50Z,auth,/v1/login,POST,204,53
req-005602,2026-03-03T05:12:36Z,auth,/v1/login,POST,200,103
req-003596,2026-03-02T10:37:07Z,catalog,/v1/items,GET,200,65
req-000654,2026-03-01T06:34:30Z,auth,/v1/login,POST,201,72
req-001223,2026-03-01T12:12:05Z,checkout,/v1/pay,POST,200,141
req-006036,2026-03-03T09:24:20Z,catalog,/v1/items,GET,204,52
req-005876,2026-03-03T08:38:17Z,checkout,/v1/pay,POST,200,235
req-004101,2026-03-02T15:42:08Z,auth,/v1/login,POST,200,80
req-003349,2026-03-02T08:02:52Z,search,/v1/query,GET,200,363
req-003232,2026-03-02T07:22:28Z,search,/v1/query,GET,403,1839
req-000948,2026-03-01T09:37:56Z,search,/v1/query,GET,201,394
req-001743,2026-03-01T16:32:05Z,auth,/v1/session,GET,403,30
req-005608,2026-03-03T05:05:42Z,catalog,/v1/items,GET,201,73
req-000418,2026-03-01T04:08:50Z,checkout,/v1/pay,POST,200,147
req-000532,2026-03-01T05:12:28Z,search,/v1/query,GET,201,472
req-007447,2026-03-03T23:44:27Z,checkout,/v1/pay,POST,204,218
req-006281,2026-03-03T11:37:32Z,auth,/v1/session,GET,302,36
req-004434,2026-03-02T18:50:05Z,catalog,/v1/items,GET,200,73
req-007189,2026-03-03T20:14:16Z,catalog,/v1/items,GET,204,74
req-001350,2026-03-01T13:11:51Z,search,/v1/query,GET,201,396
req-007114,2026-03-03T19:00:01Z,catalog,/v1/items,PUT,201,47
req-006622,2026-03-03T15:16:40Z,billing,/v1/invoices,GET,200,1795
req-001542,2026-03-01T14:35:50Z,auth,/v1/session,GET,301,63
req-004907,2026-03-02T23:25:14Z,checkout,/v1/pay,POST,200,205
req-002441,2026-03-01T23:31:52Z,auth,/v1/login,POST,200,65
req-000846,2026-03-01T08:08:39Z,auth,/v1/login,POST,201,79
req-006917,2026-03-03T17:57:33Z,search,/v1/cache,DELETE,201,37
req-000084,2026-03-01T00:21:42Z,catalog,/v1/items,GET,200,96
req-005473,2026-03-03T04:18:19Z,auth,/v1/login,POST,200,60
req-006197,2026-03-03T11:08:44Z,billing,/v1/invoices,GET,200,430
req-007320,2026-03-03T21:46:04Z,catalog,/v1/items,PUT,200,76
req-000591,2026-03-01T05:32:14Z,catalog,/v1/items,GET,200,70
req-007039,2026-03-03T19:57:34Z,billing,/v1/invoices,GET,200,228
req-006791,2026-03-03T16:53:34Z,catalog,/v1/items,GET,204,45
req-001798,2026-03-01T17:45:23Z,auth,/v1/login,POST,201,46
req-006942,2026-03-03T18:32:43Z,search,/v1/query,GET,200,514
req-003919,2026-03-02T13:48:34Z,catalog,/v1/items,GET,204,98
req-001950,2026-03-01T18:46:26Z,catalog,/v1/items,GET,204,61
req-004936,2026-03-02T23:43:45Z,auth,/v1/login,POST,200,78
req-004503,2026-03-02T19:30:35Z,billing,/v1/invoices,GET,200,413
req-005096,2026-03-03T00:18:47Z,auth,/v1/session,GET,200,50
req-000752,2026-03-01T07:40:27Z,auth,/v1/login,POST,200,89
req-006719,2026-03-03T16:50:04Z,checkout,/v1/pay,POST,200,287
req-006566,2026-03-03T14:19:25Z,catalog,/v1/items,GET,201,57
req-005592,2026-03-03T05:28:48Z,auth,/v1/login,POST,201,51
req-006144,2026-03-03T10:05:54Z,catalog,/v1/items,GET,201,53
req-004629,2026-03-02T20:27:38Z,auth,/v1/login,POST,200,74
req-007302,2026-03-03T21:47:17Z,catalog,/v1/items,GET,204,13
req-004023,2026-03-02T14:00:29Z,catalog,/v1/items,GET,200,21
req-006429,2026-03-03T13:54:10Z,auth,/v1/login,POST,200,66
req-002193,2026-03-01T21:35:04Z,checkout,/v1/pay,POST,500,145
req-002243,2026-03-01T21:02:18Z,catalog,/v1/items,GET,200,68
req-002425,2026-03-01T23:24:14Z,auth,/v1/login,POST,200,75
req-002879,2026-03-02T03:02:23Z,catalog,/v1/items,GET,201,47
req-005106,2026-03-03T01:37:50Z,checkout,/v1/pay,POST,200,177
req-005305,2026-03-03T02:43:21Z,catalog,/v1/items,PUT,200,75
req-003716,2026-03-02T11:54:27Z,catalog,/v1/items,GET,201,60
req-005505,2026-03-03T04:24:36Z,catalog,/v1/items,GET,200,65
req-001341,2026-03-01T13:01:44Z,checkout,/v1/pay,POST,204,285
req-007355,2026-03-03T22:04:00Z,billing,/v1/invoices,GET,200,502
req-000184,2026-03-01T01:53:05Z,catalog,/v1/items,GET,200,41
req-007400,2026-03-03T22:11:45Z,catalog,/v1/items,GET,403,68
req-002978,2026-03-02T04:45:48Z,catalog,/v1/items,PUT,201,69
req-005256,2026-03-03T02:48:10Z,auth,/v1/login,POST,201,67
req-005914,2026-03-03T08:38:17Z,auth,/v1/login,POST,204,76
req-006391,2026-03-03T13:37:50Z,checkout,/v1/pay,POST,200,264
req-003351,2026-03-02T08:54:18Z,search,/v1/query,GET,200,325
req-003571,2026-03-02T10:01:48Z,auth,/v1/login,POST,204,101
req-006453,2026-03-03T13:02:30Z,catalog,/v1/items,GET,200,51
req-005006,2026-03-03T00:32:28Z,checkout,/v1/pay,POST,200,143
req-005333,2026-03-03T03:49:47Z,checkout,/v1/pay,POST,201,494
req-001899,2026-03-01T18:23:46Z,auth,/v1/login,POST,200,68
req-000053,2026-03-01T00:13:43Z,auth,/v1/login,POST,204,56
req-007097,2026-03-03T19:05:40Z,catalog,/v1/items,GET,200,60
req-007576,2026-03-01T20:36:00Z,billing,/v1/refund,POST,200,207
req-002778,2026-03-02T02:19:41Z,catalog,/v1/items,PUT,200,68
req-006157,2026-03-03T10:50:42Z,catalog,/v1/items,GET,400,145
req-003451,2026-03-02T09:31:42Z,billing,/v1/invoices,GET,201,1740
req-006736,2026-03-03T16:21:57Z,search,/v1/query,GET,201,415
req-007409,2026-03-03T22:24:38Z,catalog,/v1/items,GET,200,85
req-000298,2026-03-01T02:17:35Z,catalog,/v1/items,GET,200,53
req-007349,2026-03-03T22:09:51Z,checkout,/v1/pay,POST,200,187
req-002661,2026-03-02T01:13:10Z,catalog,/v1/items,GET,201,66
req-007044,2026-03-03T19:57:07Z,billing,/v1/invoices,GET,200,600
req-003679,2026-03-02T11:17:21Z,auth,/v1/login,POST,200,67
req-001658,2026-03-01T16:42:17Z,checkout,/v1/pay,POST,200,232
req-000711,2026-03-01T06:00:00Z,search,/v1/cache,DELETE,200,42
req-001349,2026-03-01T13:07:28Z,search,/v1/query,GET,200,1729
req-004018,2026-03-02T14:34:51Z,catalog,/v1/items,GET,200,38
req-002466,2026-03-01T23:20:24Z,catalog,/v1/items,GET,204,60
req-003911,2026-03-02T13:30:40Z,catalog,/v1/items,GET,200,63
req-000757,2026-03-01T07:48:22Z,auth,/v1/login,POST,200,163
req-004948,2026-03-02T23:15:03Z,auth,/v1/login,POST,200,79
req-004532,2026-03-02T19:31:10Z,auth,/v1/login,POST,204,81
req-004031,2026-03-02T14:00:45Z,catalog,/v1/items,GET,204,38
req-003299,2026-03-02T07:04:22Z,catalog,/v1/items,GET,200,58
req-002135,2026-03-01T20:02:44Z,catalog,/v1/items,GET,200,51
req-006246,2026-03-03T11:51:40Z,catalog,/v1/items,GET,204,69
req-002222,2026-03-01T21:34:55Z,auth,/v1/login,POST,200,62
req-005567,2026-03-03T05:13:21Z,billing,/v1/invoices,GET,200,319
req-007290,2026-03-03T21:47:11Z,catalog,/v1/items,GET,204,58
req-000705,2026-03-01T06:15:53Z,auth,/v1/session,GET,301,46
req-002052,2026-03-01T19:57:46Z,catalog,/v1/items,GET,201,101
req-007196,2026-03-03T20:04:35Z,catalog,/v1/items,GET,201,46
req-006271,2026-03-03T11:55:57Z,catalog,/v1/items,PUT,201,97
req-000108,2026-03-01T01:02:03Z,checkout,/v1/pay,POST,200,220
req-006759,2026-03-03T16:26:54Z,auth,/v1/login,POST,201,67
req-001208,2026-03-01T11:26:40Z,catalog,/v1/items,PUT,200,104
req-000533,2026-03-01T05:32:50Z,search,/v1/query,GET,204,236
req-004105,2026-03-02T15:49:40Z,auth,/v1/login,POST,200,52
req-005261,2026-03-03T02:27:25Z,auth,/v1/login,POST,204,106
req-001689,2026-03-01T16:50:51Z,auth,/v1/login,POST,201,78
req-002544,2026-03-02T00:48:24Z,auth,/v1/login,POST,200,92
req-006260,2026-03-03T11:48:50Z,catalog,/v1/items,GET,200,59
req-004567,2026-03-02T19:14:04Z,catalog,/v1/items,PUT,204,213
req-005812,2026-03-03T07:03:15Z,auth,/v1/login,POST,200,45
req-007356,2026-03-03T22:14:40Z,billing,/v1/invoices,GET,200,423
req-002828,2026-03-02T03:04:06Z,auth,/v1/login,POST,204,88
req-004740,2026-03-02T21:43:52Z,auth,/v1/login,POST,200,93
req-003488,2026-03-02T09:25:01Z,catalog,/v1/items,GET,200,71
req-000479,2026-03-01T04:28:51Z,catalog,/v1/items,GET,200,72
req-000951,2026-03-01T09:35:15Z,auth,/v1/login,POST,200,118
req-004529,2026-03-02T19:05:33Z,auth,/v1/login,POST,201,97
req-000099,2026-03-01T01:39:42Z,checkout,/v1/pay,POST,200,281
req-001199,2026-03-01T11:32:57Z,catalog,/v1/items,GET,204,56
req-000680,2026-03-01T06:12:00Z,catalog,/v1/items,GET,204,45
req-000092,2026-03-01T00:06:37Z,auth,/v1/session,GET,201,39
req-004714,2026-03-02T21:01:41Z,checkout,/v1/pay,POST,204,193
req-000791,2026-03-01T07:35:12Z,catalog,/v1/items,GET,200,65
req-005140,2026-03-03T01:38:38Z,auth,/v1/login,POST,201,69
req-000300,2026-03-01T02:57:25Z,catalog,/v1/items,PUT,200,77
req-006084,2026-03-03T10:12:30Z,checkout,/v1/pay,POST,200,237
req-006254,2026-03-03T11:07:18Z,catalog,/v1/items,GET,200,61
req-007295,2026-03-03T21:19:04Z,catalog,/v1/items,GET,200,9
req-003732,2026-03-02T11:13:48Z,catalog,/v1/items,GET,200,73
req-004262,2026-03-02T16:04:32Z,search,/v1/cache,DELETE,200,44
req-006248,2026-03-03T11:20:48Z,catalog,/v1/items,GET,200,59
req-002182,2026-03-01T21:01:07Z,checkout,/v1/pay,POST,503,187
req-004077,2026-03-02T15:46:26Z,billing,/v1/invoices,GET,200,443
req-001706,2026-03-01T16:38:48Z,auth,/v1/login,POST,200,83
req-006023,2026-03-03T09:39:51Z,catalog,/v1/items,GET,200,61
req-003045,2026-03-02T05:48:59Z,auth,/v1/login,POST,200,100
req-003443,2026-03-02T09:50:10Z,checkout,/v1/pay,POST,200,291
req-000424,2026-03-01T04:47:17Z,checkout,/v1/pay,POST,201,218
req-004302,2026-03-02T17:09:37Z,auth,/v1/login,POST,204,106
req-000376,2026-03-01T03:35:35Z,catalog,/v1/items,GET,200,76
req-003165,2026-03-02T06:22:37Z,catalog,/v1/items,GET,204,43
req-007328,2026-03-03T21:51:18Z,auth,/v1/session,GET,301,38
req-007569,2026-03-01T20:08:00Z,billing,/v1/refund,POST,200,186
req-001464,2026-03-01T14:50:32Z,search,/v1/query,GET,204,405
req-000490,2026-03-01T04:58:37Z,catalog,/v1/items,PUT,204,57
req-001908,2026-03-01T18:46:10Z,auth,/v1/login,POST,200,62
req-001688,2026-03-01T16:50:54Z,auth,/v1/login,POST,200,193
req-002976,2026-03-02T04:31:07Z,catalog,/v1/items,GET,204,81
req-001010,2026-03-01T09:15:01Z,auth,/v1/session,GET,200,32
req-005790,2026-03-03T07:03:05Z,auth,/v1/login,POST,200,86
req-000059,2026-03-01T00:25:43Z,catalog,/v1/items,GET,200,81
req-004911,2026-03-02T23:44:24Z,checkout,/v1/pay,POST,204,136
req-003591,2026-03-02T10:00:08Z,auth,/v1/login,POST,204,95
req-000473,2026-03-01T04:51:43Z,catalog,/v1/items,GET,204,136
req-007108,2026-03-03T19:01:56Z,catalog,/v1/items,GET,201,69
req-007463,2026-03-03T23:04:22Z,search,/v1/query,GET,200,251
req-005482,2026-03-03T04:32:27Z,auth,/v1/login,POST,200,73
req-000172,2026-03-01T01:52:55Z,catalog,/v1/items,GET,204,143
req-002710,2026-03-02T02:10:06Z,billing,/v1/invoices,GET,200,272
req-007582,2026-03-01T21:00:00Z,billing,/v1/refund,POST,200,225
req-004346,2026-03-02T17:42:16Z,catalog,/v1/items,GET,200,34
req-001250,2026-03-01T12:44:44Z,search,/v1/query,GET,200,285
req-005910,2026-03-03T08:29:49Z,auth,/v1/login,POST,200,56
req-000255,2026-03-01T02:36:02Z,auth,/v1/login,POST,200,82
req-002998,2026-03-02T05:27:31Z,checkout,/v1/pay,POST,204,243
req-001461,2026-03-01T14:44:12Z,search,/v1/query,GET,204,351
req-000733,2026-03-01T07:29:40Z,billing,/v1/invoices,GET,201,327
req-002282,2026-03-01T22:42:36Z,checkout,/v1/pay,POST,500,188
req-005537,2026-03-03T04:12:56Z,auth,/v1/session,GET,200,48
req-007565,2026-03-01T10:39:00Z,checkout,/v1/cart,GET,200,163
req-000774,2026-03-01T07:11:35Z,catalog,/v1/items,GET,200,31
req-005532,2026-03-03T04:16:12Z,catalog,/v1/items,PUT,204,94
req-005544,2026-03-03T05:07:29Z,checkout,/v1/pay,POST,200,253
req-006897,2026-03-03T17:16:45Z,catalog,/v1/items,GET,200,66
req-000484,2026-03-01T04:51:34Z,catalog,/v1/items,GET,200,62
req-000007,2026-03-01T00:35:18Z,checkout,/v1/pay,POST,200,210
req-006080,2026-03-03T10:54:44Z,checkout,/v1/pay,POST,200,197
req-000514,2026-03-01T05:57:42Z,checkout,/v1/pay,POST,201,259
req-000565,2026-03-01T05:12:10Z,catalog,/v1/items,GET,201,133
req-005414,2026-03-03T03:41:56Z,catalog,/v1/items,GET,201,62
req-001482,2026-03-01T14:10:19Z,auth,/v1/login,POST,200,71
req-006635,2026-03-03T15:12:00Z,search,/v1/query,GET,200,335
req-001614,2026-03-01T15:14:07Z,catalog,/v1/items,GET,200,48
req-005986,2026-03-03T09:00:43Z,billing,/v1/invoices,GET,204,250
req-001901,2026-03-01T18:15:50Z,auth,/v1/login,POST,200,101
req-003107,2026-03-02T06:15:54Z,checkout,/v1/pay,POST,200,235
req-000065,2026-03-01T00:26:20Z,catalog,/v1/items,GET,200,72
req-001238,2026-03-01T12:24:20Z,billing,/v1/invoices,GET,200,1748
req-006179,2026-03-03T10:19:16Z,search,/v1/cache,DELETE,200,65
req-003530,2026-03-02T09:38:49Z,auth,/v1/session,GET,200,49
req-000048,2026-03-01T00:16:32Z,auth,/v1/login,POST,200,107
req-001814,2026-03-01T17:41:22Z,catalog,/v1/items,GET,201,51
req-002381,2026-03-01T22:04:49Z,catalog,/v1/items,PUT,200,108
req-006089,2026-03-03T10:43:50Z,billing,/v1/invoices,GET,201,1771
req-005888,2026-03-03T08:54:16Z,search,/v1/query,GET,200,316
req-001462,2026-03-01T14:04:10Z,search,/v1/query,GET,204,301
req-003437,2026-03-02T09:25:50Z,checkout,/v1/pay,POST,200,159
req-003240,2026-03-02T07:03:02Z,search,/v1/query,GET,201,338
req-003110,2026-03-02T06:48:52Z,checkout,/v1/pay,POST,201,177
req-006899,2026-03-03T17:23:10Z,catalog,/v1/items,GET,200,63
req-003595,2026-03-02T10:39:34Z,catalog,/v1/items,GET,401,72
req-003128,2026-03-02T06:43:39Z,search,/v1/query,GET,200,1412
req-005846,2026-03-03T07:03:27Z,catalog,/v1/items,PUT,204,101
req-003080,2026-03-02T05:08:01Z,catalog,/v1/items,PUT,200,110
req-003592,2026-03-02T10:35:58Z,catalog,/v1/items,GET,201,92
req-004680,2026-03-02T20:20:32Z,catalog,/v1/items,PUT,201,49
req-005439,2026-03-03T04:08:04Z,checkout,/v1/pay,POST,200,377
req-001066,2026-03-01T10:55:11Z,auth,/v1/login,POST,201,83
req-006177,2026-03-03T10:44:40Z,search,/v1/cache,DELETE,201,51
req-000495,2026-03-01T04:55:23Z,catalog,/v1/items,PUT,201,79
req-003559,2026-03-02T10:18:54Z,search,/v1/query,GET,201,414
req-003154,2026-03-02T06:31:53Z,catalog,/v1/items,GET,200,61
req-002430,2026-03-01T23:36:21Z,auth,/v1/login,POST,502,56
req-004965,2026-03-02T23:25:23Z,catalog,/v1/items,GET,204,65
req-001780,2026-03-01T17:04:04Z,search,/v1/query,GET,201,1642
req-004330,2026-03-02T17:55:01Z,catalog,/v1/items,GET,200,67
req-005296,2026-03-03T02:30:47Z,catalog,/v1/items,GET,200,98
req-001488,2026-03-01T14:33:21Z,auth,/v1/login,POST,200,72
req-004807,2026-03-02T22:26:07Z,checkout,/v1/pay,POST,200,139
req-004735,2026-03-02T21:11:09Z,auth,/v1/login,POST,200,62
req-004222,2026-03-02T16:43:18Z,catalog,/v1/items,GET,204,69
req-005172,2026-03-03T01:02:51Z,catalog,/v1/items,GET,200,71
req-005852,2026-03-03T07:59:04Z,auth,/v1/session,GET,204,36
req-002957,2026-03-02T04:10:55Z,catalog,/v1/items,GET,200,60
req-003120,2026-03-02T06:01:45Z,search,/v1/query,GET,201,304
req-002300,2026-03-01T22:05:39Z,billing,/v1/invoices,GET,200,493
req-004325,2026-03-02T17:25:40Z,catalog,/v1/items,GET,200,84
req-004639,2026-03-02T20:30:05Z,auth,/v1/login,POST,200,63
req-000436,2026-03-01T04:43:09Z,search,/v1/query,GET,500,403
req-002720,2026-03-02T02:24:36Z,search,/v1/query,GET,504,337
req-002268,2026-03-01T21:21:34Z,catalog,/v1/items,PUT,200,119
req-001112,2026-03-01T10:09:35Z,auth,/v1/session,GET,201,44
req-006843,2026-03-03T17:18:38Z,auth,/v1/login,POST,200,114
req-004751,2026-03-02T21:29:13Z,auth,/v1/login,POST,200,56
req-004609,2026-03-02T20:52:20Z,search,/v1/query,GET,200,468
req-005374,2026-03-03T03:58:03Z,auth,/v1/login,POST,200,99
req-005378,2026-03-03T03:47:11Z,auth,/v1/login,POST,502,55
req-004313,2026-03-02T17:14:17Z,auth,/v1/login,POST,200,61
req-005213,2026-03-03T02:15:33Z,checkout,/v1/pay,POST,200,292
req-004788,2026-03-02T21:57:32Z,catalog,/v1/items,PUT,200,123
req-001193,2026-03-01T11:50:24Z,catalog,/v1/items,GET,204,47
req-002729,2026-03-02T02:34:15Z,auth,/v1/login,POST,201,168
req-006571,2026-03-03T14:25:31Z,catalog,/v1/items,GET,200,61
req-005770,2026-03-03T07:50:04Z,checkout,/v1/pay,POST,200,242
req-003998,2026-03-02T14:42:09Z,auth,/v1/login,POST,200,49
req-005117,2026-03-03T01:00:18Z,checkout,/v1/pay,POST,200,248
req-005418,2026-03-03T03:35:58Z,catalog,/v1/items,PUT,200,115
req-000707,2026-03-01T06:30:23Z,auth,/v1/session,GET,204,39
req-001851,2026-03-01T17:15:09Z,catalog,/v1/items,PUT,200,203
req-006306,2026-03-03T12:11:44Z,billing,/v1/invoices,GET,502,287
req-006294,2026-03-03T12:50:26Z,checkout,/v1/pay,POST,200,163
req-005634,2026-03-03T05:19:35Z,catalog,/v1/items,GET,200,47
req-000210,2026-03-01T02:29:28Z,checkout,/v1/pay,POST,503,317
req-001316,2026-03-01T12:36:10Z,catalog,/v1/items,PUT,403,40
req-000987,2026-03-01T09:50:16Z,catalog,/v1/items,GET,200,52
req-004328,2026-03-02T17:40:59Z,catalog,/v1/items,GET,200,63
req-002455,2026-03-01T23:14:47Z,catalog,/v1/items,GET,200,29
req-006888,2026-03-03T17:56:00Z,catalog,/v1/items,GET,204,63
req-004027,2026-03-02T14:49:28Z,catalog,/v1/items,GET,201,55
req-007590,2026-03-01T21:32:00Z,billing,/v1/refund,POST,200,900
req-007440,2026-03-03T23:56:45Z,checkout,/v1/pay,POST,200,145
req-002876,2026-03-02T03:32:39Z,catalog,/v1/items,GET,200,53
req-005168,2026-03-03T01:34:23Z,catalog,/v1/items,GET,200,71
req-003266,2026-03-02T07:02:03Z,auth,/v1/login,POST,204,95
req-005560,2026-03-03T05:41:37Z,checkout,/v1/pay,POST,200,198
req-003853,2026-03-02T12:50:44Z,search,/v1/cache,DELETE,200,67
req-000147,2026-03-01T01:33:26Z,auth,/v1/login,POST,200,64
req-002279,2026-03-01T21:31:38Z,search,/v1/cache,DELETE,200,54
req-007102,2026-03-03T19:02:24Z,catalog,/v1/items,GET,201,49
req-006783,2026-03-03T16:07:41Z,catalog,/v1/items,GET,200,36
req-001268,2026-03-01T12:25:13Z,auth,/v1/login,POST,204,118
req-004287,2026-03-02T17:37:32Z,search,/v1/query,GET,200,179
req-000015,2026-03-01T00:27:57Z,checkout,/v1/pay,POST,200,197
req-005617,2026-03-03T05:59:52Z,catalog,/v1/items,GET,204,60
req-001061,2026-03-01T10:34:13Z,auth,/v1/login,POST,204,84
req-004944,2026-03-02T23:46:04Z,auth,/v1/login,POST,201,64
req-001835,2026-03-01T17:05:31Z,catalog,/v1/items,GET,204,76
req-002560,2026-03-02T00:20:03Z,catalog,/v1/items,GET,204,144
req-003956,2026-03-02T13:28:07Z,auth,/v1/session,GET,204,59
req-003900,2026-03-02T13:11:53Z,auth,/v1/login,POST,200,88
req-002717,2026-03-02T02:32:47Z,search,/v1/query,GET,201,302
req-006042,2026-03-03T09:33:20Z,catalog,/v1/items,GET,201,145
req-003569,2026-03-02T10:52:30Z,auth,/v1/login,POST,503,180
req-003059,2026-03-02T05:55:58Z,catalog,/v1/items,GET,201,51
req-000157,2026-03-01T01:18:20Z,auth,/v1/login,POST,200,93
req-006620,2026-03-03T15:55:39Z,checkout,/v1/pay,POST,204,230
req-002618,2026-03-02T01:27:21Z,search,/v1/query,GET,500,516
req-001403,2026-03-01T13:33:58Z,catalog,/v1/items,GET,204,49
req-002394,2026-03-01T23:15:19Z,checkout,/v1/pay,POST,200,263
req-003328,2026-03-02T08:00:13Z,checkout,/v1/pay,POST,200,220
req-004006,2026-03-02T14:44:17Z,auth,/v1/login,POST,204,78
req-007454,2026-03-03T23:55:49Z,billing,/v1/invoices,GET,200,447
req-003044,2026-03-02T05:27:25Z,auth,/v1/login,POST,200,62
req-002297,2026-03-01T22:27:05Z,billing,/v1/invoices,GET,200,488
req-003061,2026-03-02T05:50:44Z,catalog,/v1/items,GET,204,69
req-001256,2026-03-01T12:16:46Z,auth,/v1/login,POST,200,93
req-000781,2026-03-01T07:23:56Z,catalog,/v1/items,GET,200,66
req-000737,2026-03-01T07:27:51Z,search,/v1/query,GET,200,361
req-001678,2026-03-01T16:08:50Z,search,/v1/query,GET,201,295
req-000198,2026-03-01T01:18:20Z,catalog,/v1/items,PUT,201,51
req-000042,2026-03-01T00:25:08Z,auth,/v1/login,POST,200,65
req-000368,2026-03-01T03:19:10Z,catalog,/v1/items,GET,201,45
req-006619,2026-03-03T15:49:22Z,checkout,/v1/pay,POST,503,235
req-000716,2026-03-01T07:00:11Z,checkout,/v1/pay,POST,204,194
req-003224,2026-03-02T07:35:07Z,billing,/v1/invoices,GET,200,434
req-003479,2026-03-02T09:44:29Z,auth,/v1/login,POST,201,193
req-001009,2026-03-01T09:40:53Z,catalog,/v1/items,PUT,200,55
req-006237,2026-03-03T11:37:59Z,catalog,/v1/items,GET,204,55
req-006805,2026-03-03T16:23:47Z,search,/v1/cache,DELETE,200,51
req-005126,2026-03-03T01:48:02Z,billing,/v1/invoices,GET,201,1836
req-003570,2026-03-02T10:00:45Z,auth,/v1/login,POST,200,117
req-003593,2026-03-02T10:03:25Z,catalog,/v1/items,GET,200,70
req-005955,2026-03-03T08:36:55Z,catalog,/v1/items,PUT,204,80
req-003294,2026-03-02T07:35:44Z,catalog,/v1/items,GET,201,41
req-001560,2026-03-01T15:15:35Z,checkout,/v1/pay,POST,201,242
req-000197,2026-03-01T01:38:03Z,catalog,/v1/items,PUT,503,94
req-002097,2026-03-01T20:09:18Z,billing,/v1/invoices,GET,200,376
req-003805,2026-03-02T12:48:56Z,catalog,/v1/items,GET,200,44
req-005501,2026-03-03T04:05:37Z,catalog,/v1/items,GET,201,60
req-000274,2026-03-01T02:51:43Z,catalog,/v1/items,GET,200,45
req-000025,2026-03-01T00:38:27Z,search,/v1/query,GET,200,454
req-003295,2026-03-02T07:20:22Z,catalog,/v1/items,GET,201,40
req-004041,2026-03-02T14:56:50Z,catalog,/v1/items,GET,200,47
req-004034,2026-03-02T14:06:46Z,catalog,/v1/items,GET,200,31
req-007225,2026-03-03T20:37:25Z,search,/v1/cache,DELETE,201,38
req-000530,2026-03-01T05:17:53Z,billing,/v1/invoices,GET,200,306
req-001512,2026-03-01T14:21:01Z,catalog,/v1/items,GET,200,39
req-002092,2026-03-01T20:35:54Z,checkout,/v1/pay,POST,200,250
req-004354,2026-03-02T17:16:25Z,catalog,/v1/items,PUT,201,113
req-006040,2026-03-03T09:44:22Z,catalog,/v1/items,GET,200,68
req-004186,2026-03-02T16:35:21Z,search,/v1/query,GET,200,418
req-003136,2026-03-02T06:34:36Z,auth,/v1/login,POST,200,105
req-003435,2026-03-02T09:21:40Z,checkout,/v1/pay,POST,204,332
req-003108,2026-03-02T06:32:39Z,checkout,/v1/pay,POST,200,102
req-001296,2026-03-01T12:11:57Z,catalog,/v1/items,GET,201,67
req-002507,2026-03-02T00:28:17Z,checkout,/v1/pay,POST,200,219
req-006819,2026-03-03T17:24:01Z,checkout,/v1/pay,POST,204,193
req-004803,2026-03-02T22:56:58Z,checkout,/v1/pay,POST,503,214
req-003942,2026-03-02T13:52:16Z,catalog,/v1/items,GET,200,60
req-007016,2026-03-03T18:17:57Z,auth,/v1/session,GET,204,45
req-000612,2026-03-01T05:48:50Z,auth,/v1/session,GET,200,56
req-002387,2026-03-01T22:49:51Z,auth,/v1/session,GET,302,47
req-005547,2026-03-03T05:28:32Z,checkout,/v1/pay,POST,200,231
req-006088,2026-03-03T10:09:44Z,checkout,/v1/pay,POST,200,230
req-003339,2026-03-02T08:31:49Z,billing,/v1/invoices,GET,200,568
req-002299,2026-03-01T22:12:54Z,billing,/v1/invoices,GET,200,558
req-006559,2026-03-03T14:46:02Z,auth,/v1/login,POST,200,43
req-000228,2026-03-01T02:33:26Z,billing,/v1/invoices,GET,204,471
req-005600,2026-03-03T05:24:51Z,auth,/v1/login,POST,201,75
req-001800,2026-03-01T17:20:26Z,auth,/v1/login,POST,200,57
req-006724,2026-03-03T16:42:55Z,billing,/v1/invoices,GET,200,445
req-007401,2026-03-03T22:59:50Z,catalog,/v1/items,GET,200,74
req-001423,2026-03-01T13:00:27Z,catalog,/v1/items,PUT,200,11
req-001996,2026-03-01T19:17:41Z,search,/v1/query,GET,200,392
req-005679,2026-03-03T06:52:45Z,search,/v1/query,GET,200,222
req-002980,2026-03-02T04:09:09Z,catalog,/v1/items,PUT,204,189
req-002888,2026-03-02T03:14:19Z,auth,/v1/session,GET,301,42
req-003576,2026-03-02T10:45:38Z,auth,/v1/login,POST,200,100
req-003440,2026-03-02T09:10:11Z,checkout,/v1/pay,POST,200,161
req-001850,2026-03-01T17:19:05Z,catalog,/v1/items,PUT,201,103
req-000114,2026-03-01T01:39:03Z,checkout,/v1/pay,POST,200,217
req-002892,2026-03-02T03:39:59Z,auth,/v1/session,GET,200,49
req-007517,2026-03-03T23:59:17Z,catalog,/v1/items,GET,200,77
req-004107,2026-03-02T15:38:00Z,auth,/v1/login,POST,200,68
req-002743,2026-03-02T02:08:44Z,auth,/v1/login,POST,204,32
req-000062,2026-03-01T00:12:16Z,catalog,/v1/items,GET,204,36
req-001247,2026-03-01T12:21:18Z,search,/v1/query,GET,401,1740
req-003932,2026-03-02T13:04:08Z,catalog,/v1/items,GET,200,70
req-003633,2026-03-02T10:35:14Z,catalog,/v1/items,PUT,404,105
req-004516,2026-03-02T19:04:39Z,auth,/v1/login,POST,200,113
req-000493,2026-03-01T04:58:39Z,catalog,/v1/items,PUT,200,101
req-000808,2026-03-01T07:08:05Z,search,/v1/cache,DELETE,204,60
req-004715,2026-03-02T21:12:45Z,checkout,/v1/pay,POST,200,204
req-006504,2026-03-03T14:16:39Z,checkout,/v1/pay,POST,204,254
req-006145,2026-03-03T10:28:41Z,catalog,/v1/items,GET,200,84
req-004015,2026-03-02T14:07:47Z,catalog,/v1/items,GET,204,71
req-000658,2026-03-01T06:47:46Z,auth,/v1/login,POST,200,35
req-001669,2026-03-01T16:56:11Z,billing,/v1/invoices,GET,201,446
req-002830,2026-03-02T03:30:21Z,auth,/v1/login,POST,200,89
req-004032,2026-03-02T14:11:33Z,catalog,/v1/items,GET,201,55
req-001977,2026-03-01T19:54:15Z,checkout,/v1/pay,POST,401,209
req-003460,2026-03-02T09:38:18Z,search,/v1/query,GET,200,396
req-005033,2026-03-03T00:52:14Z,auth,/v1/login,POST,200,106
req-003979,2026-03-02T14:44:42Z,billing,/v1/invoices,GET,204,423
req-006617,2026-03-03T15:23:57Z,checkout,/v1/pay,POST,502,257
req-006114,2026-03-03T10:31:16Z,auth,/v1/login,POST,204,50
req-007147,2026-03-03T20:33:15Z,billing,/v1/invoices,GET,200,435
req-001869,2026-03-01T18:01:28Z,checkout,/v1/pay,POST,204,266
req-001257,2026-03-01T12:01:11Z,auth,/v1/login,POST,200,98
req-001217,2026-03-01T11:17:15Z,auth,/v1/session,GET,200,37
req-004454,2026-03-02T18:12:48Z,catalog,/v1/items,GET,200,66
req-001945,2026-03-01T18:47:12Z,catalog,/v1/items,GET,201,72
req-004569,2026-03-02T19:15:42Z,catalog,/v1/items,PUT,400,173
req-002076,2026-03-01T19:35:30Z,auth,/v1/session,GET,200,36
req-001988,2026-03-01T19:47:53Z,checkout,/v1/pay,POST,200,230
req-000672,2026-03-01T06:46:43Z,catalog,/v1/items,GET,204,54
req-004345,2026-03-02T17:49:18Z,catalog,/v1/items,GET,200,66
req-002682,2026-03-02T01:49:22Z,auth,/v1/session,GET,200,39
req-005696,2026-03-03T06:02:53Z,auth,/v1/login,POST,204,171
req-005486,2026-03-03T04:51:43Z,catalog,/v1/items,GET,200,64
req-003539,2026-03-02T10:12:38Z,checkout,/v1/pay,POST,204,197
req-007313,2026-03-03T21:59:36Z,catalog,/v1/items,GET,200,58
req-004748,2026-03-02T21:37:20Z,auth,/v1/login,POST,201,61
req-000317,2026-03-01T03:19:10Z,checkout,/v1/pay,POST,200,230
req-006336,2026-03-03T12:59:17Z,auth,/v1/login,POST,200,59
req-007435,2026-03-03T22:14:58Z,search,/v1/cache,DELETE,201,43
req-006265,2026-03-03T11:01:09Z,catalog,/v1/items,GET,200,56
req-003828,2026-03-02T12:04:56Z,catalog,/v1/items,GET,200,84
req-003882,2026-03-02T13:19:29Z,search,/v1/query,GET,200,368
req-000847,2026-03-01T08:11:56Z,auth,/v1/login,POST,200,199
req-006999,2026-03-03T18:11:26Z,catalog,/v1/items,GET,204,84
req-007299,2026-03-03T21:22:59Z,catalog,/v1/items,GET,200,56
req-005847,2026-03-03T07:22:47Z,catalog,/v1/items,PUT,200,85
req-003280,2026-03-02T07:02:03Z,catalog,/v1/items,GET,204,55
req-003868,2026-03-02T13:35:26Z,checkout,/v1/pay,POST,200,255
req-000958,2026-03-01T09:15:47Z,auth,/v1/login,POST,200,89
req-003185,2026-03-02T06:09:04Z,catalog,/v1/items,GET,204,55
req-000657,2026-03-01T06:48:32Z,auth,/v1/login,POST,204,51
req-007057,2026-03-03T19:19:43Z,auth,/v1/login,POST,200,86
req-003797,2026-03-02T12:56:28Z,auth,/v1/login,POST,201,73
req-000397,2026-03-01T03:06:28Z,catalog,/v1/items,PUT,200,94
req-005756,2026-03-03T06:49:19Z,search,/v1/cache,DELETE,200,73
req-002157,2026-03-01T20:25:29Z,catalog,/v1/items,GET,200,25
req-000442,2026-03-01T04:50:57Z,auth,/v1/login,POST,201,98
req-001269,2026-03-01T12:53:23Z,auth,/v1/login,POST,200,65
req-005932,2026-03-03T08:28:17Z,catalog,/v1/items,GET,200,65
req-005705,2026-03-03T06:42:46Z,auth,/v1/login,POST,401,73
req-001758,2026-03-01T17:35:42Z,checkout,/v1/pay,POST,200,124
req-001562,2026-03-01T15:33:10Z,checkout,/v1/pay,POST,200,154
req-007187,2026-03-03T20:38:05Z,catalog,/v1/items,GET,200,73
req-000742,2026-03-01T07:29:39Z,search,/v1/query,GET,201,388
req-006510,2026-03-03T14:10:30Z,checkout,/v1/pay,POST,204,209
req-006684,2026-03-03T15:06:27Z,catalog,/v1/items,GET,204,47
req-003308,2026-03-02T07:26:45Z,catalog,/v1/items,PUT,201,90
req-000544,2026-03-01T05:53:23Z,auth,/v1/login,POST,200,79
req-006757,2026-03-03T16:03:45Z,auth,/v1/login,POST,200,92
req-004059,2026-03-02T14:11:35Z,search,/v1/cache,DELETE,200,58
req-000937,2026-03-01T09:03:21Z,billing,/v1/invoices,GET,200,314
req-007040,2026-03-03T19:58:32Z,billing,/v1/invoices,GET,400,245
req-000187,2026-03-01T01:13:09Z,catalog,/v1/items,GET,200,75
req-001443,2026-03-01T14:48:27Z,checkout,/v1/pay,POST,204,281
req-001477,2026-03-01T14:27:15Z,auth,/v1/login,POST,201,48
req-003865,2026-03-02T13:04:01Z,checkout,/v1/pay,POST,200,215
req-003331,2026-03-02T08:22:43Z,checkout,/v1/pay,POST,200,355
req-002033,2026-03-01T19:20:39Z,catalog,/v1/items,GET,201,38
req-006333,2026-03-03T12:27:33Z,auth,/v1/login,POST,200,85
req-004415,2026-03-02T18:16:07Z,auth,/v1/login,POST,201,94
req-002472,2026-03-01T23:36:07Z,catalog,/v1/items,GET,200,74
req-005918,2026-03-03T08:55:47Z,catalog,/v1/items,GET,204,65
req-002732,2026-03-02T02:36:50Z,auth,/v1/login,POST,201,79
req-005809,2026-03-03T07:33:38Z,auth,/v1/login,POST,201,88
req-001190,2026-03-01T11:19:18Z,catalog,/v1/items,GET,200,28
req-003548,2026-03-02T10:59:31Z,checkout,/v1/pay,POST,200,211
req-003574,2026-03-02T10:44:47Z,auth,/v1/login,POST,204,169
req-004896,2026-03-02T22:03:35Z,auth,/v1/session,GET,301,50
req-001621,2026-03-01T15:30:37Z,catalog,/v1/items,GET,502,43
req-005360,2026-03-03T03:56:52Z,auth,/v1/login,POST,204,94
req-001700,2026-03-01T16:13:58Z,auth,/v1/login,POST,200,68
req-002532,2026-03-02T00:47:13Z,auth,/v1/login,POST,200,84
req-001666,2026-03-01T16:33:16Z,billing,/v1/invoices,GET,204,307
req-006199,2026-03-03T11:14:51Z,billing,/v1/invoices,GET,204,270
req-000146,2026-03-01T01:20:50Z,auth,/v1/login,POST,201,84
req-000382,2026-03-01T03:25:21Z,catalog,/v1/items,GET,200,34
req-003302,2026-03-02T07:41:11Z,catalog,/v1/items,PUT,201,103
req-007289,2026-03-03T21:36:30Z,catalog,/v1/items,GET,200,39
req-001035,2026-03-01T10:43:53Z,billing,/v1/invoices,GET,200,211
req-004366,2026-03-02T17:34:13Z,auth,/v1/session,GET,301,37
req-006806,2026-03-03T16:33:40Z,search,/v1/cache,DELETE,500,44
req-001665,2026-03-01T16:30:24Z,checkout,/v1/pay,POST,200,263
req-003661,2026-03-02T11:43:28Z,billing,/v1/invoices,GET,201,349
req-006839,2026-03-03T17:26:58Z,search,/v1/query,GET,204,253
req-004072,2026-03-02T15:27:01Z,checkout,/v1/pay,POST,204,189
req-005434,2026-03-03T04:48:54Z,checkout,/v1/pay,POST,200,112
req-006369,2026-03-03T12:58:33Z,catalog,/v1/items,GET,204,72
req-000469,2026-03-01T04:08:15Z,catalog,/v1/items,GET,201,53
req-003285,2026-03-02T07:17:26Z,catalog,/v1/items,GET,201,84
req-002426,2026-03-01T23:44:06Z,auth,/v1/login,POST,200,56
req-001156,2026-03-01T11:51:04Z,auth,/v1/login,POST,200,61
req-003180,2026-03-02T06:43:45Z,catalog,/v1/items,GET,200,44
req-002634,2026-03-02T01:49:54Z,auth,/v1/login,POST,204,63
req-002223,2026-03-01T21:55:40Z,auth,/v1/login,POST,200,30
req-005471,2026-03-03T04:57:17Z,auth,/v1/login,POST,200,73
req-000203,2026-03-01T01:37:25Z,auth,/v1/session,GET,200,33
req-000437,2026-03-01T04:13:40Z,search,/v1/query,GET,204,431
req-003687,2026-03-02T11:36:47Z,auth,/v1/login,POST,200,53
req-005466,2026-03-03T04:37:43Z,auth,/v1/login,POST,204,70
req-001365,2026-03-01T13:30:42Z,auth,/v1/login,POST,200,75
req-005899,2026-03-03T08:30:27Z,auth,/v1/login,POST,200,64
req-001105,2026-03-01T10:59:15Z,catalog,/v1/items,PUT,204,119
req-002422,2026-03-01T23:17:11Z,auth,/v1/login,POST,400,72
req-005844,2026-03-03T07:22:18Z,catalog,/v1/items,PUT,200,102
req-003139,2026-03-02T06:59:28Z,auth,/v1/login,POST,200,192
req-006184,2026-03-03T11:32:06Z,checkout,/v1/pay,POST,503,248
req-005998,2026-03-03T09:50:15Z,auth,/v1/login,POST,200,58
req-001342,2026-03-01T13:43:09Z,checkout,/v1/pay,POST,200,456
req-000475,2026-03-01T04:19:16Z,catalog,/v1/items,GET,201,62
req-002231,2026-03-01T21:25:19Z,auth,/v1/login,POST,200,81
req-000882,2026-03-01T08:07:37Z,catalog,/v1/items,GET,200,76
req-003231,2026-03-02T07:55:55Z,search,/v1/query,GET,200,432
req-001476,2026-03-01T14:11:52Z,auth,/v1/login,POST,200,81
req-004398,2026-03-02T18:38:28Z,search,/v1/query,GET,200,277
req-004685,2026-03-02T20:57:14Z,catalog,/v1/items,PUT,200,59
req-004550,2026-03-02T19:08:19Z,catalog,/v1/items,GET,200,63
req-005005,2026-03-03T00:13:46Z,checkout,/v1/pay,POST,200,282
req-003364,2026-03-02T08:03:52Z,auth,/v1/login,POST,201,93
req-007515,2026-03-03T23:19:33Z,catalog,/v1/items,GET,201,71
req-001696,2026-03-01T16:42:07Z,auth,/v1/login,POST,204,94
req-006970,2026-03-03T18:45:26Z,auth,/v1/login,POST,200,85
req-004335,2026-03-02T17:17:19Z,catalog,/v1/items,GET,200,78
req-004273,2026-03-02T17:51:47Z,checkout,/v1/pay,POST,502,255
req-005242,2026-03-03T02:45:03Z,search,/v1/query,GET,200,311
req-002619,2026-03-02T01:23:40Z,search,/v1/query,GET,200,1713
req-000629,2026-03-01T06:32:51Z,checkout,/v1/pay,POST,200,210
req-001083,2026-03-01T10:35:24Z,catalog,/v1/items,GET,200,49
req-004705,2026-03-02T21:47:27Z,checkout,/v1/pay,POST,503,169
req-002110,2026-03-01T20:42:25Z,auth,/v1/login,POST,200,84
req-000741,2026-03-01T07:26:12Z,search,/v1/query,GET,200,196
req-003098,2026-03-02T06:55:44Z,checkout,/v1/pay,POST,204,245
req-007266,2026-03-03T21:08:25Z,auth,/v1/login,POST,403,163
req-001581,2026-03-01T15:36:22Z,auth,/v1/login,POST,200,118
req-003031,2026-03-02T05:55:22Z,auth,/v1/login,POST,200,64
req-000850,2026-03-01T08:04:19Z,auth,/v1/login,POST,200,65
req-003527,2026-03-02T09:55:25Z,catalog,/v1/items,PUT,204,123
req-002188,2026-03-01T21:31:25Z,checkout,/v1/pay,POST,201,197
req-004410,2026-03-02T18:37:00Z,auth,/v1/login,POST,204,68
req-003777,2026-03-02T12:32:27Z,search,/v1/query,GET,200,414
req-004929,2026-03-02T23:36:21Z,search,/v1/query,GET,201,301
req-005341,2026-03-03T03:23:55Z,billing,/v1/invoices,GET,200,338
req-005478,2026-03-03T04:51:51Z,auth,/v1/login,POST,200,67
req-006223,2026-03-03T11:20:11Z,auth,/v1/login,POST,201,82
req-007231,2026-03-03T21:16:14Z,checkout,/v1/pay,POST,200,184
req-004425,2026-03-02T18:36:30Z,auth,/v1/login,POST,200,79
req-002409,2026-03-01T23:33:56Z,billing,/v1/invoices,GET,200,387
req-003955,2026-03-02T13:00:06Z,auth,/v1/session,GET,200,53
req-005609,2026-03-03T05:56:15Z,catalog,/v1/items,GET,204,51
req-000447,2026-03-01T04:25:05Z,auth,/v1/login,POST,200,71
req-005221,2026-03-03T02:47:01Z,checkout,/v1/pay,POST,200,149
req-000788,2026-03-01T07:46:25Z,catalog,/v1/items,GET,204,62
req-001844,2026-03-01T17:30:53Z,catalog,/v1/items,GET,204,54
req-001987,2026-03-01T19:42:34Z,checkout,/v1/pay,POST,200,203
req-006895,2026-03-03T17:44:08Z,catalog,/v1/items,GET,200,160
req-000548,2026-03-01T05:18:16Z,auth,/v1/login,POST,200,51
req-005268,2026-03-03T02:45:56Z,catalog,/v1/items,GET,201,71
req-002526,2026-03-02T00:33:18Z,search,/v1/query,GET,204,424
req-000536,2026-03-01T05:52:29Z,search,/v1/query,GET,200,365
req-004570,2026-03-02T19:05:55Z,catalog,/v1/items,PUT,200,101
req-000305,2026-03-01T02:26:41Z,auth,/v1/session,GET,201,32
req-004372,2026-03-02T18:14:51Z,checkout,/v1/pay,POST,200,278
req-000331,2026-03-01T03:29:43Z,billing,/v1/invoices,GET,201,381
req-003156,2026-03-02T06:42:11Z,catalog,/v1/items,GET,200,62
req-000934,2026-03-01T09:05:56Z,billing,/v1/invoices,GET,200,1700
req-006201,2026-03-03T11:19:31Z,billing,/v1/invoices,GET,200,282
req-003170,2026-03-02T06:35:04Z,catalog,/v1/items,GET,204,88
req-005354,2026-03-03T03:31:46Z,auth,/v1/login,POST,200,73
req-000292,2026-03-01T02:33:40Z,catalog,/v1/items,GET,201,58
req-002037,2026-03-01T19:45:38Z,catalog,/v1/items,GET,200,63
req-002344,2026-03-01T22:37:24Z,catalog,/v1/items,GET,200,78
req-007294,2026-03-03T21:01:49Z,catalog,/v1/items,GET,200,39
req-003455,2026-03-02T09:13:55Z,search,/v1/query,GET,200,1495
req-004369,2026-03-02T17:25:54Z,search,/v1/cache,DELETE,201,48
req-006146,2026-03-03T10:48:36Z,catalog,/v1/items,GET,201,69
req-003881,2026-03-02T13:39:39Z,search,/v1/query,GET,201,495
req-000075,2026-03-01T00:38:20Z,catalog,/v1/items,GET,204,21
req-007304,2026-03-03T21:43:12Z,catalog,/v1/items,GET,204,74
req-000339,2026-03-01T03:22:41Z,search,/v1/query,GET,200,406
req-000625,2026-03-01T06:18:13Z,checkout,/v1/pay,POST,201,177
req-006949,2026-03-03T18:31:26Z,search,/v1/query,GET,201,284
req-002431,2026-03-01T23:46:19Z,auth,/v1/login,POST,200,59
req-002454,2026-03-01T23:49:34Z,catalog,/v1/items,GET,204,48
req-007362,2026-03-03T22:00:43Z,search,/v1/query,GET,204,237
req-001891,2026-03-01T18:56:43Z,search,/v1/query,GET,200,392
req-005950,2026-03-03T08:12:51Z,catalog,/v1/items,GET,200,44
req-003355,2026-03-02T08:59:39Z,auth,/v1/login,POST,204,83
req-002556,2026-03-02T00:13:54Z,catalog,/v1/items,GET,200,67
req-004921,2026-03-02T23:51:13Z,billing,/v1/invoices,GET,204,387
req-003196,2026-03-02T06:32:34Z,catalog,/v1/items,PUT,201,72
req-006022,2026-03-03T09:51:35Z,catalog,/v1/items,GET,200,66
req-007287,2026-03-03T21:30:53Z,catalog,/v1/items,GET,201,46
req-000872,2026-03-01T08:12:45Z,catalog,/v1/items,GET,200,60
req-002203,2026-03-01T21:48:10Z,search,/v1/query,GET,204,383
req-006822,2026-03-03T17:40:28Z,checkout,/v1/pay,POST,200,231
req-003535,2026-03-02T09:38:42Z,search,/v1/cache,DELETE,204,49
req-005627,2026-03-03T05:31:17Z,catalog,/v1/items,GET,204,46
req-001876,2026-03-01T18:50:12Z,checkout,/v1/pay,POST,204,245
req-002363,2026-03-01T22:09:02Z,catalog,/v1/items,GET,204,63
req-003177,2026-03-02T06:40:50Z,catalog,/v1/items,GET,200,45
req-003542,2026-03-02T10:04:50Z,checkout,/v1/pay,POST,200,281
req-005642,2026-03-03T05:36:44Z,catalog,/v1/items,PUT,200,100
req-004275,2026-03-02T17:25:10Z,checkout,/v1/pay,POST,204,220
req-000120,2026-03-01T01:19:44Z,billing,/v1/invoices,GET,204,419
req-002719,2026-03-02T02:30:20Z,search,/v1/query,GET,200,387
req-002648,2026-03-02T01:35:58Z,catalog,/v1/items,GET,200,60
req-004553,2026-03-02T19:45:17Z,catalog,/v1/items,GET,204,58
req-004898,2026-03-02T22:35:12Z,search,/v1/cache,DELETE,200,31
req-001536,2026-03-01T14:24:03Z,catalog,/v1/items,PUT,201,95
req-002697,2026-03-02T02:21:40Z,checkout,/v1/pay,POST,200,241
req-001709,2026-03-01T16:54:34Z,catalog,/v1/items,GET,204,37
req-007555,2026-03-01T10:09:00Z,checkout,/v1/cart,GET,500,153
req-003997,2026-03-02T14:46:31Z,auth,/v1/login,POST,200,67
req-000906,2026-03-01T08:16:00Z,catalog,/v1/items,PUT,204,77
req-000568,2026-03-01T05:39:03Z,catalog,/v1/items,GET,200,82
req-005874,2026-03-03T08:04:41Z,checkout,/v1/pay,POST,200,218
req-002908,2026-03-02T04:42:06Z,checkout,/v1/pay,POST,201,285
req-005727,2026-03-03T06:20:04Z,catalog,/v1/items,GET,200,63
req-000443,2026-03-01T04:31:40Z,auth,/v1/login,POST,200,89
req-005942,2026-03-03T08:47:26Z,catalog,/v1/items,GET,200,34
req-006836,2026-03-03T17:37:33Z,search,/v1/query,GET,200,273
req-004557,2026-03-02T19:14:57Z,catalog,/v1/items,GET,201,62
req-000028,2026-03-01T00:40:03Z,search,/v1/query,GET,200,1664
req-003183,2026-03-02T06:35:58Z,catalog,/v1/items,GET,201,51
req-006657,2026-03-03T15:40:08Z,auth,/v1/login,POST,200,110
req-004100,2026-03-02T15:34:32Z,auth,/v1/login,POST,200,108
req-000113,2026-03-01T01:28:58Z,checkout,/v1/pay,POST,201,286
req-006583,2026-03-03T14:57:28Z,catalog,/v1/items,GET,200,59
req-007122,2026-03-03T19:19:44Z,auth,/v1/session,GET,302,44
req-001559,2026-03-01T15:52:47Z,checkout,/v1/pay,POST,204,291
req-004135,2026-03-02T15:59:55Z,catalog,/v1/items,GET,200,52
req-001378,2026-03-01T13:17:54Z,auth,/v1/login,POST,200,79
req-000152,2026-03-01T01:18:44Z,auth,/v1/login,POST,201,92
req-007099,2026-03-03T19:24:45Z,catalog,/v1/items,GET,200,46
req-004679,2026-03-02T20:38:23Z,catalog,/v1/items,GET,200,37
req-002825,2026-03-02T03:35:54Z,auth,/v1/login,POST,503,112
req-004133,2026-03-02T15:43:28Z,catalog,/v1/items,GET,204,45
req-003517,2026-03-02T09:59:26Z,catalog,/v1/items,GET,200,39
req-001039,2026-03-01T10:12:21Z,billing,/v1/invoices,GET,201,460
req-006210,2026-03-03T11:28:17Z,search,/v1/query,GET,200,170
req-000211,2026-03-01T02:54:05Z,checkout,/v1/pay,POST,201,270
req-002047,2026-03-01T19:58:50Z,catalog,/v1/items,GET,204,56
req-005346,2026-03-03T03:13:40Z,search,/v1/query,GET,504,484
req-000285,2026-03-01T02:25:23Z,catalog,/v1/items,GET,200,87
req-006498,2026-03-03T13:28:27Z,auth,/v1/session,GET,200,29
req-007217,2026-03-03T20:22:22Z,catalog,/v1/items,PUT,204,69
req-004311,2026-03-02T17:24:43Z,auth,/v1/login,POST,201,82
req-003414,2026-03-02T08:01:22Z,catalog,/v1/items,GET,200,72
req-004663,2026-03-02T20:14:00Z,catalog,/v1/items,GET,200,77
req-007317,2026-03-03T21:55:03Z,catalog,/v1/items,GET,200,70
req-000064,2026-03-01T00:58:21Z,catalog,/v1/items,GET,200,55
req-001116,2026-03-01T10:10:47Z,auth,/v1/session,GET,204,40
req-007327,2026-03-03T21:46:03Z,auth,/v1/session,GET,200,48
req-002245,2026-03-01T21:49:24Z,catalog,/v1/items,GET,200,29
req-000279,2026-03-01T02:12:48Z,catalog,/v1/items,GET,201,50
req-002461,2026-03-01T23:34:05Z,catalog,/v1/items,GET,200,70
req-007361,2026-03-03T22:49:07Z,search,/v1/query,GET,200,418
req-006373,2026-03-03T12:04:58Z,catalog,/v1/items,PUT,200,47
req-003314,2026-03-02T07:46:26Z,auth,/v1/session,GET,204,43
req-005308,2026-03-03T02:14:26Z,catalog,/v1/items,PUT,200,54
req-005441,2026-03-03T04:30:34Z,checkout,/v1/pay,POST,200,249
req-006665,2026-03-03T15:21:24Z,catalog,/v1/items,GET,204,71
req-002238,2026-03-01T21:34:05Z,catalog,/v1/items,GET,200,59
req-005675,2026-03-03T06:10:56Z,search,/v1/query,GET,200,449
req-000219,2026-03-01T02:08:38Z,checkout,/v1/pay,POST,204,152
req-003850,2026-03-02T12:25:23Z,search,/v1/cache,DELETE,504,63
req-000614,2026-03-01T05:55:14Z,search,/v1/cache,DELETE,200,34
req-000394,2026-03-01T03:29:49Z,catalog,/v1/items,PUT,200,111
req-002339,2026-03-01T22:26:47Z,auth,/v1/login,POST,200,91
req-000438,2026-03-01T04:55:13Z,search,/v1/query,GET,500,464
req-000778,2026-03-01T07:00:46Z,catalog,/v1/items,GET,200,72
req-002293,2026-03-01T22:38:53Z,checkout,/v1/pay,POST,201,281
req-005686,2026-03-03T06:45:20Z,auth,/v1/login,POST,200,77
req-007431,2026-03-03T22:51:35Z,auth,/v1/session,GET,200,42
req-005271,2026-03-03T02:43:00Z,catalog,/v1/items,GET,200,63
req-003646,2026-03-02T11:47:36Z,checkout,/v1/pay,POST,204,214
req-001472,2026-03-01T14:41:16Z,auth,/v1/login,POST,204,60
req-007384,2026-03-03T22:09:51Z,auth,/v1/login,POST,200,90
req-004042,2026-03-02T14:42:38Z,catalog,/v1/items,GET,201,56
req-006716,2026-03-03T16:41:13Z,checkout,/v1/pay,POST,502,184
req-001478,2026-03-01T14:51:00Z,auth,/v1/login,POST,200,74
req-002687,2026-03-02T01:46:42Z,search,/v1/cache,DELETE,204,105
req-004460,2026-03-02T18:43:36Z,catalog,/v1/items,GET,200,59
req-005962,2026-03-03T08:00:19Z,auth,/v1/session,GET,204,37
req-004079,2026-03-02T15:02:19Z,billing,/v1/invoices,GET,200,360
req-000031,2026-03-01T00:03:43Z,search,/v1/query,GET,200,455
req-007175,2026-03-03T20:11:26Z,auth,/v1/login,POST,400,51
req-007331,2026-03-03T21:00:13Z,search,/v1/cache,DELETE,204,44
req-002841,2026-03-02T03:22:35Z,auth,/v1/login,POST,200,31
req-007407,2026-03-03T22:42:19Z,catalog,/v1/items,GET,200,56
req-001625,2026-03-01T15:19:45Z,catalog,/v1/items,GET,204,67
req-002315,2026-03-01T22:24:24Z,search,/v1/query,GET,201,489
req-002378,2026-03-01T22:42:18Z,catalog,/v1/items,PUT,201,72
req-002388,2026-03-01T22:47:44Z,auth,/v1/session,GET,200,55
req-006301,2026-03-03T12:18:09Z,checkout,/v1/pay,POST,200,256
req-005527,2026-03-03T04:50:59Z,catalog,/v1/items,PUT,200,111
req-006318,2026-03-03T12:15:19Z,search,/v1/query,GET,502,303
req-007193,2026-03-03T20:59:39Z,catalog,/v1/items,GET,204,39
req-004381,2026-03-02T18:49:44Z,checkout,/v1/pay,POST,200,235
req-001129,2026-03-01T11:41:43Z,checkout,/v1/pay,POST,204,206
req-006989,2026-03-03T18:25:23Z,catalog,/v1/items,GET,201,56
req-003774,2026-03-02T12:53:03Z,search,/v1/query,GET,200,253
req-006929,2026-03-03T18:41:40Z,checkout,/v1/pay,POST,200,155
req-000939,2026-03-01T09:31:41Z,search,/v1/query,GET,500,424
req-004521,2026-03-02T19:08:00Z,auth,/v1/login,POST,404,73
req-007232,2026-03-03T21:38:13Z,checkout,/v1/pay,POST,201,284
req-000102,2026-03-01T01:44:30Z,checkout,/v1/pay,POST,200,234
req-000782,2026-03-01T07:25:36Z,catalog,/v1/items,GET,200,73
req-006222,2026-03-03T11:38:59Z,auth,/v1/login,POST,200,115
req-004877,2026-03-02T22:34:41Z,catalog,/v1/items,GET,201,58
req-002780,2026-03-02T02:28:18Z,catalog,/v1/items,PUT,201,119
req-002059,2026-03-01T19:54:21Z,catalog,/v1/items,GET,200,71
req-000169,2026-03-01T01:17:12Z,catalog,/v1/items,GET,201,55
req-003926,2026-03-02T13:28:32Z,catalog,/v1/items,GET,200,63
req-007334,2026-03-03T22:17:46Z,checkout,/v1/pay,POST,504,212
req-002126,2026-03-01T20:28:37Z,auth,/v1/login,POST,200,78
req-002651,2026-03-02T01:29:33Z,catalog,/v1/items,GET,201,38
req-000261,2026-03-01T02:19:54Z,auth,/v1/login,POST,200,69
req-003286,2026-03-02T07:38:38Z,catalog,/v1/items,GET,200,52
req-006280,2026-03-03T11:10:53Z,auth,/v1/session,GET,204,39
req-002464,2026-03-01T23:44:12Z,catalog,/v1/items,GET,201,45
req-006262,2026-03-03T11:18:02Z,catalog,/v1/items,GET,204,58
req-005416,2026-03-03T03:43:05Z,catalog,/v1/items,PUT,200,62
req-003381,2026-03-02T08:55:01Z,catalog,/v1/items,GET,200,43
req-003773,2026-03-02T12:40:33Z,search,/v1/query,GET,200,397
req-003581,2026-03-02T10:05:05Z,auth,/v1/login,POST,200,73
req-007559,2026-03-01T10:21:00Z,checkout,/v1/cart,GET,500,157
req-004309,2026-03-02T17:45:21Z,auth,/v1/login,POST,204,55
req-000055,2026-03-01T00:01:11Z,auth,/v1/login,POST,201,103
req-001973,2026-03-01T18:13:05Z,search,/v1/cache,DELETE,200,52
req-007490,2026-03-03T23:22:31Z,auth,/v1/login,POST,200,80
req-005755,2026-03-03T06:18:10Z,search,/v1/cache,DELETE,204,42
req-001340,2026-03-01T13:59:27Z,checkout,/v1/pay,POST,200,164
req-006644,2026-03-03T15:18:29Z,auth,/v1/login,POST,201,78
req-002691,2026-03-02T02:01:01Z,checkout,/v1/pay,POST,204,296
req-003288,2026-03-02T07:45:49Z,catalog,/v1/items,GET,204,66
req-004416,2026-03-02T18:03:00Z,auth,/v1/login,POST,200,64
req-004918,2026-03-02T23:14:00Z,billing,/v1/invoices,GET,201,357
req-006011,2026-03-03T09:25:24Z,auth,/v1/login,POST,201,95
req-000213,2026-03-01T02:09:03Z,checkout,/v1/pay,POST,200,276
req-003899,2026-03-02T13:00:03Z,auth,/v1/login,POST,204,62
req-003886,2026-03-02T13:29:18Z,auth,/v1/login,POST,200,96
req-002457,2026-03-01T23:51:08Z,catalog,/v1/items,GET,204,87
req-002896,2026-03-02T04:56:44Z,checkout,/v1/pay,POST,503,236
req-006807,2026-03-03T17:38:17Z,checkout,/v1/pay,POST,200,171
req-005468,2026-03-03T04:02:47Z,auth,/v1/login,POST,200,47
req-003218,2026-03-02T07:33:48Z,checkout,/v1/pay,POST,200,155
req-003142,2026-03-02T06:12:52Z,auth,/v1/login,POST,200,67
req-002354,2026-03-01T22:59:15Z,catalog,/v1/items,GET,200,37
req-002821,2026-03-02T03:04:23Z,auth,/v1/login,POST,201,72
req-000777,2026-03-01T07:59:47Z,catalog,/v1/items,GET,201,84
req-003806,2026-03-02T12:22:55Z,catalog,/v1/items,GET,200,74
req-002644,2026-03-02T01:49:31Z,catalog,/v1/items,GET,200,36
req-004595,2026-03-02T20:36:45Z,checkout,/v1/pay,POST,200,180
req-002196,2026-03-01T21:10:53Z,billing,/v1/invoices,GET,200,340
req-007125,2026-03-03T20:08:05Z,checkout,/v1/pay,POST,201,200
req-000393,2026-03-01T03:16:14Z,catalog,/v1/items,PUT,204,93
req-007413,2026-03-03T22:18:45Z,catalog,/v1/items,GET,201,62
req-000744,2026-03-01T07:05:09Z,auth,/v1/login,POST,201,80
req-007550,2026-03-03T23:08:57Z,search,/v1/cache,DELETE,200,46
req-004505,2026-03-02T19:15:40Z,billing,/v1/invoices,GET,200,390
req-006208,2026-03-03T11:49:46Z,search,/v1/query,GET,200,376
req-006191,2026-03-03T11:13:49Z,checkout,/v1/pay,POST,200,160
req-004587,2026-03-02T20:41:21Z,checkout,/v1/pay,POST,200,218
req-001306,2026-03-01T12:13:45Z,catalog,/v1/items,GET,200,80
req-003208,2026-03-02T07:22:50Z,checkout,/v1/pay,POST,200,293
req-001059,2026-03-01T10:43:13Z,auth,/v1/login,POST,200,63
req-005336,2026-03-03T03:13:23Z,billing,/v1/invoices,GET,204,352
req-004130,2026-03-02T15:16:03Z,catalog,/v1/items,GET,200,74
req-003292,2026-03-02T07:12:26Z,catalog,/v1/items,GET,200,58
req-003359,2026-03-02T08:49:04Z,auth,/v1/login,POST,200,97
req-002692,2026-03-02T02:43:22Z,checkout,/v1/pay,POST,204,247
req-006257,2026-03-03T11:55:27Z,catalog,/v1/items,GET,200,43
req-004169,2026-03-02T16:44:17Z,checkout,/v1/pay,POST,200,449
req-001499,2026-03-01T14:09:53Z,auth,/v1/login,POST,201,83
req-004757,2026-03-02T21:31:04Z,catalog,/v1/items,GET,200,60
req-006938,2026-03-03T18:34:20Z,billing,/v1/invoices,GET,200,434
req-004242,2026-03-02T16:44:14Z,catalog,/v1/items,GET,401,66
req-004887,2026-03-02T22:52:45Z,catalog,/v1/items,PUT,200,105
req-005857,2026-03-03T07:13:24Z,search,/v1/cache,DELETE,200,40
req-004453,2026-03-02T18:42:36Z,catalog,/v1/items,GET,201,128
req-001401,2026-03-01T13:34:10Z,catalog,/v1/items,GET,200,68
req-005818,2026-03-03T07:22:22Z,catalog,/v1/items,GET,200,74
req-000154,2026-03-01T01:57:18Z,auth,/v1/login,POST,200,42
req-006959,2026-03-03T18:48:03Z,auth,/v1/login,POST,200,65
req-000289,2026-03-01T02:31:45Z,catalog,/v1/items,GET,200,59
req-006250,2026-03-03T11:02:49Z,catalog,/v1/items,GET,200,68
req-007140,2026-03-03T20:48:32Z,checkout,/v1/pay,POST,504,168
req-007529,2026-03-03T23:40:03Z,catalog,/v1/items,GET,500,72
req-003782,2026-03-02T12:20:14Z,auth,/v1/login,POST,200,84
req-002809,2026-03-02T03:12:20Z,billing,/v1/invoices,GET,204,360
req-007059,2026-03-03T19:34:42Z,auth,/v1/login,POST,200,88
req-004879,2026-03-02T22:32:09Z,catalog,/v1/items,GET,200,50
req-007204,2026-03-03T20:52:38Z,catalog,/v1/items,GET,403,52
req-005454,2026-03-03T04:10:02Z,billing,/v1/invoices,GET,200,416
req-001033,2026-03-01T10:07:33Z,checkout,/v1/pay,POST,503,217
req-005208,2026-03-03T01:34:08Z,search,/v1/cache,DELETE,201,67
req-006731,2026-03-03T16:47:38Z,search,/v1/query,GET,504,501
req-004782,2026-03-02T21:33:19Z,catalog,/v1/items,GET,204,57
req-006662,2026-03-03T15:47:56Z,catalog,/v1/items,GET,200,70
req-000997,2026-03-01T09:14:28Z,catalog,/v1/items,GET,204,63
req-003945,2026-03-02T13:54:21Z,catalog,/v1/items,PUT,200,111
req-001790,2026-03-01T17:21:53Z,auth,/v1/login,POST,204,97
req-002862,2026-03-02T03:42:38Z,catalog,/v1/items,GET,200,42
req-004861,2026-03-02T22:53:58Z,catalog,/v1/items,GET,200,53
req-004955,2026-03-02T23:01:09Z,catalog,/v1/items,GET,200,46
req-006634,2026-03-03T15:39:35Z,search,/v1/query,GET,200,347
req-007319,2026-03-03T21:43:53Z,catalog,/v1/items,PUT,200,106
req-001489,2026-03-01T14:43:19Z,auth,/v1/login,POST,200,60
req-001886,2026-03-01T18:43:29Z,billing,/v1/invoices,GET,200,459
req-003751,2026-03-02T12:44:14Z,checkout,/v1/pay,POST,200,194
req-000046,2026-03-01T00:42:06Z,auth,/v1/login,POST,200,64
req-002035,2026-03-01T19:20:01Z,catalog,/v1/items,GET,204,22
req-004686,2026-03-02T20:02:20Z,catalog,/v1/items,PUT,201,124
req-004423,2026-03-02T18:03:29Z,auth,/v1/login,POST,200,76
req-005183,2026-03-03T01:49:41Z,catalog,/v1/items,GET,200,48
req-004020,2026-03-02T14:25:11Z,catalog,/v1/items,GET,201,37
req-000992,2026-03-01T09:10:34Z,catalog,/v1/items,GET,201,64
req-004229,2026-03-02T16:15:47Z,catalog,/v1/items,GET,200,73
req-000347,2026-03-01T03:44:38Z,auth,/v1/login,POST,200,83
req-005574,2026-03-03T05:56:43Z,search,/v1/query,GET,201,464
req-002895,2026-03-02T03:25:02Z,search,/v1/cache,DELETE,201,66
req-005000,2026-03-02T23:36:43Z,search,/v1/cache,DELETE,204,40
req-006841,2026-03-03T17:52:00Z,auth,/v1/login,POST,204,60
req-006072,2026-03-03T10:14:21Z,checkout,/v1/pay,POST,204,272
req-005105,2026-03-03T01:51:24Z,checkout,/v1/pay,POST,503,198
req-005417,2026-03-03T03:46:03Z,catalog,/v1/items,PUT,200,64
req-007563,2026-03-01T10:33:00Z,checkout,/v1/cart,GET,200,161
req-001822,2026-03-01T17:09:45Z,catalog,/v1/items,GET,200,63
req-003786,2026-03-02T12:07:50Z,auth,/v1/login,POST,204,74
req-002351,2026-03-01T22:41:49Z,catalog,/v1/items,GET,204,52
req-002046,2026-03-01T19:22:04Z,catalog,/v1/items,GET,200,54
req-003565,2026-03-02T10:12:16Z,search,/v1/query,GET,500,399
req-004132,2026-03-02T15:05:34Z,catalog,/v1/items,GET,201,69
req-003703,2026-03-02T11:04:40Z,catalog,/v1/items,GET,200,48
req-007277,2026-03-03T21:59:21Z,auth,/v1/login,POST,204,79
req-005404,2026-03-03T03:34:44Z,catalog,/v1/items,GET,201,74
req-006055,2026-03-03T09:35:20Z,catalog,/v1/items,PUT,200,121
req-003713,2026-03-02T11:52:31Z,catalog,/v1/items,GET,204,137
req-003662,2026-03-02T11:00:54Z,billing,/v1/invoices,GET,200,316
req-000962,2026-03-01T09:48:21Z,auth,/v1/login,POST,200,84
req-007467,2026-03-03T23:19:20Z,search,/v1/query,GET,201,201
req-002856,2026-03-02T03:14:45Z,catalog,/v1/items,GET,204,22
req-000925,2026-03-01T09:09:34Z,checkout,/v1/pay,POST,200,277
req-001120,2026-03-01T11:40:17Z,checkout,/v1/pay,POST,400,266
req-001535,2026-03-01T14:02:34Z,catalog,/v1/items,PUT,200,119
req-001998,2026-03-01T19:21:48Z,search,/v1/query,GET,200,471
req-006630,2026-03-03T15:18:55Z,search,/v1/query,GET,201,346
req-004111,2026-03-02T15:11:13Z,auth,/v1/login,POST,200,99
req-007503,2026-03-03T23:31:02Z,catalog,/v1/items,GET,200,14
req-005306,2026-03-03T02:41:57Z,catalog,/v1/items,PUT,204,131
req-002062,2026-03-01T19:38:03Z,catalog,/v1/items,GET,200,103
req-003377,2026-03-02T08:09:30Z,catalog,/v1/items,GET,200,52
req-004942,2026-03-02T23:42:13Z,auth,/v1/login,POST,200,68
req-005761,2026-03-03T07:20:51Z,checkout,/v1/pay,POST,503,204
req-004097,2026-03-02T15:20:32Z,auth,/v1/login,POST,200,82
req-000266,2026-03-01T02:53:49Z,catalog,/v1/items,GET,200,64
req-001339,2026-03-01T13:45:31Z,checkout,/v1/pay,POST,200,169
req-007526,2026-03-03T23:54:19Z,catalog,/v1/items,GET,200,74
req-001283,2026-03-01T12:02:59Z,catalog,/v1/items,GET,200,49
req-006647,2026-03-03T15:59:43Z,auth,/v1/login,POST,200,54
req-000660,2026-03-01T06:58:29Z,auth,/v1/login,POST,200,60
req-006599,2026-03-03T14:24:32Z,auth,/v1/session,GET,200,61
req-002740,2026-03-02T02:31:09Z,auth,/v1/login,POST,201,70
req-003362,2026-03-02T08:09:18Z,auth,/v1/login,POST,200,99
req-007501,2026-03-03T23:27:47Z,catalog,/v1/items,GET,204,83
req-004365,2026-03-02T17:38:26Z,auth,/v1/session,GET,301,25
req-006975,2026-03-03T18:31:56Z,catalog,/v1/items,GET,204,61
req-006821,2026-03-03T17:01:04Z,checkout,/v1/pay,POST,502,217
req-006768,2026-03-03T16:54:53Z,catalog,/v1/items,GET,201,65
req-006299,2026-03-03T12:51:31Z,checkout,/v1/pay,POST,200,216
req-006992,2026-03-03T18:30:13Z,catalog,/v1/items,GET,200,58
req-001454,2026-03-01T14:49:37Z,billing,/v1/invoices,GET,200,290
req-003241,2026-03-02T07:00:09Z,search,/v1/query,GET,200,1678
req-003088,2026-03-02T05:11:50Z,catalog,/v1/items,PUT,204,134
req-003041,2026-03-02T05:41:05Z,auth,/v1/login,POST,201,94
req-003221,2026-03-02T07:39:32Z,checkout,/v1/pay,POST,200,195
req-003604,2026-03-02T10:33:13Z,catalog,/v1/items,GET,200,47
req-004736,2026-03-02T21:38:02Z,auth,/v1/login,POST,201,189
req-005663,2026-03-03T06:46:16Z,checkout,/v1/pay,POST,204,188
req-000142,2026-03-01T01:39:44Z,auth,/v1/login,POST,200,64
req-001323,2026-03-01T12:41:50Z,auth,/v1/session,GET,201,47
req-006057,2026-03-03T09:03:02Z,catalog,/v1/items,PUT,200,69
req-006928,2026-03-03T18:41:54Z,checkout,/v1/pay,POST,204,245
req-000604,2026-03-01T05:42:38Z,catalog,/v1/items,PUT,201,80
req-004826,2026-03-02T22:08:27Z,search,/v1/query,GET,200,421
req-007149,2026-03-03T20:02:35Z,billing,/v1/invoices,GET,200,188
req-002256,2026-03-01T21:30:30Z,catalog,/v1/items,GET,201,39
req-003874,2026-03-02T13:19:44Z,billing,/v1/invoices,GET,200,255
req-005405,2026-03-03T03:21:11Z,catalog,/v1/items,GET,200,145
req-001651,2026-03-01T15:19:46Z,search,/v1/cache,DELETE,404,51
req-001914,2026-03-01T18:18:54Z,auth,/v1/login,POST,200,69
req-006389,2026-03-03T12:44:21Z,search,/v1/cache,DELETE,201,64
req-000748,2026-03-01T07:49:28Z,auth,/v1/login,POST,200,64
req-004959,2026-03-02T23:15:31Z,catalog,/v1/items,GET,204,60
req-001493,2026-03-01T14:20:08Z,auth,/v1/login,POST,200,26
req-000976,2026-03-01T09:35:45Z,catalog,/v1/items,GET,200,72
req-003990,2026-03-02T14:54:29Z,auth,/v1/login,POST,204,50
req-004064,2026-03-02T15:51:42Z,checkout,/v1/pay,POST,204,225
req-001234,2026-03-01T12:12:10Z,checkout,/v1/pay,POST,200,442
req-007155,2026-03-03T20:04:29Z,search,/v1/query,GET,503,452
req-002873,2026-03-02T03:53:04Z,catalog,/v1/items,GET,200,48
req-005115,2026-03-03T01:57:18Z,checkout,/v1/pay,POST,200,248
req-004420,2026-03-02T18:16:55Z,auth,/v1/login,POST,200,56
req-005351,2026-03-03T03:36:10Z,search,/v1/query,GET,200,432
req-003778,2026-03-02T12:53:08Z,auth,/v1/login,POST,200,82
req-005733,2026-03-03T06:52:58Z,catalog,/v1/items,GET,201,31
req-002516,2026-03-02T00:27:48Z,billing,/v1/invoices,GET,204,396
req-000455,2026-03-01T04:31:29Z,auth,/v1/login,POST,204,98
req-003441,2026-03-02T09:59:40Z,checkout,/v1/pay,POST,200,298
req-003515,2026-03-02T09:07:10Z,catalog,/v1/items,GET,200,132
req-002198,2026-03-01T21:32:49Z,billing,/v1/invoices,GET,200,296
req-005447,2026-03-03T04:19:08Z,checkout,/v1/pay,POST,504,204
req-000446,2026-03-01T04:25:32Z,auth,/v1/login,POST,201,57
req-001435,2026-03-01T13:42:16Z,search,/v1/cache,DELETE,200,62
req-004070,2026-03-02T15:53:08Z,checkout,/v1/pay,POST,201,142
req-003433,2026-03-02T09:35:27Z,checkout,/v1/pay,POST,204,146
req-002041,2026-03-01T19:53:44Z,catalog,/v1/items,GET,200,77
req-001935,2026-03-01T18:27:43Z,catalog,/v1/items,GET,201,64
req-005073,2026-03-03T00:24:08Z,catalog,/v1/items,GET,201,149
req-003982,2026-03-02T14:38:39Z,search,/v1/query,GET,200,362
req-004066,2026-03-02T15:48:27Z,checkout,/v1/pay,POST,200,210
req-004176,2026-03-02T16:20:39Z,checkout,/v1/pay,POST,204,354
req-007469,2026-03-03T23:47:47Z,search,/v1/query,GET,200,1853
req-005511,2026-03-03T04:39:54Z,catalog,/v1/items,GET,200,70
req-004255,2026-03-02T16:51:36Z,auth,/v1/session,GET,200,30
req-003603,2026-03-02T10:35:07Z,catalog,/v1/items,GET,200,61
req-004303,2026-03-02T17:55:56Z,auth,/v1/login,POST,204,80
req-004263,2026-03-02T17:25:05Z,checkout,/v1/pay,POST,200,217
req-000647,2026-03-01T06:28:21Z,auth,/v1/login,POST,204,46
req-003889,2026-03-02T13:18:22Z,auth,/v1/login,POST,200,44
req-000176,2026-03-01T01:06:28Z,catalog,/v1/items,GET,200,78
req-003090,2026-03-02T05:25:19Z,auth,/v1/session,GET,301,39
req-001991,2026-03-01T19:33:33Z,billing,/v1/invoices,GET,200,342
req-003583,2026-03-02T10:25:15Z,auth,/v1/login,POST,204,142
req-005647,2026-03-03T05:48:59Z,auth,/v1/session,GET,201,45
req-000136,2026-03-01T01:34:30Z,auth,/v1/login,POST,204,80
req-004393,2026-03-02T18:24:52Z,billing,/v1/invoices,GET,200,355
req-000933,2026-03-01T09:02:24Z,billing,/v1/invoices,GET,201,318
req-002329,2026-03-01T22:08:12Z,auth,/v1/login,POST,200,24
req-002352,2026-03-01T22:18:02Z,catalog,/v1/items,GET,200,65
req-004856,2026-03-02T22:24:08Z,auth,/v1/login,POST,201,55
req-001763,2026-03-01T17:11:56Z,checkout,/v1/pay,POST,200,275
req-005090,2026-03-03T00:36:55Z,catalog,/v1/items,PUT,200,104
req-005111,2026-03-03T01:23:47Z,checkout,/v1/pay,POST,204,290
req-003092,2026-03-02T05:24:11Z,auth,/v1/session,GET,201,32
req-003977,2026-03-02T14:03:52Z,billing,/v1/invoices,GET,200,330
req-004180,2026-03-02T16:53:39Z,billing,/v1/invoices,GET,200,513
req-002494,2026-03-01T23:29:33Z,search,/v1/cache,DELETE,200,60
req-000277,2026-03-01T02:07:17Z,catalog,/v1/items,GET,200,66
req-002183,2026-03-01T21:46:24Z,checkout,/v1/pay,POST,200,255
req-000309,2026-03-01T02:55:59Z,search,/v1/cache,DELETE,200,77
req-007199,2026-03-03T20:22:47Z,catalog,/v1/items,GET,201,20
req-003212,2026-03-02T07:16:16Z,checkout,/v1/pay,POST,504,280
req-003462,2026-03-02T09:05:53Z,search,/v1/query,GET,204,342
req-001816,2026-03-01T17:11:59Z,catalog,/v1/items,GET,404,66
req-004305,2026-03-02T17:32:21Z,auth,/v1/login,POST,201,60
req-002205,2026-03-01T21:54:00Z,search,/v1/query,GET,200,260
req-005329,2026-03-03T03:08:31Z,checkout,/v1/pay,POST,204,472
req-006013,2026-03-03T09:09:22Z,auth,/v1/login,POST,204,66
req-005352,2026-03-03T03:41:29Z,search,/v1/query,GET,200,293
req-005241,2026-03-03T02:19:51Z,search,/v1/query,GET,204,261
req-006597,2026-03-03T14:36:25Z,auth,/v1/session,GET,204,44
req-003908,2026-03-02T13:42:30Z,catalog,/v1/items,GET,200,61
req-005810,2026-03-03T07:22:38Z,auth,/v1/login,POST,200,97
req-002190,2026-03-01T21:03:41Z,checkout,/v1/pay,POST,200,309
req-006469,2026-03-03T13:17:27Z,catalog,/v1/items,GET,200,38
req-006334,2026-03-03T12:48:25Z,auth,/v1/login,POST,200,104
req-002586,2026-03-02T00:36:58Z,catalog,/v1/items,PUT,200,78
req-001673,2026-03-01T16:47:10Z,billing,/v1/invoices,GET,200,2160
req-005246,2026-03-03T02:01:05Z,auth,/v1/login,POST,204,71
req-005291,2026-03-03T02:15:53Z,catalog,/v1/items,GET,200,94
req-005943,2026-03-03T08:34:00Z,catalog,/v1/items,GET,204,75
req-007139,2026-03-03T20:43:58Z,checkout,/v1/pay,POST,401,212
req-007087,2026-03-03T19:58:03Z,catalog,/v1/items,GET,200,78
req-000236,2026-03-01T02:35:46Z,search,/v1/query,GET,200,407
req-005397,2026-03-03T03:11:34Z,catalog,/v1/items,GET,200,52
req-003477,2026-03-02T09:52:33Z,auth,/v1/login,POST,200,49
req-002435,2026-03-01T23:57:08Z,auth,/v1/login,POST,200,48
req-005924,2026-03-03T08:34:29Z,catalog,/v1/items,GET,200,145
req-001186,2026-03-01T11:26:52Z,catalog,/v1/items,GET,201,76
req-007273,2026-03-03T21:54:06Z,auth,/v1/login,POST,200,106
req-005840,2026-03-03T07:44:01Z,catalog,/v1/items,GET,200,63
req-004493,2026-03-02T19:59:05Z,checkout,/v1/pay,POST,204,454
req-005124,2026-03-03T01:27:16Z,billing,/v1/invoices,GET,200,482
req-005798,2026-03-03T07:26:29Z,auth,/v1/login,POST,200,42
req-005102,2026-03-03T00:45:58Z,search,/v1/cache,DELETE,200,28
req-002116,2026-03-01T20:09:41Z,auth,/v1/login,POST,200,54
req-006218,2026-03-03T11:19:31Z,auth,/v1/login,POST,201,72
req-005232,2026-03-03T02:23:37Z,billing,/v1/invoices,GET,200,383
req-005276,2026-03-03T02:45:06Z,catalog,/v1/items,GET,200,55
req-002473,2026-03-01T23:03:23Z,catalog,/v1/items,GET,204,59
req-002375,2026-03-01T22:37:13Z,catalog,/v1/items,GET,200,44
req-005714,2026-03-03T06:48:10Z,catalog,/v1/items,GET,200,78
req-005456,2026-03-03T04:41:47Z,billing,/v1/invoices,GET,200,369
req-001475,2026-03-01T14:52:55Z,auth,/v1/login,POST,200,91
req-006122,2026-03-03T10:35:52Z,auth,/v1/login,POST,200,63
req-000954,2026-03-01T09:03:41Z,auth,/v1/login,POST,200,118
req-004966,2026-03-02T23:32:06Z,catalog,/v1/items,GET,201,42
req-003392,2026-03-02T08:12:28Z,catalog,/v1/items,GET,200,71
req-005223,2026-03-03T02:59:23Z,checkout,/v1/pay,POST,200,196
req-000966,2026-03-01T09:09:58Z,auth,/v1/login,POST,400,212
req-007223,2026-03-03T20:19:23Z,auth,/v1/session,GET,201,26
req-007169,2026-03-03T20:37:06Z,auth,/v1/login,POST,201,83
req-002769,2026-03-02T02:00:48Z,catalog,/v1/items,GET,200,23
req-004579,2026-03-02T19:51:22Z,auth,/v1/session,GET,200,47
req-005645,2026-03-03T05:53:16Z,auth,/v1/session,GET,301,44
req-000153,2026-03-01T01:36:55Z,auth,/v1/login,POST,200,78
req-006395,2026-03-03T13:02:40Z,checkout,/v1/pay,POST,200,191
req-001022,2026-03-01T10:52:07Z,checkout,/v1/pay,POST,200,206
req-003949,2026-03-02T13:57:21Z,catalog,/v1/items,PUT,200,56
req-005233,2026-03-03T02:27:28Z,billing,/v1/invoices,GET,200,419
req-003917,2026-03-02T13:09:55Z,catalog,/v1/items,GET,200,52
req-001552,2026-03-01T15:57:54Z,checkout,/v1/pay,POST,500,283
req-000420,2026-03-01T04:54:32Z,checkout,/v1/pay,POST,200,220
req-003902,2026-03-02T13:39:51Z,auth,/v1/login,POST,200,53
req-001777,2026-03-01T17:01:48Z,search,/v1/query,GET,201,351
req-004523,2026-03-02T19:42:41Z,auth,/v1/login,POST,200,67
req-005464,2026-03-03T04:03:43Z,auth,/v1/login,POST,200,74
req-001833,2026-03-01T17:24:45Z,catalog,/v1/items,GET,204,47
req-000503,2026-03-01T04:04:22Z,auth,/v1/session,GET,301,95
req-004889,2026-03-02T22:01:53Z,catalog,/v1/items,PUT,204,140
req-001416,2026-03-01T13:51:47Z,catalog,/v1/items,GET,204,70
req-000613,2026-03-01T05:13:48Z,auth,/v1/session,GET,201,46
req-004292,2026-03-02T17:01:56Z,search,/v1/query,GET,500,437
req-005142,2026-03-03T01:00:19Z,auth,/v1/login,POST,201,101
req-002139,2026-03-01T20:48:06Z,catalog,/v1/items,GET,200,61
req-006596,2026-03-03T14:39:06Z,catalog,/v1/items,PUT,201,58
req-005163,2026-03-03T01:20:41Z,catalog,/v1/items,GET,200,142
req-003608,2026-03-02T10:00:18Z,catalog,/v1/items,GET,201,53
req-002099,2026-03-01T20:09:35Z,billing,/v1/invoices,GET,200,251
req-002269,2026-03-01T21:59:17Z,catalog,/v1/items,PUT,200,130
req-001760,2026-03-01T17:46:31Z,checkout,/v1/pay,POST,200,277
req-006330,2026-03-03T12:03:33Z,auth,/v1/login,POST,201,77
req-006937,2026-03-03T18:50:59Z,billing,/v1/invoices,GET,200,1918
req-002911,2026-03-02T04:59:47Z,billing,/v1/invoices,GET,200,465
req-000802,2026-03-01T07:06:01Z,auth,/v1/session,GET,201,19
req-002071,2026-03-01T19:12:50Z,auth,/v1/session,GET,201,58
req-004648,2026-03-02T20:05:04Z,catalog,/v1/items,GET,201,49
req-003498,2026-03-02T09:42:15Z,catalog,/v1/items,GET,200,45
req-002511,2026-03-02T00:27:49Z,checkout,/v1/pay,POST,200,271
req-004424,2026-03-02T18:30:26Z,auth,/v1/login,POST,200,63
req-002621,2026-03-02T01:00:20Z,search,/v1/query,GET,200,334
req-002696,2026-03-02T02:44:54Z,checkout,/v1/pay,POST,200,177
req-005823,2026-03-03T07:41:33Z,catalog,/v1/items,GET,200,54
req-006478,2026-03-03T13:53:59Z,catalog,/v1/items,GET,200,49
req-006933,2026-03-03T18:12:22Z,billing,/v1/invoices,GET,200,379
req-006518,2026-03-03T14:18:36Z,checkout,/v1/pay,POST,201,189
req-006803,2026-03-03T16:08:09Z,search,/v1/cache,DELETE,201,45
req-004386,2026-03-02T18:16:42Z,checkout,/v1/pay,POST,200,243
req-002449,2026-03-01T23:09:26Z,catalog,/v1/items,GET,200,49
req-006823,2026-03-03T17:55:18Z,checkout,/v1/pay,POST,200,117
req-005014,2026-03-03T00:18:22Z,checkout,/v1/pay,POST,200,321
req-002684,2026-03-02T01:35:03Z,auth,/v1/session,GET,204,44
req-001884,2026-03-01T18:16:25Z,billing,/v1/invoices,GET,200,245
req-005412,2026-03-03T03:58:24Z,catalog,/v1/items,GET,200,38
req-000464,2026-03-01T04:59:26Z,catalog,/v1/items,GET,200,81
req-004239,2026-03-02T16:25:42Z,catalog,/v1/items,GET,201,64
req-002800,2026-03-02T03:07:41Z,checkout,/v1/pay,POST,201,282
req-007303,2026-03-03T21:22:51Z,catalog,/v1/items,GET,200,57
req-002164,2026-03-01T20:15:33Z,catalog,/v1/items,GET,201,80
req-006672,2026-03-03T15:21:35Z,catalog,/v1/items,GET,200,55
req-001295,2026-03-01T12:53:45Z,catalog,/v1/items,GET,200,53
req-001045,2026-03-01T10:42:48Z,search,/v1/query,GET,201,253
req-007135,2026-03-03T20:40:47Z,checkout,/v1/pay,POST,200,190
req-005401,2026-03-03T03:02:52Z,catalog,/v1/items,GET,200,56
req-005380,2026-03-03T03:16:42Z,auth,/v1/login,POST,200,69
req-000288,2026-03-01T02:39:20Z,catalog,/v1/items,GET,200,42
req-003750,2026-03-02T12:17:11Z,checkout,/v1/pay,POST,200,235
req-006702,2026-03-03T15:01:58Z,auth,/v1/session,GET,200,24
req-005693,2026-03-03T06:23:09Z,auth,/v1/login,POST,200,53
req-002787,2026-03-02T02:14:21Z,search,/v1/cache,DELETE,200,122
req-003101,2026-03-02T06:26:01Z,checkout,/v1/pay,POST,200,277
req-002276,2026-03-01T21:09:16Z,auth,/v1/session,GET,302,40
req-000826,2026-03-01T08:18:39Z,billing,/v1/invoices,GET,200,435
req-006235,2026-03-03T11:33:31Z,auth,/v1/login,POST,200,40
req-006706,2026-03-03T15:46:17Z,search,/v1/cache,DELETE,204,33
req-001796,2026-03-01T17:00:18Z,auth,/v1/login,POST,200,65
req-004534,2026-03-02T19:29:33Z,auth,/v1/login,POST,200,93
req-007141,2026-03-03T20:12:01Z,checkout,/v1/pay,POST,200,137
req-005476,2026-03-03T04:14:50Z,auth,/v1/login,POST,200,52
req-000596,2026-03-01T05:21:35Z,catalog,/v1/items,GET,200,79
req-000727,2026-03-01T07:15:42Z,billing,/v1/invoices,GET,200,346
req-001729,2026-03-01T16:56:33Z,catalog,/v1/items,GET,204,58
req-004125,2026-03-02T15:37:32Z,catalog,/v1/items,GET,200,55
req-004298,2026-03-02T17:28:08Z,auth,/v1/login,POST,200,76
req-000618,2026-03-01T06:48:37Z,checkout,/v1/pay,POST,200,256
req-002336,2026-03-01T22:31:46Z,auth,/v1/login,POST,204,101
req-005367,2026-03-03T03:28:20Z,auth,/v1/login,POST,204,87
req-005916,2026-03-03T08:08:59Z,auth,/v1/login,POST,200,75
req-000952,2026-03-01T09:32:14Z,auth,/v1/login,POST,200,35
req-001817,2026-03-01T17:21:06Z,catalog,/v1/items,GET,204,78
req-006922,2026-03-03T18:35:41Z,checkout,/v1/pay,POST,200,175
req-002650,2026-03-02T01:11:02Z,catalog,/v1/items,GET,204,68
req-005821,2026-03-03T07:13:15Z,catalog,/v1/items,GET,200,72
req-006687,2026-03-03T15:10:51Z,catalog,/v1/items,GET,200,43
req-001152,2026-03-01T11:43:41Z,auth,/v1/login,POST,200,93
req-004624,2026-03-02T20:29:40Z,auth,/v1/login,POST,200,81
req-004985,2026-03-02T23:33:51Z,catalog,/v1/items,GET,200,66
req-004905,2026-03-02T23:16:44Z,checkout,/v1/pay,POST,200,230
req-000978,2026-03-01T09:57:17Z,catalog,/v1/items,GET,200,50
req-006833,2026-03-03T17:24:02Z,search,/v1/query,GET,204,421
req-006289,2026-03-03T12:50:28Z,checkout,/v1/pay,POST,502,194
req-005915,2026-03-03T08:36:24Z,auth,/v1/login,POST,200,97
req-000671,2026-03-01T06:50:37Z,catalog,/v1/items,GET,204,42
req-000566,2026-03-01T05:14:46Z,catalog,/v1/items,GET,200,66
req-000312,2026-03-01T02:45:11Z,search,/v1/cache,DELETE,503,32
req-001060,2026-03-01T10:12:31Z,auth,/v1/login,POST,200,130
req-005377,2026-03-03T03:49:22Z,auth,/v1/login,POST,200,57
req-006640,2026-03-03T15:47:10Z,auth,/v1/login,POST,204,63
req-006411,2026-03-03T13:09:42Z,billing,/v1/invoices,GET,204,457
req-003714,2026-03-02T11:07:03Z,catalog,/v1/items,GET,201,52
req-006834,2026-03-03T17:12:38Z,search,/v1/query,GET,200,299
req-000615,2026-03-01T05:50:51Z,search,/v1/cache,DELETE,200,26
req-006413,2026-03-03T13:24:31Z,billing,/v1/invoices,GET,200,291
req-004283,2026-03-02T17:51:41Z,billing,/v1/invoices,GET,204,389
req-005657,2026-03-03T06:07:29Z,checkout,/v1/pay,POST,200,239
req-002070,2026-03-01T19:28:07Z,catalog,/v1/items,PUT,401,83
req-000074,2026-03-01T00:35:15Z,catalog,/v1/items,GET,200,37
req-006010,2026-03-03T09:38:24Z,auth,/v1/login,POST,201,84
req-004799,2026-03-02T21:39:53Z,search,/v1/cache,DELETE,201,31
req-001715,2026-03-01T16:13:26Z,catalog,/v1/items,GET,200,63
req-006091,2026-03-03T10:28:04Z,billing,/v1/invoices,GET,200,196
req-003109,2026-03-02T06:05:32Z,checkout,/v1/pay,POST,204,232
req-007570,2026-03-01T20:12:00Z,billing,/v1/refund,POST,500,189
req-000018,2026-03-01T00:46:07Z,billing,/v1/invoices,GET,200,368
req-007029,2026-03-03T19:43:39Z,checkout,/v1/pay,POST,200,264
req-001329,2026-03-01T13:12:15Z,checkout,/v1/pay,POST,200,226
req-004399,2026-03-02T18:12:25Z,search,/v1/query,GET,201,443
req-002842,2026-03-02T03:39:11Z,auth,/v1/login,POST,200,55
req-003892,2026-03-02T13:10:38Z,auth,/v1/login,POST,200,99
req-001343,2026-03-01T13:58:24Z,billing,/v1/invoices,GET,200,417
req-005993,2026-03-03T09:32:37Z,search,/v1/query,GET,200,304
req-007539,2026-03-03T23:57:55Z,catalog,/v1/items,PUT,200,75
req-003046,2026-03-02T05:00:08Z,auth,/v1/login,POST,204,109
req-002012,2026-03-01T19:43:17Z,auth,/v1/login,POST,400,97
req-004979,2026-03-02T23:13:06Z,catalog,/v1/items,GET,201,83
req-004636,2026-03-02T20:51:58Z,auth,/v1/login,POST,204,130
req-005356,2026-03-03T03:32:59Z,auth,/v1/login,POST,200,96
req-005644,2026-03-03T05:53:59Z,catalog,/v1/items,PUT,200,102
req-006124,2026-03-03T10:43:01Z,auth,/v1/login,POST,200,62
req-003743,2026-03-02T11:19:53Z,auth,/v1/session,GET,200,50
req-003334,2026-03-02T08:21:14Z,checkout,/v1/pay,POST,200,490
req-005743,2026-03-03T06:52:39Z,catalog,/v1/items,PUT,201,68
req-002053,2026-03-01T19:13:42Z,catalog,/v1/items,GET,200,44
req-005908,2026-03-03T08:31:49Z,auth,/v1/login,POST,200,88
req-002265,2026-03-01T21:58:21Z,catalog,/v1/items,PUT,200,105
req-004657,2026-03-02T20:53:43Z,catalog,/v1/items,GET,200,72
req-000684,2026-03-01T06:23:35Z,catalog,/v1/items,GET,200,62
req-003872,2026-03-02T13:28:16Z,billing,/v1/invoices,GET,201,238
req-005903,2026-03-03T08:30:02Z,auth,/v1/login,POST,201,80
req-005712,2026-03-03T06:51:27Z,catalog,/v1/items,GET,204,73
req-003594,2026-03-02T10:00:23Z,catalog,/v1/items,GET,200,34
req-005310,2026-03-03T02:07:25Z,catalog,/v1/items,PUT,201,46
req-005622,2026-03-03T05:27:26Z,catalog,/v1/items,GET,204,58
req-000793,2026-03-01T07:42:26Z,catalog,/v1/items,GET,200,57
req-006562,2026-03-03T14:58:52Z,auth,/v1/login,POST,200,51
req-001114,2026-03-01T10:57:59Z,auth,/v1/session,GET,204,20
req-002855,2026-03-02T03:34:27Z,catalog,/v1/items,GET,200,71
req-001993,2026-03-01T19:50:12Z,billing,/v1/invoices,GET,400,387
req-005849,2026-03-03T07:36:15Z,catalog,/v1/items,PUT,201,76
req-005575,2026-03-03T05:02:27Z,search,/v1/query,GET,504,378
req-004110,2026-03-02T15:50:01Z,auth,/v1/login,POST,204,98
req-003078,2026-03-02T05:26:14Z,catalog,/v1/items,GET,201,62
req-006670,2026-03-03T15:24:08Z,catalog,/v1/items,GET,201,53
req-003113,2026-03-02T06:54:32Z,billing,/v1/invoices,GET,200,228
req-001699,2026-03-01T16:34:32Z,auth,/v1/login,POST,201,68
req-002214,2026-03-01T21:45:18Z,auth,/v1/login,POST,200,172
req-006659,2026-03-03T15:36:30Z,catalog,/v1/items,GET,200,50
req-004319,2026-03-02T17:26:35Z,catalog,/v1/items,GET,200,49
req-006436,2026-03-03T13:49:51Z,auth,/v1/login,POST,404,65
req-004199,2026-03-02T16:18:16Z,auth,/v1/login,POST,200,61
req-002311,2026-03-01T22:31:43Z,search,/v1/query,GET,201,467
req-004540,2026-03-02T19:42:38Z,catalog,/v1/items,GET,200,60
req-004198,2026-03-02T16:32:27Z,auth,/v1/login,POST,201,101
req-004823,2026-03-02T22:29:05Z,search,/v1/query,GET,200,314
req-003711,2026-03-02T11:06:09Z,catalog,/v1/items,GET,204,52
req-005862,2026-03-03T08:50:09Z,checkout,/v1/pay,POST,401,142
req-002610,2026-03-02T01:44:37Z,billing,/v1/invoices,GET,204,319
req-003230,2026-03-02T07:08:22Z,billing,/v1/invoices,GET,200,425
req-004500,2026-03-02T19:55:17Z,billing,/v1/invoices,GET,200,411
req-006151,2026-03-03T10:24:56Z,catalog,/v1/items,GET,204,59
req-006282,2026-03-03T11:37:32Z,auth,/v1/session,GET,201,43
req-006027,2026-03-03T09:24:06Z,catalog,/v1/items,GET,200,56
req-004221,2026-03-02T16:16:50Z,catalog,/v1/items,GET,200,43
req-002865,2026-03-02T03:25:45Z,catalog,/v1/items,GET,200,79
req-003876,2026-03-02T13:44:19Z,search,/v1/query,GET,204,280
req-004980,2026-03-02T23:46:44Z,catalog,/v1/items,GET,204,51
req-007314,2026-03-03T21:19:30Z,catalog,/v1/items,GET,200,53
req-003677,2026-03-02T11:37:00Z,auth,/v1/login,POST,200,57
req-005131,2026-03-03T01:19:35Z,search,/v1/query,GET,201,383
req-000750,2026-03-01T07:10:40Z,auth,/v1/login,POST,204,68
req-003941,2026-03-02T13:56:46Z,catalog,/v1/items,GET,200,58
req-001254,2026-03-01T12:04:22Z,auth,/v1/login,POST,200,78
req-004160,2026-03-02T15:35:47Z,search,/v1/cache,DELETE,200,69
req-000659,2026-03-01T06:14:04Z,auth,/v1/login,POST,200,85
req-003893,2026-03-02T13:29:34Z,auth,/v1/login,POST,200,80
req-007240,2026-03-03T21:48:28Z,checkout,/v1/pay,POST,204,247
req-006081,2026-03-03T10:09:55Z,checkout,/v1/pay,POST,200,482
req-005577,2026-03-03T05:17:46Z,search,/v1/query,GET,201,365
req-000702,2026-03-01T06:18:05Z,catalog,/v1/items,PUT,200,73
req-006921,2026-03-03T18:07:56Z,checkout,/v1/pay,POST,201,271
req-005731,2026-03-03T06:01:19Z,catalog,/v1/items,GET,200,67
req-005015,2026-03-03T00:16:58Z,checkout,/v1/pay,POST,200,194
req-002609,2026-03-02T01:50:05Z,billing,/v1/invoices,GET,201,55
req-004499,2026-03-02T19:07:25Z,checkout,/v1/pay,POST,200,296
req-004236,2026-03-02T16:06:43Z,catalog,/v1/items,GET,201,57
req-000005,2026-03-01T00:48:21Z,checkout,/v1/pay,POST,504,246
req-004774,2026-03-02T21:55:38Z,catalog,/v1/items,GET,201,59
req-004182,2026-03-02T16:17:26Z,billing,/v1/invoices,GET,204,521
req-002018,2026-03-01T19:27:26Z,auth,/v1/login,POST,200,47
req-004937,2026-03-02T23:04:47Z,auth,/v1/login,POST,200,88
req-006286,2026-03-03T11:06:08Z,search,/v1/cache,DELETE,201,43
req-004586,2026-03-02T20:31:59Z,checkout,/v1/pay,POST,200,294
req-006121,2026-03-03T10:07:34Z,auth,/v1/login,POST,200,65
req-005174,2026-03-03T01:41:27Z,catalog,/v1/items,GET,201,59
req-005312,2026-03-03T02:07:52Z,auth,/v1/session,GET,204,55
req-006792,2026-03-03T16:40:27Z,catalog,/v1/items,PUT,200,105
req-002357,2026-03-01T22:27:26Z,catalog,/v1/items,GET,204,48
req-005607,2026-03-03T05:36:56Z,catalog,/v1/items,GET,201,67
req-004692,2026-03-02T20:49:13Z,auth,/v1/session,GET,204,60
req-003967,2026-03-02T14:27:27Z,checkout,/v1/pay,POST,200,443
req-006423,2026-03-03T13:29:37Z,search,/v1/query,GET,204,258
req-002770,2026-03-02T02:33:25Z,catalog,/v1/items,GET,204,66
req-006957,2026-03-03T18:05:26Z,auth,/v1/login,POST,204,81
req-001895,2026-03-01T18:40:01Z,search,/v1/query,GET,204,345
req-005026,2026-03-03T00:18:24Z,search,/v1/query,GET,204,381
req-003915,2026-03-02T13:18:54Z,catalog,/v1/items,GET,200,137
req-004126,2026-03-02T15:35:49Z,catalog,/v1/items,GET,403,39
req-004589,2026-03-02T20:29:38Z,checkout,/v1/pay,POST,204,284
req-001810,2026-03-01T17:30:20Z,auth,/v1/login,POST,200,60
req-007430,2026-03-03T22:57:54Z,auth,/v1/session,GET,201,32
req-005620,2026-03-03T05:36:02Z,catalog,/v1/items,GET,201,45
req-004698,2026-03-02T21:56:33Z,checkout,/v1/pay,POST,200,205
req-002079,2026-03-01T19:22:34Z,search,/v1/cache,DELETE,201,42
req-006379,2026-03-03T12:14:54Z,catalog,/v1/items,PUT,200,106
req-003319,2026-03-02T08:50:18Z,checkout,/v1/pay,POST,200,301
req-002177,2026-03-01T20:46:03Z,auth,/v1/session,GET,302,37
req-004481,2026-03-02T18:48:51Z,search,/v1/cache,DELETE,200,59
req-001297,2026-03-01T12:25:44Z,catalog,/v1/items,GET,200,77
req-005788,2026-03-03T07:39:40Z,search,/v1/query,GET,200,286
req-007417,2026-03-03T22:33:06Z,catalog,/v1/items,GET,200,76
req-007001,2026-03-03T18:45:50Z,catalog,/v1/items,GET,200,63
req-003959,2026-03-02T13:23:33Z,search,/v1/cache,DELETE,204,62
req-001132,2026-03-01T11:04:58Z,checkout,/v1/pay,POST,500,167
req-000377,2026-03-01T03:20:55Z,catalog,/v1/items,GET,201,71
req-004470,2026-03-02T18:48:30Z,catalog,/v1/items,PUT,204,69
req-003767,2026-03-02T12:33:29Z,billing,/v1/invoices,GET,200,350
req-006138,2026-03-03T10:24:12Z,catalog,/v1/items,GET,201,41
req-001624,2026-03-01T15:47:22Z,catalog,/v1/items,GET,201,32
req-004261,2026-03-02T16:47:53Z,search,/v1/cache,DELETE,200,49
req-000378,2026-03-01T03:46:57Z,catalog,/v1/items,GET,200,67
req-001307,2026-03-01T12:33:41Z,catalog,/v1/items,GET,200,66
req-002594,2026-03-02T00:53:55Z,search,/v1/cache,DELETE,204,31
req-005966,2026-03-03T08:33:52Z,search,/v1/cache,DELETE,200,118
req-002864,2026-03-02T03:18:45Z,catalog,/v1/items,GET,200,69
req-005420,2026-03-03T03:26:08Z,catalog,/v1/items,PUT,200,88
req-002550,2026-03-02T00:28:56Z,catalog,/v1/items,GET,201,48
req-006830,2026-03-03T17:24:09Z,billing,/v1/invoices,GET,204,451
req-001596,2026-03-01T15:46:27Z,auth,/v1/login,POST,200,78
req-006278,2026-03-03T11:22:13Z,auth,/v1/session,GET,204,85
req-001125,2026-03-01T11:19:31Z,checkout,/v1/pay,POST,200,211
req-002977,2026-03-02T04:40:11Z,catalog,/v1/items,PUT,201,103
req-005738,2026-03-03T06:19:28Z,catalog,/v1/items,GET,201,55
req-003167,2026-03-02T06:14:12Z,catalog,/v1/items,GET,200,61
req-004659,2026-03-02T20:20:22Z,catalog,/v1/items,GET,200,155
req-005116,2026-03-03T01:10:10Z,checkout,/v1/pay,POST,200,329
req-000589,2026-03-01T05:39:03Z,catalog,/v1/items,GET,204,31
req-000922,2026-03-01T09:59:17Z,checkout,/v1/pay,POST,200,228
req-007554,2026-03-01T10:06:00Z,checkout,/v1/cart,GET,500,152
req-004286,2026-03-02T17:38:21Z,billing,/v1/invoices,GET,200,353
req-006136,2026-03-03T10:43:21Z,catalog,/v1/items,GET,204,56
req-005477,2026-03-03T04:24:42Z,auth,/v1/login,POST,204,71
req-003079,2026-03-02T05:22:36Z,catalog,/v1/items,GET,201,51
req-006990,2026-03-03T18:24:13Z,catalog,/v1/items,GET,200,48
req-000082,2026-03-01T00:22:19Z,catalog,/v1/items,GET,201,57
req-003511,2026-03-02T09:38:26Z,catalog,/v1/items,GET,200,70
req-001967,2026-03-01T18:20:55Z,auth,/v1/session,GET,301,33
req-003978,2026-03-02T14:56:43Z,billing,/v1/invoices,GET,201,281
req-001396,2026-03-01T13:55:50Z,catalog,/v1/items,GET,200,70
req-002903,2026-03-02T04:46:37Z,checkout,/v1/pay,POST,201,280
req-000332,2026-03-01T03:17:12Z,billing,/v1/invoices,GET,200,1932
req-000547,2026-03-01T05:51:54Z,auth,/v1/login,POST,200,74
req-007348,2026-03-03T22:28:54Z,checkout,/v1/pay,POST,200,247
req-004868,2026-03-02T22:36:20Z,catalog,/v1/items,GET,200,68
req-002031,2026-03-01T19:11:54Z,catalog,/v1/items,GET,200,33
req-003635,2026-03-02T10:31:28Z,catalog,/v1/items,PUT,200,84
req-002028,2026-03-01T19:54:57Z,catalog,/v1/items,GET,200,71
req-000425,2026-03-01T04:49:54Z,checkout,/v1/pay,POST,201,223
req-000144,2026-03-01T01:40:43Z,auth,/v1/login,POST,200,81
req-004962,2026-03-02T23:32:17Z,catalog,/v1/items,GET,201,54
req-000728,2026-03-01T07:59:56Z,billing,/v1/invoices,GET,201,405
req-004413,2026-03-02T18:59:44Z,auth,/v1/login,POST,201,92
req-003830,2026-03-02T12:56:09Z,catalog,/v1/items,GET,200,75
req-000578,2026-03-01T05:43:20Z,catalog,/v1/items,GET,200,150
req-002981,2026-03-02T04:06:48Z,catalog,/v1/items,PUT,200,134
req-006384,2026-03-03T12:11:19Z,auth,/v1/session,GET,200,39
req-006242,2026-03-03T11:01:59Z,catalog,/v1/items,GET,200,68
req-003006,2026-03-02T05:45:03Z,checkout,/v1/pay,POST,504,174
req-006332,2026-03-03T12:02:36Z,auth,/v1/login,POST,200,63
req-005724,2026-03-03T06:07:54Z,catalog,/v1/items,GET,200,154
req-003291,2026-03-02T07:57:08Z,catalog,/v1/items,GET,200,60
req-001968,2026-03-01T18:10:27Z,auth,/v1/session,GET,301,60
req-000307,2026-03-01T02:54:59Z,auth,/v1/session,GET,201,56
req-000666,2026-03-01T06:51:21Z,auth,/v1/login,POST,201,89
req-001612,2026-03-01T15:46:59Z,catalog,/v1/items,GET,201,56
req-005689,2026-03-03T06:04:51Z,auth,/v1/login,POST,200,27
req-002345,2026-03-01T22:31:57Z,catalog,/v1/items,GET,200,60
req-005093,2026-03-03T00:27:51Z,catalog,/v1/items,PUT,204,128
req-000508,2026-03-01T05:39:57Z,checkout,/v1/pay,POST,200,203
req-003849,2026-03-02T12:11:28Z,auth,/v1/session,GET,301,45
req-006428,2026-03-03T13:56:06Z,auth,/v1/login,POST,200,50
req-006097,2026-03-03T10:02:35Z,search,/v1/query,GET,200,340
req-003638,2026-03-02T10:20:10Z,auth,/v1/session,GET,200,56
req-003300,2026-03-02T07:45:23Z,catalog,/v1/items,GET,201,64
req-004763,2026-03-02T21:43:16Z,catalog,/v1/items,GET,200,70
req-002595,2026-03-02T00:59:36Z,search,/v1/cache,DELETE,200,38
req-001225,2026-03-01T12:12:52Z,checkout,/v1/pay,POST,200,183
req-006415,2026-03-03T13:50:11Z,search,/v1/query,GET,200,418
req-000318,2026-03-01T03:40:58Z,checkout,/v1/pay,POST,200,241
req-004920,2026-03-02T23:58:17Z,billing,/v1/invoices,GET,201,468
req-001017,2026-03-01T09:23:49Z,search,/v1/cache,DELETE,200,54
req-003192,2026-03-02T06:53:34Z,catalog,/v1/items,PUT,200,48
req-003103,2026-03-02T06:00:20Z,checkout,/v1/pay,POST,200,287
req-000998,2026-03-01T09:37:33Z,catalog,/v1/items,GET,200,85
req-006605,2026-03-03T14:48:51Z,search,/v1/cache,DELETE,200,49
req-001031,2026-03-01T10:30:23Z,checkout,/v1/pay,POST,200,168
req-004190,2026-03-02T16:13:20Z,search,/v1/query,GET,201,455
req-001657,2026-03-01T16:30:18Z,checkout,/v1/pay,POST,204,185
req-005939,2026-03-03T08:38:36Z,catalog,/v1/items,GET,204,74
req-003541,2026-03-02T10:42:44Z,checkout,/v1/pay,POST,204,237
req-005801,2026-03-03T07:10:13Z,auth,/v1/login,POST,200,39
req-004571,2026-03-02T19:52:37Z,catalog,/v1/items,PUT,200,66
req-007296,2026-03-03T21:09:16Z,catalog,/v1/items,GET,200,68
req-005654,2026-03-03T06:41:01Z,checkout,/v1/pay,POST,201,236
req-007221,2026-03-03T20:15:18Z,auth,/v1/session,GET,200,59
req-006445,2026-03-03T13:04:23Z,auth,/v1/login,POST,200,85
req-000196,2026-03-01T01:43:37Z,catalog,/v1/items,PUT,200,97
req-004389,2026-03-02T18:00:26Z,billing,/v1/invoices,GET,200,388
req-007441,2026-03-03T23:24:49Z,checkout,/v1/pay,POST,201,189
req-004528,2026-03-02T19:33:07Z,auth,/v1/login,POST,204,89
req-001359,2026-03-01T13:30:32Z,auth,/v1/login,POST,200,177
req-003540,2026-03-02T10:08:25Z,checkout,/v1/pay,POST,500,215
req-004096,2026-03-02T15:13:47Z,auth,/v1/login,POST,200,78
req-006912,2026-03-03T17:33:43Z,auth,/v1/session,GET,200,40
req-006470,2026-03-03T13:00:02Z,catalog,/v1/items,GET,200,59
req-007438,2026-03-03T23:25:42Z,checkout,/v1/pay,POST,200,246
req-004917,2026-03-02T23:20:17Z,billing,/v1/invoices,GET,200,385
req-004580,2026-03-02T19:20:42Z,search,/v1/cache,DELETE,200,47
req-003489,2026-03-02T09:36:08Z,catalog,/v1/items,GET,201,42
req-007053,2026-03-03T19:44:57Z,search,/v1/query,GET,200,288
req-002361,2026-03-01T22:45:27Z,catalog,/v1/items,GET,204,37
req-006695,2026-03-03T15:58:27Z,catalog,/v1/items,PUT,200,108
req-004787,2026-03-02T21:03:58Z,catalog,/v1/items,PUT,200,89
req-001246,2026-03-01T12:32:41Z,search,/v1/query,GET,204,406
req-003832,2026-03-02T12:58:34Z,catalog,/v1/items,GET,201,58
req-006689,2026-03-03T15:52:12Z,catalog,/v1/items,GET,200,45
req-002568,2026-03-02T00:21:14Z,catalog,/v1/items,GET,200,54
req-003761,2026-03-02T12:58:52Z,checkout,/v1/pay,POST,401,156
req-002725,2026-03-02T02:22:27Z,auth,/v1/login,POST,200,70
req-007023,2026-03-03T19:04:03Z,checkout,/v1/pay,POST,200,277
req-004642,2026-03-02T20:46:17Z,auth,/v1/login,POST,201,76
req-006786,2026-03-03T16:41:53Z,catalog,/v1/items,GET,204,56
req-000494,2026-03-01T04:01:09Z,catalog,/v1/items,PUT,200,73
req-000929,2026-03-01T09:31:30Z,checkout,/v1/pay,POST,200,207
req-004038,2026-03-02T14:00:50Z,catalog,/v1/items,GET,200,70
req-003887,2026-03-02T13:53:31Z,auth,/v1/login,POST,200,75
req-007119,2026-03-03T19:34:49Z,auth,/v1/session,GET,200,21
req-007123,2026-03-03T19:08:05Z,search,/v1/cache,DELETE,201,65
req-003674,2026-03-02T11:59:17Z,auth,/v1/login,POST,201,68
req-004621,2026-03-02T20:19:42Z,auth,/v1/login,POST,204,59
req-002585,2026-03-02T00:40:42Z,catalog,/v1/items,PUT,204,47
req-001229,2026-03-01T12:16:43Z,checkout,/v1/pay,POST,201,156
req-003273,2026-03-02T07:15:50Z,catalog,/v1/items,GET,201,62
req-004839,2026-03-02T22:50:55Z,auth,/v1/login,POST,201,52
req-002608,2026-03-02T01:09:44Z,billing,/v1/invoices,GET,200,218
req-000466,2026-03-01T04:26:31Z,catalog,/v1/items,GET,200,88
req-000624,2026-03-01T06:34:25Z,checkout,/v1/pay,POST,502,194
req-001544,2026-03-01T14:59:09Z,auth,/v1/session,GET,201,34
req-002011,2026-03-01T19:17:08Z,auth,/v1/login,POST,204,92
req-003950,2026-03-02T13:45:41Z,catalog,/v1/items,PUT,200,83
req-001838,2026-03-01T17:44:32Z,catalog,/v1/items,GET,200,61
req-002326,2026-03-01T22:36:32Z,auth,/v1/login,POST,201,48
req-003077,2026-03-02T05:25:27Z,catalog,/v1/items,GET,204,37
req-003858,2026-03-02T13:30:20Z,checkout,/v1/pay,POST,200,181
req-000588,2026-03-01T05:15:30Z,catalog,/v1/items,GET,201,74
req-003928,2026-03-02T13:26:37Z,catalog,/v1/items,GET,200,86
req-001632,2026-03-01T15:50:29Z,catalog,/v1/items,GET,200,77
req-005722,2026-03-03T06:20:45Z,catalog,/v1/items,GET,200,40
req-006021,2026-03-03T09:02:33Z,catalog,/v1/items,GET,200,32
req-001738,2026-03-01T16:44:10Z,catalog,/v1/items,PUT,204,95
req-004612,2026-03-02T20:38:28Z,search,/v1/query,GET,503,304
req-000844,2026-03-01T08:46:40Z,auth,/v1/login,POST,204,73
req-001300,2026-03-01T12:10:16Z,catalog,/v1/items,GET,200,51
req-006095,2026-03-03T10:01:20Z,billing,/v1/invoices,GET,204,313
req-003372,2026-03-02T08:21:13Z,auth,/v1/login,POST,201,55
req-003561,2026-03-02T10:08:49Z,search,/v1/query,GET,200,336
req-002420,2026-03-01T23:17:27Z,search,/v1/query,GET,500,445
req-002943,2026-03-02T04:24:51Z,auth,/v1/login,POST,200,87
req-003271,2026-03-02T07:46:31Z,catalog,/v1/items,GET,200,59
req-000675,2026-03-01T06:07:05Z,catalog,/v1/items,GET,204,42
req-002324,2026-03-01T22:22:39Z,auth,/v1/login,POST,204,103
req-002785,2026-03-02T02:02:16Z,auth,/v1/session,GET,200,44
req-002592,2026-03-02T00:59:33Z,auth,/v1/session,GET,200,46
req-007219,2026-03-03T20:32:30Z,catalog,/v1/items,PUT,200,79
req-002212,2026-03-01T21:25:43Z,auth,/v1/login,POST,201,66
req-000125,2026-03-01T01:06:54Z,search,/v1/query,GET,201,403
req-000290,2026-03-01T02:43:07Z,catalog,/v1/items,GET,200,57
req-002824,2026-03-02T03:35:53Z,auth,/v1/login,POST,200,74
req-005822,2026-03-03T07:15:12Z,catalog,/v1/items,GET,200,59
req-007318,2026-03-03T21:45:17Z,catalog,/v1/items,PUT,204,129
req-003085,2026-03-02T05:01:41Z,catalog,/v1/items,PUT,200,115
req-002583,2026-03-02T00:34:25Z,catalog,/v1/items,PUT,204,87
req-005076,2026-03-03T00:24:10Z,catalog,/v1/items,GET,200,149
req-001019,2026-03-01T10:51:07Z,checkout,/v1/pay,POST,200,136
req-005615,2026-03-03T05:07:31Z,catalog,/v1/items,GET,201,57
req-003254,2026-03-02T07:05:09Z,auth,/v1/login,POST,200,71
req-005018,2026-03-03T00:19:47Z,billing,/v1/invoices,GET,204,440
req-006906,2026-03-03T17:53:24Z,catalog,/v1/items,PUT,201,96
req-002459,2026-03-01T23:08:52Z,catalog,/v1/items,GET,200,73
req-005187,2026-03-03T01:31:29Z,catalog,/v1/items,GET,204,56
req-002306,2026-03-01T22:23:46Z,search,/v1/query,GET,200,536
req-000729,2026-03-01T07:05:06Z,billing,/v1/invoices,GET,201,381
req-001382,2026-03-01T13:21:27Z,catalog,/v1/items,GET,201,47
req-004201,2026-03-02T16:01:56Z,auth,/v1/login,POST,200,97
req-004840,2026-03-02T22:55:21Z,auth,/v1/login,POST,403,102
req-007584,2026-03-01T21:08:00Z,billing,/v1/refund,POST,500,231
req-005376,2026-03-03T03:36:33Z,auth,/v1/login,POST,201,65
req-004984,2026-03-02T23:41:31Z,catalog,/v1/items,GET,200,61
req-004869,2026-03-02T22:16:05Z,catalog,/v1/items,GET,200,41
req-003008,2026-03-02T05:37:28Z,checkout,/v1/pay,POST,200,254
req-006905,2026-03-03T17:37:27Z,catalog,/v1/items,PUT,201,95
req-000690,2026-03-01T06:38:03Z,catalog,/v1/items,GET,201,66
req-005110,2026-03-03T01:48:02Z,checkout,/v1/pay,POST,200,196
req-001117,2026-03-01T10:49:36Z,search,/v1/cache,DELETE,200,38
req-005566,2026-03-03T05:49:14Z,billing,/v1/invoices,GET,200,458
req-005459,2026-03-03T04:21:39Z,search,/v1/query,GET,204,367
req-006848,2026-03-03T17:03:51Z,auth,/v1/login,POST,200,100
req-000573,2026-03-01T05:33:12Z,catalog,/v1/items,GET,200,148
req-005646,2026-03-03T05:18:16Z,auth,/v1/session,GET,302,39
req-005020,2026-03-03T00:25:32Z,billing,/v1/invoices,GET,200,482
req-003350,2026-03-02T08:13:44Z,search,/v1/query,GET,204,294
req-004294,2026-03-02T17:28:57Z,search,/v1/query,GET,204,1560
req-000248,2026-03-01T02:24:21Z,auth,/v1/login,POST,201,92
req-001356,2026-03-01T13:23:42Z,search,/v1/query,GET,200,362
req-003634,2026-03-02T10:09:11Z,catalog,/v1/items,PUT,200,88
req-005979,2026-03-03T09:11:55Z,checkout,/v1/pay,POST,404,122
req-005682,2026-03-03T06:19:38Z,search,/v1/query,GET,204,1535
req-007451,2026-03-03T23:56:25Z,checkout,/v1/pay,POST,504,201
req-000073,2026-03-01T00:49:27Z,catalog,/v1/items,GET,204,35
req-000599,2026-03-01T05:06:16Z,catalog,/v1/items,GET,201,36
req-004143,2026-03-02T15:33:10Z,catalog,/v1/items,GET,200,56
req-002152,2026-03-01T20:03:39Z,catalog,/v1/items,GET,201,139
req-006283,2026-03-03T11:57:01Z,auth,/v1/session,GET,200,37
req-002484,2026-03-01T23:05:29Z,catalog,/v1/items,PUT,200,126
req-006189,2026-03-03T11:58:38Z,checkout,/v1/pay,POST,200,212
req-005715,2026-03-03T06:05:30Z,catalog,/v1/items,GET,200,64
req-001744,2026-03-01T16:29:24Z,auth,/v1/session,GET,302,46
req-006722,2026-03-03T16:03:23Z,checkout,/v1/pay,POST,204,213
req-001608,2026-03-01T15:19:55Z,catalog,/v1/items,GET,201,59
req-001630,2026-03-01T15:58:43Z,catalog,/v1/items,GET,204,72
req-006825,2026-03-03T17:28:37Z,billing,/v1/invoices,GET,204,1938
req-002747,2026-03-02T02:51:58Z,catalog,/v1/items,GET,201,47
req-002021,2026-03-01T19:14:37Z,auth,/v1/login,POST,201,90
req-003287,2026-03-02T07:03:06Z,catalog,/v1/items,GET,200,63
req-000545,2026-03-01T05:06:30Z,auth,/v1/login,POST,200,77
req-000837,2026-03-01T08:17:39Z,search,/v1/query,GET,200,1661
req-003267,2026-03-02T07:49:57Z,auth,/v1/login,POST,204,53
req-002961,2026-03-02T04:09:52Z,catalog,/v1/items,GET,200,49
req-002660,2026-03-02T01:31:05Z,catalog,/v1/items,GET,201,143
req-003408,2026-03-02T08:10:22Z,catalog,/v1/items,GET,200,145
req-000085,2026-03-01T00:34:01Z,catalog,/v1/items,PUT,200,49
req-003558,2026-03-02T10:37:12Z,search,/v1/query,GET,201,1624
req-001452,2026-03-01T14:30:17Z,checkout,/v1/pay,POST,200,170
req-007434,2026-03-03T22:51:52Z,search,/v1/cache,DELETE,200,69
req-002940,2026-03-02T04:21:50Z,auth,/v1/login,POST,200,73
req-002616,2026-03-02T01:27:23Z,search,/v1/query,GET,204,283
req-000923,2026-03-01T09:03:24Z,checkout,/v1/pay,POST,200,176
req-004588,2026-03-02T20:25:02Z,checkout,/v1/pay,POST,200,203
req-002902,2026-03-02T04:27:06Z,checkout,/v1/pay,POST,200,185
req-002413,2026-03-01T23:12:47Z,billing,/v1/invoices,GET,200,162
req-003836,2026-03-02T12:29:54Z,catalog,/v1/items,PUT,201,119
req-005087,2026-03-03T00:50:31Z,catalog,/v1/items,GET,200,42
req-002508,2026-03-02T00:02:44Z,checkout,/v1/pay,POST,200,143
req-006394,2026-03-03T13:50:15Z,checkout,/v1/pay,POST,200,117
req-007180,2026-03-03T20:27:36Z,catalog,/v1/items,GET,200,47
req-001707,2026-03-01T16:21:46Z,catalog,/v1/items,GET,201,46
req-004548,2026-03-02T19:02:32Z,catalog,/v1/items,GET,204,50
req-002465,2026-03-01T23:50:40Z,catalog,/v1/items,GET,200,56
req-006738,2026-03-03T16:19:42Z,auth,/v1/login,POST,204,101
req-003525,2026-03-02T09:22:14Z,catalog,/v1/items,PUT,204,77
req-005533,2026-03-03T04:24:50Z,auth,/v1/session,GET,201,29
req-003728,2026-03-02T11:34:03Z,catalog,/v1/items,GET,200,50
req-007078,2026-03-03T19:28:35Z,catalog,/v1/items,GET,204,88
req-000350,2026-03-01T03:36:55Z,auth,/v1/login,POST,200,95
req-005166,2026-03-03T01:56:01Z,catalog,/v1/items,GET,200,62
req-002380,2026-03-01T22:04:09Z,catalog,/v1/items,PUT,200,60
req-002870,2026-03-02T03:40:56Z,catalog,/v1/items,GET,200,142
req-004578,2026-03-02T19:18:42Z,auth,/v1/session,GET,200,42
req-007443,2026-03-03T23:56:22Z,checkout,/v1/pay,POST,200,217
req-004538,2026-03-02T19:24:33Z,auth,/v1/login,POST,200,61
req-006004,2026-03-03T09:54:31Z,auth,/v1/login,POST,200,109
req-002014,2026-03-01T19:47:39Z,auth,/v1/login,POST,200,89
req-006009,2026-03-03T09:58:33Z,auth,/v1/login,POST,201,45
req-005084,2026-03-03T00:46:45Z,catalog,/v1/items,GET,400,77
req-002563,2026-03-02T00:58:11Z,catalog,/v1/items,GET,200,60
req-006991,2026-03-03T18:48:00Z,catalog,/v1/items,GET,200,40
req-006217,2026-03-03T11:36:34Z,auth,/v1/login,POST,204,59
req-003411,2026-03-02T08:02:14Z,catalog,/v1/items,GET,204,38
req-002098,2026-03-01T20:28:04Z,billing,/v1/invoices,GET,200,358
req-002250,2026-03-01T21:32:58Z,catalog,/v1/items,GET,200,70
req-006592,2026-03-03T14:25:51Z,catalog,/v1/items,PUT,201,69
req-001913,2026-03-01T18:19:30Z,auth,/v1/login,POST,200,76
req-003276,2026-03-02T07:47:40Z,catalog,/v1/items,GET,201,32
req-002632,2026-03-02T01:29:20Z,auth,/v1/login,POST,204,96
req-005579,2026-03-03T05:24:15Z,search,/v1/query,GET,201,227
req-002042,2026-03-01T19:51:13Z,catalog,/v1/items,GET,200,43
req-002082,2026-03-01T20:00:02Z,checkout,/v1/pay,POST,200,260
req-003239,2026-03-02T07:43:13Z,search,/v1/query,GET,204,239
req-002084,2026-03-01T20:23:58Z,checkout,/v1/pay,POST,200,189
req-001946,2026-03-01T18:06:04Z,catalog,/v1/items,GET,201,29
req-001093,2026-03-01T10:30:55Z,catalog,/v1/items,GET,204,47
req-002055,2026-03-01T19:55:00Z,catalog,/v1/items,GET,200,57
req-004805,2026-03-02T22:57:15Z,checkout,/v1/pay,POST,200,199
req-001474,2026-03-01T14:23:09Z,auth,/v1/login,POST,200,111
req-002877,2026-03-02T03:06:14Z,catalog,/v1/items,GET,204,79
req-001785,2026-03-01T17:24:01Z,search,/v1/query,GET,200,257
req-006387,2026-03-03T12:56:18Z,search,/v1/cache,DELETE,200,37
req-006521,2026-03-03T14:33:03Z,checkout,/v1/pay,POST,200,281
req-001628,2026-03-01T15:47:05Z,catalog,/v1/items,GET,200,76
req-001791,2026-03-01T17:55:00Z,auth,/v1/login,POST,204,63
req-000045,2026-03-01T00:28:53Z,auth,/v1/login,POST,204,184
req-002722,2026-03-02T02:35:57Z,auth,/v1/login,POST,201,105
req-007493,2026-03-03T23:03:38Z,auth,/v1/login,POST,200,69
req-004485,2026-03-02T19:02:14Z,checkout,/v1/pay,POST,200,251
req-000218,2026-03-01T02:37:42Z,checkout,/v1/pay,POST,503,174
req-005673,2026-03-03T06:19:19Z,billing,/v1/invoices,GET,201,354
req-006556,2026-03-03T14:57:16Z,auth,/v1/login,POST,400,107
req-002816,2026-03-02T03:52:59Z,search,/v1/query,GET,204,344
req-000812,2026-03-01T08:49:09Z,checkout,/v1/pay,POST,200,94
req-001990,2026-03-01T19:11:46Z,billing,/v1/invoices,GET,201,421
req-004577,2026-03-02T19:00:36Z,auth,/v1/session,GET,201,42
req-003921,2026-03-02T13:06:06Z,catalog,/v1/items,GET,200,56
req-005130,2026-03-03T01:01:55Z,search,/v1/query,GET,204,220
req-001956,2026-03-01T18:53:33Z,catalog,/v1/items,GET,200,137
req-003994,2026-03-02T14:53:15Z,auth,/v1/login,POST,200,90
req-003909,2026-03-02T13:05:52Z,catalog,/v1/items,GET,204,51
req-004268,2026-03-02T17:56:19Z,checkout,/v1/pay,POST,502,265
req-004224,2026-03-02T16:50:15Z,catalog,/v1/items,GET,204,90
req-001374,2026-03-01T13:43:59Z,auth,/v1/login,POST,204,97
req-005865,2026-03-03T08:13:54Z,checkout,/v1/pay,POST,200,146
req-004786,2026-03-02T21:47:37Z,catalog,/v1/items,PUT,200,145
req-002549,2026-03-02T00:28:28Z,catalog,/v1/items,GET,200,91
req-000145,2026-03-01T01:06:48Z,auth,/v1/login,POST,201,78
req-006220,2026-03-03T11:43:43Z,auth,/v1/login,POST,200,111
req-002750,2026-03-02T02:39:08Z,catalog,/v1/items,GET,200,69
req-003383,2026-03-02T08:11:11Z,catalog,/v1/items,GET,200,65
req-003429,2026-03-02T08:47:16Z,search,/v1/cache,DELETE,200,51
req-000226,2026-03-01T02:50:28Z,billing,/v1/invoices,GET,201,278
req-003370,2026-03-02T08:19:02Z,auth,/v1/login,POST,200,195
req-000762,2026-03-01T07:56:01Z,auth,/v1/login,POST,204,78
req-002129,2026-03-01T20:20:18Z,auth,/v1/login,POST,200,103
req-000459,2026-03-01T04:15:26Z,auth,/v1/login,POST,200,101
req-006960,2026-03-03T18:17:27Z,auth,/v1/login,POST,200,60
req-006325,2026-03-03T12:24:49Z,auth,/v1/login,POST,200,74
req-003509,2026-03-02T09:26:40Z,catalog,/v1/items,GET,200,44
req-004605,2026-03-02T20:54:33Z,billing,/v1/invoices,GET,200,441
req-005605,2026-03-03T05:25:06Z,catalog,/v1/items,GET,201,68
req-002398,2026-03-01T23:59:33Z,checkout,/v1/pay,POST,200,312
req-000832,2026-03-01T08:02:49Z,search,/v1/query,GET,200,454
req-006137,2026-03-03T10:59:59Z,catalog,/v1/items,GET,200,65
req-002289,2026-03-01T22:28:13Z,checkout,/v1/pay,POST,201,137
req-003536,2026-03-02T09:20:48Z,search,/v1/cache,DELETE,201,40
req-003013,2026-03-02T05:44:23Z,billing,/v1/invoices,GET,200,469
req-000138,2026-03-01T01:02:20Z,auth,/v1/login,POST,201,114
req-004760,2026-03-02T21:40:04Z,catalog,/v1/items,GET,200,78
req-003935,2026-03-02T13:41:03Z,catalog,/v1/items,GET,204,50
req-001049,2026-03-01T10:56:45Z,search,/v1/query,GET,200,228
req-004356,2026-03-02T17:15:18Z,catalog,/v1/items,PUT,200,51
req-005491,2026-03-03T04:59:28Z,catalog,/v1/items,GET,200,47
req-006077,2026-03-03T10:47:22Z,checkout,/v1/pay,POST,200,221
req-007352,2026-03-03T22:02:21Z,billing,/v1/invoices,GET,204,321
req-001540,2026-03-01T14:48:19Z,catalog,/v1/items,PUT,201,78
req-004575,2026-03-02T19:21:58Z,auth,/v1/session,GET,200,62
req-000955,2026-03-01T09:51:56Z,auth,/v1/login,POST,200,95
req-002486,2026-03-01T23:25:50Z,catalog,/v1/items,PUT,200,85
req-006661,2026-03-03T15:21:45Z,catalog,/v1/items,GET,200,49
req-004734,2026-03-02T21:09:27Z,auth,/v1/login,POST,200,48
req-002588,2026-03-02T00:00:25Z,auth,/v1/session,GET,200,33
req-005428,2026-03-03T03:57:09Z,auth,/v1/session,GET,302,28
req-003931,2026-03-02T13:37:49Z,catalog,/v1/items,GET,200,40
req-000175,2026-03-01T01:33:07Z,catalog,/v1/items,GET,200,67
req-004314,2026-03-02T17:19:56Z,auth,/v1/login,POST,204,102
req-002921,2026-03-02T04:50:01Z,search,/v1/query,GET,204,342
req-000644,2026-03-01T06:51:36Z,search,/v1/query,GET,204,289
req-005495,2026-03-03T04:28:48Z,catalog,/v1/items,GET,204,48
req-001728,2026-03-01T16:59:14Z,catalog,/v1/items,GET,204,52
req-001502,2026-03-01T14:55:10Z,catalog,/v1/items,GET,200,88
req-006643,2026-03-03T15:56:54Z,auth,/v1/login,POST,200,104
req-005941,2026-03-03T08:14:34Z,catalog,/v1/items,GET,201,61
req-006150,2026-03-03T10:13:31Z,catalog,/v1/items,GET,201,33
req-005545,2026-03-03T05:35:33Z,checkout,/v1/pay,POST,200,316
req-002970,2026-03-02T04:09:10Z,catalog,/v1/items,GET,201,36
req-005782,2026-03-03T07:57:31Z,search,/v1/query,GET,200,436
req-004773,2026-03-02T21:41:29Z,catalog,/v1/items,GET,200,43
req-000555,2026-03-01T05:55:43Z,auth,/v1/login,POST,200,116
req-006268,2026-03-03T11:40:23Z,catalog,/v1/items,GET,200,54
req-007154,2026-03-03T20:54:39Z,search,/v1/query,GET,200,404
req-005762,2026-03-03T07:41:04Z,checkout,/v1/pay,POST,200,108
req-003464,2026-03-02T09:17:04Z,search,/v1/query,GET,200,390
req-000105,2026-03-01T01:20:07Z,checkout,/v1/pay,POST,200,307
req-000358,2026-03-01T03:26:00Z,auth,/v1/login,POST,204,82
req-001080,2026-03-01T10:34:23Z,catalog,/v1/items,GET,204,44
req-005171,2026-03-03T01:13:11Z,catalog,/v1/items,GET,200,60
req-005759,2026-03-03T07:28:46Z,checkout,/v1/pay,POST,204,218
req-004762,2026-03-02T21:17:05Z,catalog,/v1/items,GET,200,77
req-002852,2026-03-02T03:49:35Z,catalog,/v1/items,GET,200,68
req-003469,2026-03-02T09:14:32Z,auth,/v1/login,POST,200,91
req-003284,2026-03-02T07:01:12Z,catalog,/v1/items,GET,200,67
req-002627,2026-03-02T01:51:52Z,auth,/v1/login,POST,200,82
req-000977,2026-03-01T09:48:37Z,catalog,/v1/items,GET,200,71
req-003049,2026-03-02T05:52:00Z,auth,/v1/login,POST,201,58
req-007412,2026-03-03T22:12:01Z,catalog,/v1/items,GET,204,63
req-000678,2026-03-01T06:51:47Z,catalog,/v1/items,GET,204,71
req-000356,2026-03-01T03:14:04Z,auth,/v1/login,POST,404,100
req-003735,2026-03-02T11:05:21Z,catalog,/v1/items,PUT,200,106
req-000936,2026-03-01T09:34:53Z,billing,/v1/invoices,GET,200,1768
req-000321,2026-03-01T03:45:23Z,checkout,/v1/pay,POST,500,249
req-002016,2026-03-01T19:55:50Z,auth,/v1/login,POST,204,107
req-001964,2026-03-01T18:43:49Z,catalog,/v1/items,PUT,200,105
req-004842,2026-03-02T22:39:54Z,auth,/v1/login,POST,200,110
req-001092,2026-03-01T10:45:49Z,catalog,/v1/items,GET,204,63
req-006614,2026-03-03T15:34:32Z,checkout,/v1/pay,POST,200,252
req-007092,2026-03-03T19:31:58Z,catalog,/v1/items,GET,200,44
req-003371,2026-03-02T08:41:57Z,auth,/v1/login,POST,201,99
req-000898,2026-03-01T08:45:23Z,catalog,/v1/items,GET,200,54
req-003514,2026-03-02T09:26:34Z,catalog,/v1/items,GET,500,71
req-005954,2026-03-03T08:48:28Z,catalog,/v1/items,PUT,201,88
req-003938,2026-03-02T13:45:59Z,catalog,/v1/items,GET,201,145
req-006691,2026-03-03T15:03:40Z,catalog,/v1/items,PUT,200,93
req-002539,2026-03-02T00:30:51Z,auth,/v1/login,POST,200,86
req-001713,2026-03-01T16:07:19Z,catalog,/v1/items,GET,200,40
req-003447,2026-03-02T09:04:30Z,checkout,/v1/pay,POST,200,247
req-001324,2026-03-01T12:54:46Z,search,/v1/cache,DELETE,204,52
req-005893,2026-03-03T08:47:50Z,search,/v1/query,GET,204,308
req-004371,2026-03-02T18:54:57Z,checkout,/v1/pay,POST,201,232
req-002887,2026-03-02T03:11:42Z,auth,/v1/session,GET,200,43
req-002235,2026-03-01T21:02:31Z,catalog,/v1/items,GET,201,47
req-000221,2026-03-01T02:01:23Z,checkout,/v1/pay,POST,200,162
req-001530,2026-03-01T14:41:03Z,catalog,/v1/items,GET,204,145
req-004502,2026-03-02T19:37:55Z,billing,/v1/invoices,GET,200,540
req-005099,2026-03-03T00:16:28Z,search,/v1/cache,DELETE,201,34
req-007585,2026-03-01T21:12:00Z,billing,/v1/refund,POST,200,234
req-005013,2026-03-03T00:49:45Z,checkout,/v1/pay,POST,204,197
req-006459,2026-03-03T13:01:54Z,catalog,/v1/items,GET,200,112
req-006524,2026-03-03T14:36:55Z,billing,/v1/invoices,GET,200,632
req-007182,2026-03-03T20:44:04Z,catalog,/v1/items,GET,200,71
req-000267,2026-03-01T02:07:33Z,catalog,/v1/items,GET,200,57
req-004247,2026-03-02T16:10:16Z,catalog,/v1/items,GET,200,126
req-000893,2026-03-01T08:08:00Z,catalog,/v1/items,GET,404,59
req-000238,2026-03-01T02:15:45Z,auth,/v1/login,POST,204,82
req-005127,2026-03-03T01:14:06Z,search,/v1/query,GET,200,442
req-005407,2026-03-03T03:51:48Z,catalog,/v1/items,GET,200,62
req-000164,2026-03-01T01:19:41Z,catalog,/v1/items,GET,200,53
req-003365,2026-03-02T08:48:41Z,auth,/v1/login,POST,200,77
req-001145,2026-03-01T11:26:54Z,search,/v1/query,GET,204,256
req-006616,2026-03-03T15:14:11Z,checkout,/v1/pay,POST,502,189
req-002006,2026-03-01T19:25:18Z,auth,/v1/login,POST,201,86
req-002226,2026-03-01T21:47:14Z,auth,/v1/login,POST,201,65
req-004635,2026-03-02T20:58:39Z,auth,/v1/login,POST,200,70
req-006593,2026-03-03T14:00:55Z,catalog,/v1/items,PUT,403,68
req-007556,2026-03-01T10:12:00Z,checkout,/v1/cart,GET,500,154
req-000521,2026-03-01T05:51:12Z,checkout,/v1/pay,POST,504,205
req-005345,2026-03-03T03:26:37Z,search,/v1/query,GET,200,385
req-005304,2026-03-03T02:09:17Z,catalog,/v1/items,GET,201,64
req-000725,2026-03-01T07:45:17Z,checkout,/v1/pay,POST,201,293
req-002702,2026-03-02T02:51:37Z,checkout,/v1/pay,POST,201,160
req-002285,2026-03-01T22:51:52Z,checkout,/v1/pay,POST,200,255
req-007489,2026-03-03T23:05:51Z,auth,/v1/login,POST,200,80
req-004128,2026-03-02T15:36:11Z,catalog,/v1/items,GET,204,49
req-002001,2026-03-01T19:32:11Z,search,/v1/query,GET,204,273
req-002111,2026-03-01T20:12:36Z,auth,/v1/login,POST,204,41
req-006941,2026-03-03T18:33:03Z,search,/v1/query,GET,200,352
req-006958,2026-03-03T18:14:38Z,auth,/v1/login,POST,204,107
req-006856,2026-03-03T17:34:20Z,auth,/v1/login,POST,201,67
req-005965,2026-03-03T08:34:20Z,search,/v1/cache,DELETE,200,35
req-002904,2026-03-02T04:30:10Z,checkout,/v1/pay,POST,204,196
req-001248,2026-03-01T12:32:52Z,search,/v1/query,GET,201,487
req-006488,2026-03-03T13:54:17Z,catalog,/v1/items,GET,204,48
req-002867,2026-03-02T03:11:28Z,catalog,/v1/items,GET,204,46
req-001753,2026-03-01T17:45:58Z,checkout,/v1/pay,POST,201,245
req-006484,2026-03-03T13:48:11Z,catalog,/v1/items,GET,204,34
req-003052,2026-03-02T05:15:01Z,auth,/v1/login,POST,200,196
req-003729,2026-03-02T11:32:18Z,catalog,/v1/items,GET,204,49
req-001236,2026-03-01T12:03:52Z,billing,/v1/invoices,GET,200,466
req-005149,2026-03-03T01:19:14Z,auth,/v1/login,POST,204,60
req-005382,2026-03-03T03:38:51Z,catalog,/v1/items,GET,201,73
req-001807,2026-03-01T17:51:47Z,auth,/v1/login,POST,201,94
req-005957,2026-03-03T08:48:44Z,catalog,/v1/items,PUT,504,91
req-004986,2026-03-02T23:26:36Z,catalog,/v1/items,GET,201,67
req-007543,2026-03-03T23:57:09Z,auth,/v1/session,GET,201,42
req-002428,2026-03-01T23:42:59Z,auth,/v1/login,POST,204,94
req-001275,2026-03-01T12:38:08Z,auth,/v1/login,POST,204,96
req-004772,2026-03-02T21:43:11Z,catalog,/v1/items,GET,200,64
req-002923,2026-03-02T04:26:31Z,search,/v1/query,GET,500,203
req-004442,2026-03-02T18:24:55Z,catalog,/v1/items,GET,204,34
req-006044,2026-03-03T09:19:00Z,catalog,/v1/items,GET,503,129
req-004364,2026-03-02T17:12:50Z,auth,/v1/session,GET,200,44
req-005047,2026-03-03T00:33:35Z,auth,/v1/login,POST,201,100
req-000770,2026-03-01T07:17:33Z,catalog,/v1/items,GET,200,63
req-000097,2026-03-01T00:17:39Z,search,/v1/cache,DELETE,201,57
req-003524,2026-03-02T09:24:20Z,catalog,/v1/items,PUT,200,193
req-005814,2026-03-03T07:03:42Z,auth,/v1/login,POST,401,47
req-005984,2026-03-03T09:11:58Z,billing,/v1/invoices,GET,200,393
req-005855,2026-03-03T07:36:48Z,auth,/v1/session,GET,201,35
req-001177,2026-03-01T11:46:27Z,catalog,/v1/items,GET,200,85
req-005479,2026-03-03T04:14:32Z,auth,/v1/login,POST,201,97
req-003720,2026-03-02T11:42:57Z,catalog,/v1/items,GET,200,87
req-003470,2026-03-02T09:25:46Z,auth,/v1/login,POST,204,75
req-002192,2026-03-01T21:48:40Z,checkout,/v1/pay,POST,403,178
req-000706,2026-03-01T06:05:43Z,auth,/v1/session,GET,200,37
req-001694,2026-03-01T16:46:15Z,auth,/v1/login,POST,200,79
req-000796,2026-03-01T07:05:07Z,catalog,/v1/items,PUT,204,120
req-007466,2026-03-03T23:42:38Z,search,/v1/query,GET,200,471
req-002191,2026-03-01T21:09:55Z,checkout,/v1/pay,POST,503,244
req-006717,2026-03-03T16:20:59Z,checkout,/v1/pay,POST,200,190
req-003821,2026-03-02T12:30:58Z,catalog,/v1/items,GET,200,71
req-003878,2026-03-02T13:48:17Z,search,/v1/query,GET,200,417
req-000392,2026-03-01T03:41:43Z,catalog,/v1/items,GET,200,58
req-004449,2026-03-02T18:45:57Z,catalog,/v1/items,GET,201,47
req-000695,2026-03-01T06:37:22Z,catalog,/v1/items,GET,200,41
req-001867,2026-03-01T17:29:18Z,search,/v1/cache,DELETE,201,64
req-006448,2026-03-03T13:36:50Z,auth,/v1/login,POST,200,75
req-005027,2026-03-03T00:28:17Z,search,/v1/query,GET,204,448
req-000879,2026-03-01T08:26:15Z,catalog,/v1/items,GET,201,56
req-001571,2026-03-01T15:31:40Z,search,/v1/query,GET,504,270
req-005988,2026-03-03T09:27:28Z,billing,/v1/invoices,GET,200,197
req-007358,2026-03-03T22:27:24Z,search,/v1/query,GET,504,457
req-003171,2026-03-02T06:27:11Z,catalog,/v1/items,GET,200,61
req-005553,2026-03-03T05:58:02Z,checkout,/v1/pay,POST,201,300
req-001737,2026-03-01T16:48:35Z,catalog,/v1/items,PUT,200,113
req-005949,2026-03-03T08:40:08Z,catalog,/v1/items,GET,200,31
req-001792,2026-03-01T17:41:15Z,auth,/v1/login,POST,204,75
req-001313,2026-03-01T12:22:20Z,catalog,/v1/items,PUT,200,202
req-005831,2026-03-03T07:49:35Z,catalog,/v1/items,GET,204,55
req-002125,2026-03-01T20:24:30Z,auth,/v1/login,POST,200,98
req-004649,2026-03-02T20:33:27Z,catalog,/v1/items,GET,201,62
req-003961,2026-03-02T14:10:26Z,checkout,/v1/pay,POST,500,209
req-001516,2026-03-01T14:48:25Z,catalog,/v1/items,GET,200,74
req-007131,2026-03-03T20:53:36Z,checkout,/v1/pay,POST,201,426
req-001733,2026-03-01T16:14:28Z,catalog,/v1/items,GET,200,73
req-007153,2026-03-03T20:29:27Z,search,/v1/query,GET,200,290
req-001012,2026-03-01T09:46:36Z,auth,/v1/session,GET,301,25
req-002527,2026-03-02T00:21:36Z,search,/v1/query,GET,500,339
req-005744,2026-03-03T06:49:24Z,catalog,/v1/items,PUT,200,72
req-006050,2026-03-03T09:54:41Z,catalog,/v1/items,GET,200,36
req-007452,2026-03-03T23:59:30Z,checkout,/v1/pay,POST,204,234
req-003209,2026-03-02T07:42:08Z,checkout,/v1/pay,POST,201,199
req-004768,2026-03-02T21:03:20Z,catalog,/v1/items,GET,204,76
req-004047,2026-03-02T14:59:22Z,catalog,/v1/items,PUT,200,97
req-004144,2026-03-02T15:00:31Z,catalog,/v1/items,GET,200,56
req-007300,2026-03-03T21:33:28Z,catalog,/v1/items,GET,200,88
req-002003,2026-03-01T19:33:33Z,search,/v1/query,GET,503,246
req-003047,2026-03-02T05:13:13Z,auth,/v1/login,POST,200,61
req-003249,2026-03-02T07:16:20Z,auth,/v1/login,POST,200,99
req-002922,2026-03-02T04:04:39Z,search,/v1/query,GET,204,504
req-004968,2026-03-02T23:03:11Z,catalog,/v1/items,GET,204,61
req-001336,2026-03-01T13:59:26Z,checkout,/v1/pay,POST,200,162
req-006492,2026-03-03T13:15:30Z,catalog,/v1/items,PUT,201,69
req-004913,2026-03-02T23:10:25Z,checkout,/v1/pay,POST,200,250
req-004626,2026-03-02T20:08:01Z,auth,/v1/login,POST,204,77
req-005895,2026-03-03T08:24:06Z,auth,/v1/login,POST,200,73
req-001187,2026-03-01T11:55:33Z,catalog,/v1/items,GET,201,152
req-004316,2026-03-02T17:52:11Z,auth,/v1/login,POST,200,111
req-005343,2026-03-03T03:09:49Z,billing,/v1/invoices,GET,200,1719
req-004828,2026-03-02T22:30:28Z,search,/v1/query,GET,201,370
req-004329,2026-03-02T17:56:22Z,catalog,/v1/items,GET,200,65
req-003465,2026-03-02T09:32:52Z,auth,/v1/login,POST,204,98
req-007157,2026-03-03T20:40:01Z,search,/v1/query,GET,200,302
req-003954,2026-03-02T13:41:13Z,auth,/v1/session,GET,200,44
req-000319,2026-03-01T03:47:38Z,checkout,/v1/pay,POST,201,243
req-004141,2026-03-02T15:13:31Z,catalog,/v1/items,GET,200,48
req-002004,2026-03-01T19:44:33Z,search,/v1/query,GET,200,400
req-003984,2026-03-02T14:43:24Z,search,/v1/query,GET,201,415
req-000330,2026-03-01T03:08:46Z,billing,/v1/invoices,GET,200,375
req-003533,2026-03-02T09:00:24Z,auth,/v1/session,GET,302,47
req-003251,2026-03-02T07:00:29Z,auth,/v1/login,POST,200,88
req-003726,2026-03-02T11:34:28Z,catalog,/v1/items,GET,201,63
req-004435,2026-03-02T18:26:11Z,catalog,/v1/items,GET,201,73
req-004230,2026-03-02T16:51:21Z,catalog,/v1/items,GET,200,64
req-003416,2026-03-02T08:20:58Z,catalog,/v1/items,PUT,200,116
req-006382,2026-03-03T12:08:49Z,auth,/v1/session,GET,302,58
req-003694,2026-03-02T11:54:28Z,catalog,/v1/items,GET,404,41
req-004904,2026-03-02T23:31:12Z,checkout,/v1/pay,POST,200,220
req-000689,2026-03-01T06:24:59Z,catalog,/v1/items,GET,204,62
req-006797,2026-03-03T16:43:37Z,catalog,/v1/items,PUT,201,95
req-002518,2026-03-02T00:50:33Z,billing,/v1/invoices,GET,200,493
req-002124,2026-03-01T20:42:09Z,auth,/v1/login,POST,200,48
req-002811,2026-03-02T03:23:52Z,search,/v1/query,GET,204,392
req-006190,2026-03-03T11:45:35Z,checkout,/v1/pay,POST,201,424
req-006924,2026-03-03T18:11:47Z,checkout,/v1/pay,POST,201,350
req-003940,2026-03-02T13:00:07Z,catalog,/v1/items,GET,200,143
req-003727,2026-03-02T11:47:02Z,catalog,/v1/items,GET,201,39
req-005601,2026-03-03T05:02:15Z,auth,/v1/login,POST,200,88
req-001255,2026-03-01T12:40:37Z,auth,/v1/login,POST,200,77
req-000538,2026-03-01T05:10:53Z,search,/v1/query,GET,200,319
req-007571,2026-03-01T20:16:00Z,billing,/v1/refund,POST,200,192
req-004464,2026-03-02T18:50:05Z,catalog,/v1/items,GET,204,71
req-006801,2026-03-03T16:55:32Z,auth,/v1/session,GET,302,29
req-003070,2026-03-02T05:10:01Z,catalog,/v1/items,GET,200,70
req-005772,2026-03-03T07:57:10Z,checkout,/v1/pay,POST,200,336
req-003450,2026-03-02T09:00:44Z,billing,/v1/invoices,GET,204,329
req-002801,2026-03-02T03:13:11Z,checkout,/v1/pay,POST,200,314
req-003843,2026-03-02T12:35:16Z,catalog,/v1/items,PUT,200,69
req-006863,2026-03-03T17:17:24Z,catalog,/v1/items,GET,200,75
req-006850,2026-03-03T17:50:16Z,auth,/v1/login,POST,204,56
req-004604,2026-03-02T20:59:58Z,billing,/v1/invoices,GET,204,384
req-000132,2026-03-01T01:18:32Z,auth,/v1/login,POST,201,118
req-004696,2026-03-02T20:55:54Z,search,/v1/cache,DELETE,200,37
req-007213,2026-03-03T20:49:43Z,catalog,/v1/items,PUT,403,112
req-005717,2026-03-03T06:49:04Z,catalog,/v1/items,GET,201,68
req-003050,2026-03-02T05:15:57Z,auth,/v1/login,POST,200,110
req-004821,2026-03-02T22:19:11Z,billing,/v1/invoices,GET,204,355
req-006447,2026-03-03T13:57:31Z,auth,/v1/login,POST,201,87
req-001483,2026-03-01T14:17:40Z,auth,/v1/login,POST,200,73
req-003019,2026-03-02T05:37:15Z,search,/v1/query,GET,200,486
req-004216,2026-03-02T16:34:04Z,catalog,/v1/items,GET,200,57
req-004732,2026-03-02T21:54:12Z,search,/v1/query,GET,200,341
req-005542,2026-03-03T05:44:20Z,checkout,/v1/pay,POST,200,263
req-003473,2026-03-02T09:29:32Z,auth,/v1/login,POST,200,110
req-000399,2026-03-01T03:47:15Z,catalog,/v1/items,PUT,200,105
req-000012,2026-03-01T00:20:53Z,checkout,/v1/pay,POST,200,203
req-006740,2026-03-03T16:14:32Z,auth,/v1/login,POST,201,43
req-007028,2026-03-03T19:30:29Z,checkout,/v1/pay,POST,504,276
req-005355,2026-03-03T03:13:04Z,auth,/v1/login,POST,200,72
req-003829,2026-03-02T12:16:32Z,catalog,/v1/items,GET,200,52
req-006811,2026-03-03T17:14:09Z,checkout,/v1/pay,POST,200,344
req-001958,2026-03-01T18:04:36Z,catalog,/v1/items,PUT,200,97
req-002189,2026-03-01T21:13:28Z,checkout,/v1/pay,POST,503,212
req-006798,2026-03-03T16:03:12Z,auth,/v1/session,GET,302,32
req-000434,2026-03-01T04:55:27Z,search,/v1/query,GET,200,354
req-003507,2026-03-02T09:58:46Z,catalog,/v1/items,GET,204,85
req-006315,2026-03-03T12:00:58Z,search,/v1/query,GET,201,147
req-002290,2026-03-01T22:28:09Z,checkout,/v1/pay,POST,204,312
req-004859,2026-03-02T22:57:42Z,catalog,/v1/items,GET,204,45
req-005321,2026-03-03T03:12:59Z,checkout,/v1/pay,POST,201,213
req-002359,2026-03-01T22:03:02Z,catalog,/v1/items,GET,201,68
req-004489,2026-03-02T19:50:00Z,checkout,/v1/pay,POST,204,283
req-002073,2026-03-01T19:58:33Z,auth,/v1/session,GET,204,47
req-007425,2026-03-03T22:49:50Z,catalog,/v1/items,PUT,200,65
req-006376,2026-03-03T12:52:00Z,catalog,/v1/items,PUT,400,83
req-000333,2026-03-01T03:59:56Z,search,/v1/query,GET,200,254
req-001953,2026-03-01T18:54:23Z,catalog,/v1/items,GET,200,36
req-000595,2026-03-01T05:29:21Z,catalog,/v1/items,GET,200,51
req-005372,2026-03-03T03:45:44Z,auth,/v1/login,POST,204,99
req-002587,2026-03-02T00:12:31Z,auth,/v1/session,GET,302,48
req-005086,2026-03-03T00:17:58Z,catalog,/v1/items,GET,200,66
req-002774,2026-03-02T02:14:47Z,catalog,/v1/items,GET,200,51
req-002912,2026-03-02T04:38:45Z,billing,/v1/invoices,GET,401,354
req-005059,2026-03-03T00:07:25Z,catalog,/v1/items,GET,204,58
req-006602,2026-03-03T14:55:35Z,search,/v1/cache,DELETE,204,25
req-007558,2026-03-01T10:18:00Z,checkout,/v1/cart,GET,500,156
req-002259,2026-03-01T21:40:23Z,catalog,/v1/items,GET,201,48
req-002176,2026-03-01T20:20:38Z,auth,/v1/session,GET,301,35
req-004524,2026-03-02T19:27:01Z,auth,/v1/login,POST,204,159
req-004384,2026-03-02T18:53:46Z,checkout,/v1/pay,POST,200,307
req-001588,2026-03-01T15:12:12Z,auth,/v1/login,POST,200,94
req-004654,2026-03-02T20:30:43Z,catalog,/v1/items,GET,200,37
req-002000,2026-03-01T19:18:08Z,search,/v1/query,GET,201,577
req-003913,2026-03-02T13:34:22Z,catalog,/v1/items,GET,200,76
req-005072,2026-03-03T00:50:43Z,catalog,/v1/items,GET,201,81
req-000637,2026-03-01T06:32:06Z,billing,/v1/invoices,GET,204,1814
req-004645,2026-03-02T20:36:31Z,catalog,/v1/items,GET,201,77
req-002704,2026-03-02T02:43:07Z,checkout,/v1/pay,POST,204,316
req-005193,2026-03-03T01:00:14Z,catalog,/v1/items,GET,200,59
req-004783,2026-03-02T21:32:03Z,catalog,/v1/items,PUT,200,107
req-000022,2026-03-01T00:00:38Z,billing,/v1/invoices,GET,403,265
req-000030,2026-03-01T00:30:51Z,search,/v1/query,GET,201,207
req-000206,2026-03-01T01:38:09Z,search,/v1/cache,DELETE,200,56
req-001589,2026-03-01T15:26:07Z,auth,/v1/login,POST,200,80
req-005606,2026-03-03T05:59:16Z,catalog,/v1/items,GET,204,74
req-003226,2026-03-02T07:32:31Z,billing,/v1/invoices,GET,200,176
req-002389,2026-03-01T22:35:49Z,auth,/v1/session,GET,200,32
req-004933,2026-03-02T23:20:43Z,search,/v1/query,GET,504,412
req-000862,2026-03-01T08:09:49Z,auth,/v1/login,POST,204,74
req-003457,2026-03-02T09:45:06Z,search,/v1/query,GET,200,562
req-004989,2026-03-02T23:45:09Z,catalog,/v1/items,PUT,204,59
req-006148,2026-03-03T10:37:08Z,catalog,/v1/items,GET,204,49
req-002132,2026-03-01T20:15:44Z,catalog,/v1/items,GET,201,53
req-001786,2026-03-01T17:45:06Z,search,/v1/query,GET,200,369
req-004104,2026-03-02T15:46:04Z,auth,/v1/login,POST,204,75
req-005588,2026-03-03T05:26:29Z,auth,/v1/login,POST,200,114
req-001065,2026-03-01T10:16:39Z,auth,/v1/login,POST,204,110
req-004361,2026-03-02T17:34:27Z,catalog,/v1/items,PUT,204,80
req-004533,2026-03-02T19:42:55Z,auth,/v1/login,POST,200,70
req-002763,2026-03-02T02:44:18Z,catalog,/v1/items,GET,200,74
req-006355,2026-03-03T12:24:47Z,catalog,/v1/items,GET,201,57
req-006652,2026-03-03T15:42:39Z,auth,/v1/login,POST,204,93
req-004555,2026-03-02T19:22:06Z,catalog,/v1/items,GET,200,44
req-000740,2026-03-01T07:51:58Z,search,/v1/query,GET,200,352
req-000263,2026-03-01T02:36:23Z,auth,/v1/login,POST,200,94
req-007533,2026-03-03T23:19:18Z,catalog,/v1/items,GET,204,148
req-002905,2026-03-02T04:49:21Z,checkout,/v1/pay,POST,204,131
req-002657,2026-03-02T01:49:59Z,catalog,/v1/items,GET,200,75
req-000440,2026-03-01T04:15:35Z,search,/v1/query,GET,200,296
req-003546,2026-03-02T10:50:42Z,checkout,/v1/pay,POST,200,298
req-001111,2026-03-01T10:48:59Z,catalog,/v1/items,PUT,200,128
req-002034,2026-03-01T19:54:45Z,catalog,/v1/items,GET,201,61
req-001044,2026-03-01T10:01:11Z,search,/v1/query,GET,200,251
req-004730,2026-03-02T21:21:27Z,search,/v1/query,GET,504,202
req-004870,2026-03-02T22:20:19Z,catalog,/v1/items,GET,204,67
req-007472,2026-03-03T23:14:06Z,auth,/v1/login,POST,200,57
req-007243,2026-03-03T21:47:15Z,billing,/v1/invoices,GET,200,407
req-003012,2026-03-02T05:22:08Z,billing,/v1/invoices,GET,200,297
req-005858,2026-03-03T07:05:27Z,search,/v1/cache,DELETE,200,63
req-003521,2026-03-02T09:26:38Z,catalog,/v1/items,PUT,401,73
req-001418,2026-03-01T13:09:24Z,catalog,/v1/items,GET,200,60
req-001526,2026-03-01T14:29:16Z,catalog,/v1/items,GET,201,64
req-007379,2026-03-03T22:03:13Z,auth,/v1/login,POST,201,67
req-007100,2026-03-03T19:01:51Z,catalog,/v1/items,GET,200,49
req-002101,2026-03-01T20:43:14Z,billing,/v1/invoices,GET,500,443
req-006742,2026-03-03T16:38:13Z,auth,/v1/login,POST,204,63
req-006489,2026-03-03T13:56:00Z,catalog,/v1/items,PUT,200,101
req-004448,2026-03-02T18:10:07Z,catalog,/v1/items,GET,201,152
req-006087,2026-03-03T10:17:26Z,checkout,/v1/pay,POST,201,250
req-000607,2026-03-01T05:44:35Z,catalog,/v1/items,PUT,204,99
req-005929,2026-03-03T08:21:28Z,catalog,/v1/items,GET,201,62
req-007305,2026-03-03T21:38:52Z,catalog,/v1/items,GET,201,47
req-003746,2026-03-02T11:15:12Z,auth,/v1/session,GET,301,45
req-006896,2026-03-03T17:50:39Z,catalog,/v1/items,GET,200,77
req-006858,2026-03-03T17:36:06Z,auth,/v1/login,POST,503,95
req-006110,2026-03-03T10:09:56Z,auth,/v1/login,POST,200,99
req-004266,2026-03-02T17:39:56Z,checkout,/v1/pay,POST,204,225
req-005129,2026-03-03T01:55:51Z,search,/v1/query,GET,200,332
req-006567,2026-03-03T14:32:26Z,catalog,/v1/items,GET,201,84
req-000183,2026-03-01T01:42:16Z,catalog,/v1/items,GET,201,68
req-001748,2026-03-01T16:10:07Z,search,/v1/cache,DELETE,200,60
req-003762,2026-03-02T12:46:13Z,billing,/v1/invoices,GET,200,409
req-001564,2026-03-01T15:01:27Z,billing,/v1/invoices,GET,502,1857
req-002946,2026-03-02T04:09:20Z,auth,/v1/login,POST,201,98
req-001870,2026-03-01T18:46:02Z,checkout,/v1/pay,POST,200,293
req-000096,2026-03-01T00:23:40Z,auth,/v1/session,GET,200,37
req-006440,2026-03-03T13:14:58Z,auth,/v1/login,POST,204,81
req-007393,2026-03-03T22:25:57Z,catalog,/v1/items,GET,204,71
req-003389,2026-03-02T08:00:06Z,catalog,/v1/items,GET,200,57
req-004846,2026-03-02T22:35:38Z,auth,/v1/login,POST,200,80
req-000240,2026-03-01T02:32:50Z,auth,/v1/login,POST,201,90
req-006142,2026-03-03T10:36:44Z,catalog,/v1/items,GET,204,55
req-004252,2026-03-02T16:22:32Z,catalog,/v1/items,PUT,201,87
req-003584,2026-03-02T10:51:43Z,auth,/v1/login,POST,200,92
req-004183,2026-03-02T16:14:15Z,billing,/v1/invoices,GET,200,372
req-006182,2026-03-03T11:04:24Z,checkout,/v1/pay,POST,201,317
req-005728,2026-03-03T06:30:51Z,catalog,/v1/items,GET,200,58
req-002072,2026-03-01T19:58:42Z,auth,/v1/session,GET,200,52
req-002817,2026-03-02T03:49:35Z,search,/v1/query,GET,204,357
req-001898,2026-03-01T18:38:56Z,search,/v1/query,GET,204,391
req-007227,2026-03-03T20:42:12Z,search,/v1/cache,DELETE,200,37
req-003009,2026-03-02T05:27:44Z,checkout,/v1/pay,POST,200,522
req-001871,2026-03-01T18:40:31Z,checkout,/v1/pay,POST,201,269
req-001362,2026-03-01T13:46:24Z,auth,/v1/login,POST,200,46
req-006313,2026-03-03T12:26:31Z,search,/v1/query,GET,200,392
req-007368,2026-03-03T22:03:44Z,auth,/v1/login,POST,200,70
req-001776,2026-03-01T17:10:58Z,billing,/v1/invoices,GET,204,302
req-002891,2026-03-02T03:57:07Z,auth,/v1/session,GET,200,45
req-000993,2026-03-01T09:59:20Z,catalog,/v1/items,GET,204,23
req-003641,2026-03-02T10:27:29Z,search,/v1/cache,DELETE,200,43
req-003217,2026-03-02T07:55:06Z,checkout,/v1/pay,POST,200,301
req-006416,2026-03-03T13:20:41Z,search,/v1/query,GET,200,388
req-000909,2026-03-01T08:24:15Z,auth,/v1/session,GET,200,29
req-007264,2026-03-03T21:02:02Z,auth,/v1/login,POST,201,54
req-005347,2026-03-03T03:33:08Z,search,/v1/query,GET,201,391
req-005250,2026-03-03T02:34:35Z,auth,/v1/login,POST,200,43
req-004427,2026-03-02T18:43:36Z,auth,/v1/login,POST,200,65
req-004443,2026-03-02T18:21:15Z,catalog,/v1/items,GET,204,54
req-001002,2026-03-01T09:46:56Z,catalog,/v1/items,PUT,201,83
req-001645,2026-03-01T15:50:15Z,auth,/v1/session,GET,204,56
req-000398,2026-03-01T03:54:21Z,catalog,/v1/items,PUT,200,79
req-000861,2026-03-01T08:30:57Z,auth,/v1/login,POST,201,45
req-007062,2026-03-03T19:05:32Z,auth,/v1/login,POST,200,83
req-000411,2026-03-01T04:05:36Z,checkout,/v1/pay,POST,502,166
req-003555,2026-03-02T10:06:00Z,billing,/v1/invoices,GET,200,639
req-004099,2026-03-02T15:29:43Z,auth,/v1/login,POST,204,101
req-003242,2026-03-02T07:02:38Z,auth,/v1/login,POST,201,65
req-003380,2026-03-02T08:56:29Z,catalog,/v1/items,GET,200,71
req-005557,2026-03-03T05:44:57Z,checkout,/v1/pay,POST,200,110
req-006540,2026-03-03T14:33:27Z,auth,/v1/login,POST,201,85
req-004779,2026-03-02T21:50:48Z,catalog,/v1/items,GET,204,40
req-001721,2026-03-01T16:04:32Z,catalog,/v1/items,GET,200,51
req-003682,2026-03-02T11:40:40Z,auth,/v1/login,POST,200,81
req-001203,2026-03-01T11:10:18Z,catalog,/v1/items,GET,200,64
req-003640,2026-03-02T10:31:17Z,auth,/v1/session,GET,201,40
req-005842,2026-03-03T07:15:06Z,catalog,/v1/items,GET,200,124
req-000497,2026-03-01T04:11:45Z,catalog,/v1/items,PUT,204,95
req-003741,2026-03-02T11:04:28Z,catalog,/v1/items,PUT,500,97
req-006509,2026-03-03T14:36:57Z,checkout,/v1/pay,POST,200,218
req-002002,2026-03-01T19:53:43Z,search,/v1/query,GET,403,381
req-004030,2026-03-02T14:07:53Z,catalog,/v1/items,GET,200,44
req-001847,2026-03-01T17:56:38Z,catalog,/v1/items,GET,200,57
req-003676,2026-03-02T11:38:49Z,auth,/v1/login,POST,200,78
req-003127,2026-03-02T06:38:29Z,search,/v1/query,GET,200,316
req-002767,2026-03-02T02:06:05Z,catalog,/v1/items,GET,200,50
req-004526,2026-03-02T19:38:09Z,auth,/v1/login,POST,204,53
req-001381,2026-03-01T13:52:42Z,catalog,/v1/items,GET,200,47
req-003206,2026-03-02T06:53:27Z,search,/v1/cache,DELETE,200,44
req-006106,2026-03-03T10:16:47Z,search,/v1/query,GET,200,397
req-002645,2026-03-02T01:37:28Z,catalog,/v1/items,GET,502,42
req-001902,2026-03-01T18:58:10Z,auth,/v1/login,POST,200,155
req-004367,2026-03-02T17:12:39Z,search,/v1/cache,DELETE,503,28
req-005182,2026-03-03T01:30:33Z,catalog,/v1/items,GET,200,78
req-005558,2026-03-03T05:39:04Z,checkout,/v1/pay,POST,201,276
req-003563,2026-03-02T10:58:44Z,search,/v1/query,GET,200,364
req-001262,2026-03-01T12:54:34Z,auth,/v1/login,POST,200,53
req-001110,2026-03-01T10:17:47Z,catalog,/v1/items,PUT,200,90
req-001317,2026-03-01T12:44:24Z,catalog,/v1/items,PUT,200,59
req-005186,2026-03-03T01:38:11Z,catalog,/v1/items,GET,200,52
req-006243,2026-03-03T11:28:33Z,catalog,/v1/items,GET,200,148
req-002094,2026-03-01T20:39:23Z,checkout,/v1/pay,POST,204,186
req-001192,2026-03-01T11:35:22Z,catalog,/v1/items,GET,201,30
req-002745,2026-03-02T02:26:33Z,catalog,/v1/items,GET,200,76
req-002655,2026-03-02T01:07:29Z,catalog,/v1/items,GET,200,44
req-000322,2026-03-01T03:35:57Z,checkout,/v1/pay,POST,200,256
req-001794,2026-03-01T17:47:07Z,auth,/v1/login,POST,200,171
req-002112,2026-03-01T20:50:26Z,auth,/v1/login,POST,201,89
req-005725,2026-03-03T06:04:52Z,catalog,/v1/items,GET,200,75
req-004472,2026-03-02T18:53:13Z,catalog,/v1/items,PUT,200,81
req-000985,2026-03-01T09:37:21Z,catalog,/v1/items,GET,201,58
req-006857,2026-03-03T17:54:16Z,auth,/v1/login,POST,201,59
req-003010,2026-03-02T05:44:14Z,billing,/v1/invoices,GET,201,429
req-005765,2026-03-03T07:25:19Z,checkout,/v1/pay,POST,201,219
req-006338,2026-03-03T12:11:25Z,auth,/v1/login,POST,200,51
req-000254,2026-03-01T02:50:28Z,auth,/v1/login,POST,200,101
req-003667,2026-03-02T11:30:27Z,search,/v1/query,GET,404,356
req-006512,2026-03-03T14:45:35Z,checkout,/v1/pay,POST,200,184
req-005448,2026-03-03T04:09:43Z,checkout,/v1/pay,POST,204,123
req-007077,2026-03-03T19:43:22Z,catalog,/v1/items,GET,204,63
req-001635,2026-03-01T15:37:07Z,catalog,/v1/items,GET,201,63
req-005621,2026-03-03T05:17:26Z,catalog,/v1/items,GET,200,101
req-003356,2026-03-02T08:07:56Z,auth,/v1/login,POST,201,80
req-001752,2026-03-01T17:18:36Z,checkout,/v1/pay,POST,200,212
req-006932,2026-03-03T18:34:02Z,checkout,/v1/pay,POST,500,216
req-002700,2026-03-02T02:54:45Z,checkout,/v1/pay,POST,200,177
req-005720,2026-03-03T06:31:03Z,catalog,/v1/items,GET,200,51
req-000593,2026-03-01T05:41:01Z,catalog,/v1/items,GET,204,71
req-000704,2026-03-01T06:58:12Z,auth,/v1/session,GET,301,41
req-003552,2026-03-02T10:27:36Z,billing,/v1/invoices,GET,200,500
req-001333,2026-03-01T13:38:34Z,checkout,/v1/pay,POST,502,96
req-005175,2026-03-03T01:54:54Z,catalog,/v1/items,GET,200,48
req-000502,2026-03-01T04:56:05Z,auth,/v1/session,GET,200,39
req-003030,2026-03-02T05:49:07Z,auth,/v1/login,POST,200,73
req-003991,2026-03-02T14:13:14Z,auth,/v1/login,POST,200,101
req-002805,2026-03-02T03:43:30Z,billing,/v1/invoices,GET,204,1760
req-004355,2026-03-02T17:06:16Z,catalog,/v1/items,PUT,204,105
req-005859,2026-03-03T07:18:25Z,search,/v1/cache,DELETE,200,24
req-004348,2026-03-02T17:46:40Z,catalog,/v1/items,GET,204,49
req-007133,2026-03-03T20:46:01Z,checkout,/v1/pay,POST,200,228
req-005211,2026-03-03T02:22:28Z,checkout,/v1/pay,POST,201,259
req-001006,2026-03-01T09:48:58Z,catalog,/v1/items,PUT,201,77
req-002932,2026-03-02T04:54:32Z,auth,/v1/login,POST,204,104
req-000041,2026-03-01T00:42:37Z,auth,/v1/login,POST,200,76
req-004022,2026-03-02T14:25:52Z,catalog,/v1/items,GET,204,51
req-005699,2026-03-03T06:41:37Z,auth,/v1/login,POST,200,66
req-003989,2026-03-02T14:00:01Z,search,/v1/query,GET,200,314
req-005340,2026-03-03T03:32:28Z,billing,/v1/invoices,GET,201,386
req-006196,2026-03-03T11:21:35Z,billing,/v1/invoices,GET,200,200
req-004444,2026-03-02T18:16:10Z,catalog,/v1/items,GET,200,71
req-003822,2026-03-02T12:17:34Z,catalog,/v1/items,GET,204,57
req-000408,2026-03-01T03:59:11Z,search,/v1/cache,DELETE,200,43
req-006003,2026-03-03T09:02:32Z,auth,/v1/login,POST,200,75
req-003454,2026-03-02T09:12:17Z,billing,/v1/invoices,GET,201,474
req-003066,2026-03-02T05:03:55Z,catalog,/v1/items,GET,200,78
req-001585,2026-03-01T15:45:21Z,auth,/v1/login,POST,200,61
req-007333,2026-03-03T21:17:07Z,search,/v1/cache,DELETE,200,61
req-004513,2026-03-02T19:20:14Z,search,/v1/query,GET,201,387
req-007234,2026-03-03T21:33:42Z,checkout,/v1/pay,POST,200,186
req-007497,2026-03-03T23:47:26Z,catalog,/v1/items,GET,200,57
req-002220,2026-03-01T21:52:43Z,auth,/v1/login,POST,204,93
req-004196,2026-03-02T16:48:13Z,auth,/v1/login,POST,201,75
req-004433,2026-03-02T18:24:14Z,catalog,/v1/items,GET,201,50
req-004308,2026-03-02T17:40:12Z,auth,/v1/login,POST,200,91
req-001563,2026-03-01T15:53:48Z,billing,/v1/invoices,GET,204,361
req-001311,2026-03-01T12:10:02Z,catalog,/v1/items,GET,200,52
req-006100,2026-03-03T10:26:36Z,search,/v1/query,GET,200,536
req-003910,2026-03-02T13:42:04Z,catalog,/v1/items,GET,200,66
req-006751,2026-03-03T16:28:42Z,auth,/v1/login,POST,200,64
req-005877,2026-03-03T08:12:42Z,checkout,/v1/pay,POST,200,296
req-000407,2026-03-01T03:26:38Z,search,/v1/cache,DELETE,200,22
req-005703,2026-03-03T06:07:29Z,auth,/v1/login,POST,204,87
req-006005,2026-03-03T09:07:35Z,auth,/v1/login,POST,201,86
req-002343,2026-03-01T22:18:15Z,catalog,/v1/items,GET,200,76
req-006553,2026-03-03T14:13:15Z,auth,/v1/login,POST,200,81
req-006967,2026-03-03T18:35:12Z,auth,/v1/login,POST,204,59
req-006180,2026-03-03T10:21:25Z,search,/v1/cache,DELETE,200,56
req-000323,2026-03-01T03:43:13Z,checkout,/v1/pay,POST,204,172
req-001194,2026-03-01T11:08:32Z,catalog,/v1/items,GET,201,59
req-004789,2026-03-02T21:52:10Z,catalog,/v1/items,PUT,204,74
req-006284,2026-03-03T11:06:23Z,search,/v1/cache,DELETE,200,54
req-006810,2026-03-03T17:39:31Z,checkout,/v1/pay,POST,200,311
req-001351,2026-03-01T13:40:10Z,search,/v1/query,GET,500,337
req-006653,2026-03-03T15:13:07Z,auth,/v1/login,POST,200,75
req-001622,2026-03-01T15:02:52Z,catalog,/v1/items,GET,200,51
req-006300,2026-03-03T12:54:48Z,checkout,/v1/pay,POST,401,256
req-003504,2026-03-02T09:34:07Z,catalog,/v1/items,GET,200,44
req-001286,2026-03-01T12:40:57Z,catalog,/v1/items,GET,204,69
req-005164,2026-03-03T01:23:15Z,catalog,/v1/items,GET,200,55
req-005713,2026-03-03T06:11:20Z,catalog,/v1/items,GET,201,75
req-000527,2026-03-01T05:41:31Z,billing,/v1/invoices,GET,200,460
req-002629,2026-03-02T01:39:05Z,auth,/v1/login,POST,200,60
req-003871,2026-03-02T13:37:49Z,billing,/v1/invoices,GET,200,230
req-007251,2026-03-03T21:25:17Z,search,/v1/query,GET,504,499
req-006119,2026-03-03T10:38:26Z,auth,/v1/login,POST,201,93
req-002429,2026-03-01T23:40:31Z,auth,/v1/login,POST,400,70
req-002523,2026-03-02T00:48:38Z,search,/v1/query,GET,201,333
req-007050,2026-03-03T19:53:53Z,search,/v1/query,GET,200,357
req-004753,2026-03-02T21:30:29Z,auth,/v1/login,POST,201,99
req-003387,2026-03-02T08:06:53Z,catalog,/v1/items,GET,200,74
req-000148,2026-03-01T01:43:15Z,auth,/v1/login,POST,200,67
req-001449,2026-03-01T14:14:21Z,checkout,/v1/pay,POST,201,73
req-006831,2026-03-03T17:42:13Z,billing,/v1/invoices,GET,200,395
req-003528,2026-03-02T09:36:28Z,auth,/v1/session,GET,302,37
req-005869,2026-03-03T08:00:43Z,checkout,/v1/pay,POST,204,369
req-006229,2026-03-03T11:24:20Z,auth,/v1/login,POST,200,92
req-002839,2026-03-02T03:15:05Z,auth,/v1/login,POST,201,35
req-005787,2026-03-03T07:47:01Z,search,/v1/query,GET,204,497
req-000561,2026-03-01T05:00:57Z,auth,/v1/login,POST,200,203
req-006582,2026-03-03T14:05:44Z,catalog,/v1/items,GET,200,58
req-001802,2026-03-01T17:04:22Z,auth,/v1/login,POST,200,61
req-004368,2026-03-02T17:19:10Z,search,/v1/cache,DELETE,204,33
req-001627,2026-03-01T15:09:22Z,catalog,/v1/items,GET,201,42
req-000911,2026-03-01T08:30:47Z,auth,/v1/session,GET,200,42
req-001289,2026-03-01T12:58:26Z,catalog,/v1/items,GET,200,60
req-000422,2026-03-01T04:45:20Z,checkout,/v1/pay,POST,201,181
req-001354,2026-03-01T13:33:50Z,search,/v1/query,GET,503,279
req-005964,2026-03-03T08:23:03Z,search,/v1/cache,DELETE,204,66
req-001934,2026-03-01T18:11:31Z,catalog,/v1/items,GET,204,62
req-004632,2026-03-02T20:57:34Z,auth,/v1/login,POST,201,78
req-002731,2026-03-02T02:10:59Z,auth,/v1/login,POST,201,79
req-005260,2026-03-03T02:36:39Z,auth,/v1/login,POST,200,43
req-005066,2026-03-03T00:31:16Z,catalog,/v1/items,GET,200,48
req-002288,2026-03-01T22:17:06Z,checkout,/v1/pay,POST,503,288
req-007073,2026-03-03T19:10:56Z,auth,/v1/login,POST,200,82
req-007307,2026-03-03T21:47:23Z,catalog,/v1/items,GET,200,148
req-002959,2026-03-02T04:36:27Z,catalog,/v1/items,GET,200,65
req-002709,2026-03-02T02:54:42Z,billing,/v1/invoices,GET,200,430
req-002186,2026-03-01T21:04:08Z,checkout,/v1/pay,POST,502,228
req-007474,2026-03-03T23:13:21Z,auth,/v1/login,POST,200,58
req-007014,2026-03-03T18:21:49Z,auth,/v1/session,GET,200,84
req-007007,2026-03-03T18:45:20Z,catalog,/v1/items,PUT,204,112
req-004370,2026-03-02T17:49:52Z,search,/v1/cache,DELETE,200,37
req-000579,2026-03-01T05:21:22Z,catalog,/v1/items,GET,200,76
req-005723,2026-03-03T06:28:15Z,catalog,/v1/items,GET,200,65
req-005383,2026-03-03T03:28:41Z,catalog,/v1/items,GET,201,46
req-006187,2026-03-03T11:34:25Z,checkout,/v1/pay,POST,200,178
req-005515,2026-03-03T04:59:33Z,catalog,/v1/items,GET,200,42
req-006211,2026-03-03T11:09:09Z,search,/v1/query,GET,201,384
req-004731,2026-03-02T21:19:59Z,search,/v1/query,GET,200,320
req-005919,2026-03-03T08:28:39Z,catalog,/v1/items,GET,200,48
req-004360,2026-03-02T17:24:29Z,catalog,/v1/items,PUT,204,201
req-004445,2026-03-02T18:28:26Z,catalog,/v1/items,GET,200,60
req-007376,2026-03-03T22:17:12Z,auth,/v1/login,POST,200,79
req-000828,2026-03-01T08:08:25Z,billing,/v1/invoices,GET,200,324
req-006064,2026-03-03T09:25:40Z,auth,/v1/session,GET,301,36
req-004718,2026-03-02T21:44:42Z,billing,/v1/invoices,GET,200,438
req-000816,2026-03-01T08:14:38Z,checkout,/v1/pay,POST,200,225
req-001150,2026-03-01T11:12:30Z,search,/v1/query,GET,200,279
req-003220,2026-03-02T07:44:58Z,checkout,/v1/pay,POST,502,114
req-006126,2026-03-03T10:42:13Z,auth,/v1/login,POST,200,89
req-002503,2026-03-02T00:39:50Z,checkout,/v1/pay,POST,200,170
req-000873,2026-03-01T08:08:05Z,catalog,/v1/items,GET,201,43
req-001983,2026-03-01T19:09:58Z,checkout,/v1/pay,POST,204,236
req-003722,2026-03-02T11:33:30Z,catalog,/v1/items,GET,200,57
req-005057,2026-03-03T00:36:48Z,catalog,/v1/items,GET,200,39
req-005425,2026-03-03T03:01:38Z,auth,/v1/session,GET,200,18
req-001775,2026-03-01T17:23:34Z,billing,/v1/invoices,GET,204,364
req-001355,2026-03-01T13:27:21Z,search,/v1/query,GET,200,373
req-000714,2026-03-01T07:11:36Z,checkout,/v1/pay,POST,502,201
req-003179,2026-03-02T06:30:14Z,catalog,/v1/items,GET,200,56
req-004546,2026-03-02T19:09:00Z,catalog,/v1/items,GET,200,40
req-005274,2026-03-03T02:06:16Z,catalog,/v1/items,GET,200,62
req-005400,2026-03-03T03:20:15Z,catalog,/v1/items,GET,200,44
req-004745,2026-03-02T21:31:47Z,auth,/v1/login,POST,200,86
req-003363,2026-03-02T08:27:49Z,auth,/v1/login,POST,200,97
req-006153,2026-03-03T10:50:08Z,catalog,/v1/items,GET,200,124
req-001433,2026-03-01T13:56:46Z,auth,/v1/session,GET,200,40
req-004210,2026-03-02T16:01:49Z,auth,/v1/login,POST,201,84
req-006464,2026-03-03T13:57:58Z,catalog,/v1/items,GET,200,63
req-003740,2026-03-02T11:40:31Z,catalog,/v1/items,PUT,204,99
req-007205,2026-03-03T20:13:24Z,catalog,/v1/items,GET,200,57
req-002395,2026-03-01T23:08:44Z,checkout,/v1/pay,POST,200,235
req-002789,2026-03-02T02:32:18Z,search,/v1/cache,DELETE,201,54
req-005976,2026-03-03T09:58:59Z,checkout,/v1/pay,POST,200,164
req-005358,2026-03-03T03:46:50Z,auth,/v1/login,POST,200,63
req-005451,2026-03-03T04:45:35Z,billing,/v1/invoices,GET,201,360
req-005665,2026-03-03T06:18:09Z,checkout,/v1/pay,POST,200,242
req-005636,2026-03-03T05:08:38Z,catalog,/v1/items,GET,200,73
req-000884,2026-03-01T08:41:42Z,catalog,/v1/items,GET,200,77
req-002493,2026-03-01T23:56:45Z,auth,/v1/session,GET,200,37
req-007291,2026-03-03T21:10:10Z,catalog,/v1/items,GET,204,68
req-002803,2026-03-02T03:56:00Z,checkout,/v1/pay,POST,504,223
req-003895,2026-03-02T13:08:52Z,auth,/v1/login,POST,200,81
req-006828,2026-03-03T17:52:21Z,billing,/v1/invoices,GET,200,310
req-004988,2026-03-02T23:29:39Z,catalog,/v1/items,PUT,200,52
req-000281,2026-03-01T02:03:03Z,catalog,/v1/items,GET,201,79
req-007026,2026-03-03T19:10:35Z,checkout,/v1/pay,POST,200,291
req-001875,2026-03-01T18:16:46Z,checkout,/v1/pay,POST,201,238
req-005251,2026-03-03T02:39:13Z,auth,/v1/login,POST,201,80
req-001949,2026-03-01T18:07:30Z,catalog,/v1/items,GET,200,84
req-002244,2026-03-01T21:04:12Z,catalog,/v1/items,GET,201,71
req-005366,2026-03-03T03:07:13Z,auth,/v1/login,POST,204,62
req-002030,2026-03-01T19:10:13Z,catalog,/v1/items,GET,200,60
req-002266,2026-03-01T21:31:24Z,catalog,/v1/items,PUT,204,70
req-000903,2026-03-01T08:02:44Z,catalog,/v1/items,PUT,204,69
req-005226,2026-03-03T02:59:31Z,checkout,/v1/pay,POST,200,239
req-007222,2026-03-03T20:40:40Z,auth,/v1/session,GET,201,94
req-007325,2026-03-03T21:40:19Z,auth,/v1/session,GET,302,40
req-001757,2026-03-01T17:27:06Z,checkout,/v1/pay,POST,200,334
req-001392,2026-03-01T13:41:24Z,catalog,/v1/items,GET,200,144
req-004827,2026-03-02T22:24:01Z,search,/v1/query,GET,204,438
req-006910,2026-03-03T17:22:29Z,auth,/v1/session,GET,204,34
req-000510,2026-03-01T05:46:34Z,checkout,/v1/pay,POST,200,165
req-000723,2026-03-01T07:40:51Z,checkout,/v1/pay,POST,204,190
req-002589,2026-03-02T00:42:57Z,auth,/v1/session,GET,201,20
req-007372,2026-03-03T22:37:07Z,auth,/v1/login,POST,200,85
req-004484,2026-03-02T19:10:25Z,checkout,/v1/pay,POST,200,217
req-006063,2026-03-03T09:28:02Z,auth,/v1/session,GET,200,25
req-003653,2026-03-02T11:27:47Z,checkout,/v1/pay,POST,200,257
req-004520,2026-03-02T19:55:34Z,auth,/v1/login,POST,201,56
req-006735,2026-03-03T16:14:04Z,search,/v1/query,GET,200,431
req-005196,2026-03-03T01:55:52Z,catalog,/v1/items,PUT,201,106
req-005750,2026-03-03T06:12:16Z,auth,/v1/session,GET,200,31
req-007339,2026-03-03T22:20:22Z,checkout,/v1/pay,POST,200,194
req-005676,2026-03-03T06:21:37Z,search,/v1/query,GET,201,303
req-004574,2026-03-02T19:48:04Z,catalog,/v1/items,PUT,204,94
req-004853,2026-03-02T22:59:24Z,auth,/v1/login,POST,204,71
req-002010,2026-03-01T19:37:12Z,auth,/v1/login,POST,200,97
req-004927,2026-03-02T23:11:51Z,search,/v1/query,GET,204,389
req-006734,2026-03-03T16:21:47Z,search,/v1/query,GET,200,158
req-005624,2026-03-03T05:43:34Z,catalog,/v1/items,GET,200,47
req-005586,2026-03-03T05:20:36Z,auth,/v1/login,POST,400,69
req-007117,2026-03-03T19:52:09Z,catalog,/v1/items,PUT,200,99
req-004290,2026-03-02T17:44:58Z,search,/v1/query,GET,200,1393
req-006031,2026-03-03T09:30:54Z,catalog,/v1/items,GET,200,70
req-000390,2026-03-01T03:50:23Z,catalog,/v1/items,GET,204,82
req-005311,2026-03-03T02:06:50Z,auth,/v1/session,GET,200,42
req-004136,2026-03-02T15:54:26Z,catalog,/v1/items,GET,200,77
req-000131,2026-03-01T01:53:58Z,search,/v1/query,GET,500,347
req-003305,2026-03-02T07:19:31Z,catalog,/v1/items,PUT,200,66
req-004235,2026-03-02T16:37:47Z,catalog,/v1/items,GET,200,42
req-003442,2026-03-02T09:35:26Z,checkout,/v1/pay,POST,200,331
req-002947,2026-03-02T04:54:28Z,auth,/v1/login,POST,200,187
req-005496,2026-03-03T04:25:33Z,catalog,/v1/items,GET,200,82
req-004536,2026-03-02T19:23:06Z,auth,/v1/login,POST,200,49
req-007043,2026-03-03T19:38:10Z,billing,/v1/invoices,GET,200,307
req-004203,2026-03-02T16:19:02Z,auth,/v1/login,POST,200,86
req-007238,2026-03-03T21:01:23Z,checkout,/v1/pay,POST,200,369
req-006195,2026-03-03T11:46:37Z,billing,/v1/invoices,GET,200,276
req-000720,2026-03-01T07:22:55Z,checkout,/v1/pay,POST,204,199
req-000433,2026-03-01T04:14:33Z,search,/v1/query,GET,403,366
req-000894,2026-03-01T08:08:05Z,catalog,/v1/items,GET,201,48
req-005403,2026-03-03T03:57:27Z,catalog,/v1/items,GET,200,60
req-006147,2026-03-03T10:36:20Z,catalog,/v1/items,GET,200,65
req-004450,2026-03-02T18:37:49Z,catalog,/v1/items,GET,201,61
req-007186,2026-03-03T20:37:49Z,catalog,/v1/items,GET,201,58
req-003452,2026-03-02T09:53:03Z,billing,/v1/invoices,GET,200,289
req-001862,2026-03-01T17:43:29Z,auth,/v1/session,GET,201,49
req-000845,2026-03-01T08:45:18Z,auth,/v1/login,POST,200,98
req-004924,2026-03-02T23:23:02Z,search,/v1/query,GET,201,404
req-001640,2026-03-01T15:11:36Z,catalog,/v1/items,PUT,204,75
req-001513,2026-03-01T14:19:12Z,catalog,/v1/items,GET,200,45
req-002620,2026-03-02T01:15:08Z,search,/v1/query,GET,200,383
req-003549,2026-03-02T10:25:08Z,checkout,/v1/pay,POST,204,339
req-005481,2026-03-03T04:29:01Z,auth,/v1/login,POST,200,77
req-004400,2026-03-02T18:00:29Z,search,/v1/query,GET,200,422
req-007091,2026-03-03T19:00:07Z,catalog,/v1/items,GET,200,39
req-004279,2026-03-02T17:29:03Z,checkout,/v1/pay,POST,200,404
req-007118,2026-03-03T19:05:30Z,auth,/v1/session,GET,302,32
req-000801,2026-03-01T07:29:41Z,catalog,/v1/items,PUT,403,108
req-007041,2026-03-03T19:37:10Z,billing,/v1/invoices,GET,201,358
req-001439,2026-03-01T14:07:26Z,checkout,/v1/pay,POST,200,180
req-004179,2026-03-02T16:36:16Z,billing,/v1/invoices,GET,204,430
req-004373,2026-03-02T18:32:11Z,checkout,/v1/pay,POST,201,304
req-002681,2026-03-02T01:57:50Z,auth,/v1/session,GET,302,32
req-005613,2026-03-03T05:19:40Z,catalog,/v1/items,GET,200,33
req-005884,2026-03-03T08:17:36Z,billing,/v1/invoices,GET,200,403
req-002576,2026-03-02T00:29:48Z,catalog,/v1/items,GET,204,55
req-005277,2026-03-03T02:33:22Z,catalog,/v1/items,GET,200,55
req-003056,2026-03-02T05:16:42Z,catalog,/v1/items,GET,200,38
req-000134,2026-03-01T01:17:49Z,auth,/v1/login,POST,204,52
req-006607,2026-03-03T15:40:31Z,checkout,/v1/pay,POST,204,202
req-005519,2026-03-03T04:46:12Z,catalog,/v1/items,GET,200,53
req-002995,2026-03-02T05:08:46Z,checkout,/v1/pay,POST,200,172
req-003808,2026-03-02T12:13:30Z,catalog,/v1/items,GET,200,65
req-004421,2026-03-02T18:57:34Z,auth,/v1/login,POST,201,82
req-006239,2026-03-03T11:51:20Z,catalog,/v1/items,GET,200,52
req-004095,2026-03-02T15:49:41Z,auth,/v1/login,POST,200,75
req-004437,2026-03-02T18:03:50Z,catalog,/v1/items,GET,200,36
req-002321,2026-03-01T22:52:32Z,auth,/v1/login,POST,201,71
req-006364,2026-03-03T12:24:30Z,catalog,/v1/items,GET,201,51
req-004954,2026-03-02T23:10:25Z,auth,/v1/login,POST,200,76
req-003216,2026-03-02T07:00:16Z,checkout,/v1/pay,POST,504,292
req-005298,2026-03-03T02:02:27Z,catalog,/v1/items,GET,200,66
req-000724,2026-03-01T07:54:58Z,checkout,/v1/pay,POST,502,188
req-002436,2026-03-01T23:06:43Z,auth,/v1/login,POST,200,72
req-001766,2026-03-01T17:42:27Z,checkout,/v1/pay,POST,504,192
req-003048,2026-03-02T05:46:44Z,auth,/v1/login,POST,201,91
req-004000,2026-03-02T14:13:52Z,auth,/v1/login,POST,201,73
req-005980,2026-03-03T09:40:06Z,checkout,/v1/pay,POST,200,256
req-004215,2026-03-02T16:49:38Z,catalog,/v1/items,GET,200,51
req-001575,2026-03-01T15:01:33Z,search,/v1/query,GET,200,380
req-001558,2026-03-01T15:00:57Z,checkout,/v1/pay,POST,200,148
req-002239,2026-03-01T21:30:02Z,catalog,/v1/items,GET,201,48
req-005721,2026-03-03T06:42:18Z,catalog,/v1/items,GET,204,47
req-006535,2026-03-03T14:29:36Z,search,/v1/query,GET,200,480
req-001803,2026-03-01T17:59:12Z,auth,/v1/login,POST,201,70
req-004149,2026-03-02T15:44:26Z,catalog,/v1/items,PUT,200,114
req-006538,2026-03-03T14:29:09Z,search,/v1/query,GET,201,173
req-000129,2026-03-01T01:35:08Z,search,/v1/query,GET,201,299
req-005364,2026-03-03T03:37:09Z,auth,/v1/login,POST,200,95
req-006212,2026-03-03T11:59:04Z,auth,/v1/login,POST,201,88
req-003027,2026-03-02T05:30:51Z,search,/v1/query,GET,200,1525
req-006017,2026-03-03T09:47:06Z,auth,/v1/login,POST,204,73
req-000856,2026-03-01T08:09:17Z,auth,/v1/login,POST,201,67
req-006623,2026-03-03T15:27:37Z,billing,/v1/invoices,GET,200,435
req-004067,2026-03-02T15:42:57Z,checkout,/v1/pay,POST,200,239
req-003278,2026-03-02T07:39:02Z,catalog,/v1/items,GET,200,96
req-007176,2026-03-03T20:07:55Z,auth,/v1/login,POST,200,174
req-004374,2026-03-02T18:46:30Z,checkout,/v1/pay,POST,200,126
req-001825,2026-03-01T17:45:10Z,catalog,/v1/items,GET,200,49
req-001939,2026-03-01T18:39:42Z,catalog,/v1/items,GET,201,31
req-007262,2026-03-03T21:15:32Z,auth,/v1/login,POST,204,94
req-003399,2026-03-02T08:07:52Z,catalog,/v1/items,GET,200,76
req-003118,2026-03-02T06:29:58Z,billing,/v1/invoices,GET,204,413
req-006140,2026-03-03T10:50:42Z,catalog,/v1/items,GET,204,60
req-005158,2026-03-03T01:58:12Z,catalog,/v1/items,GET,200,73
req-001637,2026-03-01T15:35:09Z,catalog,/v1/items,PUT,200,99
req-004237,2026-03-02T16:19:46Z,catalog,/v1/items,GET,200,75
req-005521,2026-03-03T04:43:17Z,catalog,/v1/items,GET,204,66
req-005025,2026-03-03T00:00:33Z,search,/v1/query,GET,200,458
req-001230,2026-03-01T12:41:03Z,checkout,/v1/pay,POST,201,193
req-005052,2026-03-03T00:08:55Z,auth,/v1/login,POST,200,62
req-006743,2026-03-03T16:43:10Z,auth,/v1/login,POST,201,90
req-000088,2026-03-01T00:34:03Z,catalog,/v1/items,PUT,200,92
req-006101,2026-03-03T10:56:18Z,search,/v1/query,GET,201,450
req-000621,2026-03-01T06:02:09Z,checkout,/v1/pay,POST,204,247
req-001146,2026-03-01T11:02:31Z,search,/v1/query,GET,204,509
req-003842,2026-03-02T12:38:42Z,catalog,/v1/items,PUT,201,97
req-004375,2026-03-02T18:24:27Z,checkout,/v1/pay,POST,200,216
req-006824,2026-03-03T17:44:43Z,billing,/v1/invoices,GET,200,284
req-000109,2026-03-01T01:00:36Z,checkout,/v1/pay,POST,200,194
req-001209,2026-03-01T11:37:43Z,catalog,/v1/items,PUT,200,82
req-002835,2026-03-02T03:25:14Z,auth,/v1/login,POST,201,91
req-001413,2026-03-01T13:06:50Z,catalog,/v1/items,GET,200,57
req-007386,2026-03-03T22:34:51Z,auth,/v1/login,POST,201,105
req-005969,2026-03-03T09:35:18Z,checkout,/v1/pay,POST,200,229
req-003268,2026-03-02T07:50:20Z,auth,/v1/login,POST,200,53
req-007337,2026-03-03T22:39:12Z,checkout,/v1/pay,POST,200,311
req-000767,2026-03-01T07:16:03Z,catalog,/v1/items,GET,200,137
req-000732,2026-03-01T07:28:08Z,billing,/v1/invoices,GET,200,360
req-005075,2026-03-03T00:50:43Z,catalog,/v1/items,GET,200,48
req-006536,2026-03-03T14:53:21Z,search,/v1/query,GET,201,469
req-005483,2026-03-03T04:52:16Z,auth,/v1/login,POST,200,82
req-002277,2026-03-01T21:12:51Z,search,/v1/cache,DELETE,201,27
req-005206,2026-03-03T01:10:01Z,search,/v1/cache,DELETE,204,42
req-005700,2026-03-03T06:56:13Z,auth,/v1/login,POST,200,92
req-001877,2026-03-01T18:51:03Z,checkout,/v1/pay,POST,201,187
req-002487,2026-03-01T23:11:18Z,catalog,/v1/items,PUT,200,71
req-003346,2026-03-02T08:39:44Z,search,/v1/query,GET,503,560
req-001367,2026-03-01T13:49:17Z,auth,/v1/login,POST,201,65
req-001251,2026-03-01T12:19:26Z,search,/v1/query,GET,200,327
req-002670,2026-03-02T01:23:22Z,catalog,/v1/items,GET,200,59
req-004875,2026-03-02T22:56:44Z,catalog,/v1/items,GET,200,124
req-003374,2026-03-02T08:03:26Z,auth,/v1/login,POST,200,79
req-006253,2026-03-03T11:33:59Z,catalog,/v1/items,GET,204,87
req-004225,2026-03-02T16:01:55Z,catalog,/v1/items,GET,200,64
req-001095,2026-03-01T10:36:14Z,catalog,/v1/items,GET,204,79
req-002753,2026-03-02T02:35:51Z,catalog,/v1/items,GET,200,45
req-006650,2026-03-03T15:10:23Z,auth,/v1/login,POST,201,89
req-002399,2026-03-01T23:20:56Z,checkout,/v1/pay,POST,502,205
req-002017,2026-03-01T19:46:38Z,auth,/v1/login,POST,200,60
req-002127,2026-03-01T20:42:36Z,auth,/v1/login,POST,200,89
req-006067,2026-03-03T09:44:58Z,auth,/v1/session,GET,200,90
req-002330,2026-03-01T22:13:00Z,auth,/v1/login,POST,200,54
req-006203,2026-03-03T11:59:07Z,search,/v1/query,GET,200,511
req-000419,2026-03-01T04:10:20Z,checkout,/v1/pay,POST,204,205
req-002545,2026-03-02T00:21:52Z,auth,/v1/login,POST,200,75
req-002564,2026-03-02T00:57:52Z,catalog,/v1/items,GET,200,57
req-001101,2026-03-01T10:12:26Z,catalog,/v1/items,GET,200,38
req-002462,2026-03-01T23:54:21Z,catalog,/v1/items,GET,200,49
req-004074,2026-03-02T15:38:53Z,checkout,/v1/pay,POST,200,110
req-007268,2026-03-03T21:43:53Z,auth,/v1/login,POST,204,96
req-005427,2026-03-03T03:46:01Z,auth,/v1/session,GET,201,41
req-006425,2026-03-03T13:06:06Z,auth,/v1/login,POST,200,84
req-001629,2026-03-01T15:57:58Z,catalog,/v1/items,GET,204,44
req-004720,2026-03-02T21:04:18Z,billing,/v1/invoices,GET,200,488
req-007480,2026-03-03T23:48:04Z,auth,/v1/login,POST,200,53
req-003125,2026-03-02T06:40:30Z,search,/v1/query,GET,201,298
req-006560,2026-03-03T14:50:02Z,auth,/v1/login,POST,200,66
req-004184,2026-03-02T16:57:39Z,billing,/v1/invoices,GET,201,287
req-000252,2026-03-01T02:39:27Z,auth,/v1/login,POST,200,36
req-001809,2026-03-01T17:55:00Z,auth,/v1/login,POST,200,87
req-005695,2026-03-03T06:05:10Z,auth,/v1/login,POST,200,99
req-002391,2026-03-01T22:21:26Z,search,/v1/cache,DELETE,403,70
req-003538,2026-03-02T10:15:16Z,checkout,/v1/pay,POST,200,229
req-006480,2026-03-03T13:52:49Z,catalog,/v1/items,GET,200,80
req-006060,2026-03-03T09:20:00Z,catalog,/v1/items,PUT,200,105
req-000892,2026-03-01T08:35:24Z,catalog,/v1/items,GET,201,82
req-002264,2026-03-01T21:41:02Z,catalog,/v1/items,PUT,201,82
req-000643,2026-03-01T06:11:14Z,search,/v1/query,GET,200,319
req-004487,2026-03-02T19:15:06Z,checkout,/v1/pay,POST,201,191
req-004121,2026-03-02T15:00:18Z,catalog,/v1/items,GET,201,71
req-001874,2026-03-01T18:46:05Z,checkout,/v1/pay,POST,200,353
req-002783,2026-03-02T02:34:24Z,auth,/v1/session,GET,201,57
req-003759,2026-03-02T12:48:10Z,checkout,/v1/pay,POST,201,181
req-006525,2026-03-03T14:06:35Z,billing,/v1/invoices,GET,504,246
req-005578,2026-03-03T05:57:18Z,search,/v1/query,GET,200,246
req-007405,2026-03-03T22:10:45Z,catalog,/v1/items,GET,201,47
req-006703,2026-03-03T15:18:41Z,search,/v1/cache,DELETE,200,43
req-000719,2026-03-01T07:35:35Z,checkout,/v1/pay,POST,200,264
req-007308,2026-03-03T21:40:49Z,catalog,/v1/items,GET,200,92
req-006654,2026-03-03T15:58:54Z,auth,/v1/login,POST,200,52
req-004231,2026-03-02T16:43:08Z,catalog,/v1/items,GET,200,69
req-003648,2026-03-02T11:00:55Z,checkout,/v1/pay,POST,200,123
req-003225,2026-03-02T07:49:53Z,billing,/v1/invoices,GET,200,392
req-005870,2026-03-03T08:42:26Z,checkout,/v1/pay,POST,204,345
req-001620,2026-03-01T15:01:11Z,catalog,/v1/items,GET,200,72
req-003135,2026-03-02T06:11:17Z,auth,/v1/login,POST,204,84
req-001419,2026-03-01T13:45:29Z,catalog,/v1/items,PUT,201,86
req-004549,2026-03-02T19:54:31Z,catalog,/v1/items,GET,204,56
req-001546,2026-03-01T14:26:44Z,search,/v1/cache,DELETE,201,84
req-006103,2026-03-03T10:10:03Z,search,/v1/query,GET,204,291
req-003658,2026-03-02T11:24:33Z,billing,/v1/invoices,GET,200,366
req-004744,2026-03-02T21:11:29Z,auth,/v1/login,POST,204,87
req-002369,2026-03-01T22:40:50Z,catalog,/v1/items,GET,201,73
req-006903,2026-03-03T17:35:07Z,catalog,/v1/items,PUT,200,72
req-006778,2026-03-03T16:28:04Z,catalog,/v1/items,GET,200,55
req-003073,2026-03-02T05:19:28Z,catalog,/v1/items,GET,200,71
req-006817,2026-03-03T17:47:11Z,checkout,/v1/pay,POST,201,406
req-004666,2026-03-02T20:38:07Z,catalog,/v1/items,GET,200,74
req-004703,2026-03-02T21:19:50Z,checkout,/v1/pay,POST,200,191
req-003999,2026-03-02T14:42:47Z,auth,/v1/login,POST,400,63
req-003764,2026-03-02T12:36:00Z,billing,/v1/invoices,GET,200,1762
req-006426,2026-03-03T13:21:12Z,auth,/v1/login,POST,200,81
req-000291,2026-03-01T02:49:37Z,catalog,/v1/items,GET,204,81
req-000124,2026-03-01T01:11:37Z,search,/v1/query,GET,200,293
req-001811,2026-03-01T17:24:49Z,auth,/v1/login,POST,200,76
req-005848,2026-03-03T07:26:26Z,catalog,/v1/items,PUT,200,81
req-007350,2026-03-03T22:27:16Z,billing,/v1/invoices,GET,204,331
req-000250,2026-03-01T02:34:18Z,auth,/v1/login,POST,200,57
req-000509,2026-03-01T05:21:13Z,checkout,/v1/pay,POST,204,227
req-005881,2026-03-03T08:18:54Z,billing,/v1/invoices,GET,204,323
req-000316,2026-03-01T03:46:36Z,checkout,/v1/pay,POST,503,245
req-000528,2026-03-01T05:44:25Z,billing,/v1/invoices,GET,200,482
req-003037,2026-03-02T05:16:26Z,auth,/v1/login,POST,200,54
req-005357,2026-03-03T03:02:54Z,auth,/v1/login,POST,201,62
req-001124,2026-03-01T11:54:13Z,checkout,/v1/pay,POST,200,250
req-005593,2026-03-03T05:24:25Z,auth,/v1/login,POST,201,178
req-003024,2026-03-02T05:17:06Z,search,/v1/query,GET,200,366
req-006054,2026-03-03T09:37:03Z,catalog,/v1/items,PUT,201,115
req-002985,2026-03-02T04:07:34Z,auth,/v1/session,GET,201,59
req-003675,2026-03-02T11:02:51Z,auth,/v1/login,POST,204,75
req-001655,2026-03-01T16:42:39Z,checkout,/v1/pay,POST,502,181
req-003084,2026-03-02T05:11:02Z,catalog,/v1/items,PUT,403,57
req-000526,2026-03-01T05:18:55Z,billing,/v1/invoices,GET,201,363
req-000320,2026-03-01T03:51:42Z,checkout,/v1/pay,POST,204,272
req-005107,2026-03-03T01:13:13Z,checkout,/v1/pay,POST,504,230
req-003318,2026-03-02T07:33:09Z,search,/v1/cache,DELETE,404,64
req-003791,2026-03-02T12:55:52Z,auth,/v1/login,POST,204,62
req-002935,2026-03-02T04:12:35Z,auth,/v1/login,POST,200,95
req-004218,2026-03-02T16:56:28Z,catalog,/v1/items,GET,201,39
req-000601,2026-03-01T05:07:49Z,catalog,/v1/items,PUT,204,107
req-006186,2026-03-03T11:23:59Z,checkout,/v1/pay,POST,200,160
req-006485,2026-03-03T13:55:05Z,catalog,/v1/items,GET,201,58
req-001994,2026-03-01T19:00:36Z,billing,/v1/invoices,GET,200,475
req-007090,2026-03-03T19:30:15Z,catalog,/v1/items,GET,200,45
req-004652,2026-03-02T20:32:44Z,catalog,/v1/items,GET,200,43
req-004276,2026-03-02T17:24:09Z,checkout,/v1/pay,POST,502,121
req-004510,2026-03-02T19:54:31Z,search,/v1/query,GET,503,337
req-003117,2026-03-02T06:52:17Z,billing,/v1/invoices,GET,200,288
req-006291,2026-03-03T12:52:05Z,checkout,/v1/pay,POST,200,273
req-007541,2026-03-03T23:16:15Z,catalog,/v1/items,PUT,200,103
req-000648,2026-03-01T06:27:10Z,auth,/v1/login,POST,502,65
req-005145,2026-03-03T01:45:38Z,auth,/v1/login,POST,204,127
req-005921,2026-03-03T08:24:54Z,catalog,/v1/items,GET,201,19
req-002546,2026-03-02T00:41:17Z,auth,/v1/login,POST,200,84
req-000814,2026-03-01T08:56:26Z,checkout,/v1/pay,POST,200,231
req-000066,2026-03-01T00:42:24Z,catalog,/v1/items,GET,204,36
req-005971,2026-03-03T09:32:52Z,checkout,/v1/pay,POST,201,262
req-003744,2026-03-02T11:16:52Z,auth,/v1/session,GET,201,39
req-005286,2026-03-03T02:22:39Z,catalog,/v1/items,GET,200,66
req-000639,2026-03-01T06:54:34Z,search,/v1/query,GET,200,199
req-000600,2026-03-01T05:52:50Z,catalog,/v1/items,GET,201,128
req-003250,2026-03-02T07:07:36Z,auth,/v1/login,POST,200,9
req-004798,2026-03-02T21:31:21Z,search,/v1/cache,DELETE,200,55
req-001907,2026-03-01T18:28:27Z,auth,/v1/login,POST,200,48
req-001654,2026-03-01T16:30:11Z,checkout,/v1/pay,POST,204,175
req-000927,2026-03-01T09:01:57Z,checkout,/v1/pay,POST,200,125
req-007479,2026-03-03T23:50:01Z,auth,/v1/login,POST,204,50
req-001812,2026-03-01T17:38:53Z,auth,/v1/login,POST,200,87
req-000044,2026-03-01T00:59:22Z,auth,/v1/login,POST,200,95
req-001219,2026-03-01T11:00:43Z,search,/v1/cache,DELETE,201,28
req-005254,2026-03-03T02:47:49Z,auth,/v1/login,POST,200,89
req-003020,2026-03-02T05:28:18Z,search,/v1/query,GET,201,226
req-007527,2026-03-03T23:21:59Z,catalog,/v1/items,GET,201,63
req-006165,2026-03-03T10:30:20Z,catalog,/v1/items,PUT,200,75
req-004771,2026-03-02T21:40:14Z,catalog,/v1/items,GET,200,81
req-004996,2026-03-02T23:29:14Z,auth,/v1/session,GET,201,36
req-007228,2026-03-03T21:54:56Z,checkout,/v1/pay,POST,204,493
req-004217,2026-03-02T16:45:53Z,catalog,/v1/items,GET,200,54
req-003418,2026-03-02T08:17:10Z,catalog,/v1/items,PUT,401,97
req-004512,2026-03-02T19:25:19Z,search,/v1/query,GET,502,333
req-002860,2026-03-02T03:25:10Z,catalog,/v1/items,GET,200,46
req-001789,2026-03-01T17:33:46Z,auth,/v1/login,POST,200,79
req-002005,2026-03-01T19:59:48Z,auth,/v1/login,POST,204,81
req-002728,2026-03-02T02:59:26Z,auth,/v1/login,POST,204,47
req-002504,2026-03-02T00:04:51Z,checkout,/v1/pay,POST,503,209
req-007390,2026-03-03T22:06:01Z,catalog,/v1/items,GET,200,41
req-005314,2026-03-03T02:05:28Z,auth,/v1/session,GET,200,47
req-006112,2026-03-03T10:46:35Z,auth,/v1/login,POST,200,92
req-005214,2026-03-03T02:31:09Z,checkout,/v1/pay,POST,204,179
req-001649,2026-03-01T15:07:47Z,auth,/v1/session,GET,200,21
req-002942,2026-03-02T04:54:17Z,auth,/v1/login,POST,204,90
req-002408,2026-03-01T23:52:55Z,billing,/v1/invoices,GET,201,1968
req-002674,2026-03-02T01:13:54Z,catalog,/v1/items,PUT,200,234
req-003406,2026-03-02T08:11:49Z,catalog,/v1/items,GET,200,60
req-003152,2026-03-02T06:19:34Z,catalog,/v1/items,GET,200,49
req-005247,2026-03-03T02:05:05Z,auth,/v1/login,POST,200,176
req-002460,2026-03-01T23:50:14Z,catalog,/v1/items,GET,200,81
req-000821,2026-03-01T08:15:27Z,checkout,/v1/pay,POST,201,274
req-006495,2026-03-03T13:08:54Z,catalog,/v1/items,PUT,201,67
req-005958,2026-03-03T08:55:46Z,auth,/v1/session,GET,200,36
req-000247,2026-03-01T02:03:55Z,auth,/v1/login,POST,200,62
req-004941,2026-03-02T23:43:34Z,auth,/v1/login,POST,201,57
req-000481,2026-03-01T04:22:13Z,catalog,/v1/items,GET,201,70
req-004981,2026-03-02T23:16:59Z,catalog,/v1/items,GET,201,155
req-002808,2026-03-02T03:17:26Z,billing,/v1/invoices,GET,204,213
req-002502,2026-03-02T00:38:07Z,checkout,/v1/pay,POST,200,196
req-005585,2026-03-03T05:45:14Z,auth,/v1/login,POST,204,84
req-002373,2026-03-01T22:04:51Z,catalog,/v1/items,GET,204,60
req-005043,2026-03-03T00:58:58Z,auth,/v1/login,POST,200,68
req-004446,2026-03-02T18:51:01Z,catalog,/v1/items,GET,201,49
req-007538,2026-03-03T23:03:53Z,catalog,/v1/items,PUT,200,139
req-002372,2026-03-01T22:16:00Z,catalog,/v1/items,GET,201,64
req-007006,2026-03-03T18:04:43Z,catalog,/v1/items,PUT,200,72
req-007514,2026-03-03T23:48:05Z,catalog,/v1/items,GET,204,41
req-004811,2026-03-02T22:45:08Z,checkout,/v1/pay,POST,200,228
req-003094,2026-03-02T05:18:55Z,auth,/v1/session,GET,200,38
req-003838,2026-03-02T12:18:55Z,catalog,/v1/items,PUT,200,88
req-006604,2026-03-03T14:20:34Z,search,/v1/cache,DELETE,200,39
req-006633,2026-03-03T15:06:58Z,search,/v1/query,GET,200,240
req-001762,2026-03-01T17:02:26Z,checkout,/v1/pay,POST,204,180
req-006588,2026-03-03T14:39:31Z,catalog,/v1/items,GET,201,55
req-005747,2026-03-03T06:50:09Z,catalog,/v1/items,PUT,200,119
req-006166,2026-03-03T10:05:16Z,catalog,/v1/items,PUT,504,70
req-007084,2026-03-03T19:13:58Z,catalog,/v1/items,GET,204,45
req-004113,2026-03-02T15:23:26Z,auth,/v1/login,POST,201,72
req-003815,2026-03-02T12:00:13Z,catalog,/v1/items,GET,204,43
req-001371,2026-03-01T13:14:16Z,auth,/v1/login,POST,200,69
req-005913,2026-03-03T08:18:15Z,auth,/v1/login,POST,200,76
req-006493,2026-03-03T13:16:54Z,catalog,/v1/items,PUT,201,82
req-006241,2026-03-03T11:39:57Z,catalog,/v1/items,GET,200,54
req-000912,2026-03-01T08:09:33Z,search,/v1/cache,DELETE,404,36
req-006508,2026-03-03T14:52:21Z,checkout,/v1/pay,POST,200,232
req-005100,2026-03-03T00:31:19Z,search,/v1/cache,DELETE,204,46
req-000967,2026-03-01T09:30:46Z,auth,/v1/login,POST,204,91
req-006541,2026-03-03T14:50:34Z,auth,/v1/login,POST,200,50
req-003833,2026-03-02T12:31:07Z,catalog,/v1/items,GET,200,53
req-002820,2026-03-02T03:30:33Z,auth,/v1/login,POST,201,64
req-005089,2026-03-03T00:09:06Z,catalog,/v1/items,PUT,204,111
req-002496,2026-03-01T23:14:02Z,search,/v1/cache,DELETE,200,63
req-002169,2026-03-01T20:35:21Z,catalog,/v1/items,PUT,200,128
req-004114,2026-03-02T15:11:29Z,auth,/v1/login,POST,201,86
req-004611,2026-03-02T20:16:25Z,search,/v1/query,GET,204,325
req-004301,2026-03-02T17:48:33Z,auth,/v1/login,POST,201,64
req-006723,2026-03-03T16:25:59Z,billing,/v1/invoices,GET,200,411
req-006962,2026-03-03T18:10:40Z,auth,/v1/login,POST,200,74
req-003400,2026-03-02T08:49:36Z,catalog,/v1/items,GET,201,39
req-001008,2026-03-01T09:01:50Z,catalog,/v1/items,PUT,503,80
req-004037,2026-03-02T14:52:07Z,catalog,/v1/items,GET,401,78
req-002106,2026-03-01T20:18:40Z,search,/v1/query,GET,201,423
req-004535,2026-03-02T19:14:03Z,auth,/v1/login,POST,204,28
req-000575,2026-03-01T05:07:53Z,catalog,/v1/items,GET,200,60
req-006951,2026-03-03T18:44:10Z,auth,/v1/login,POST,204,96
req-003557,2026-03-02T10:11:02Z,billing,/v1/invoices,GET,204,248
req-004379,2026-03-02T18:16:40Z,checkout,/v1/pay,POST,200,171
req-006385,2026-03-03T12:20:56Z,auth,/v1/session,GET,201,76
req-003100,2026-03-02T06:10:32Z,checkout,/v1/pay,POST,204,457
req-001431,2026-03-01T13:41:32Z,auth,/v1/session,GET,302,61
req-004695,2026-03-02T20:57:06Z,search,/v1/cache,DELETE,204,39
req-003680,2026-03-02T11:00:19Z,auth,/v1/login,POST,200,90
req-003207,2026-03-02T06:15:05Z,search,/v1/cache,DELETE,201,42
req-005590,2026-03-03T05:37:53Z,auth,/v1/login,POST,200,99
req-003168,2026-03-02T06:04:44Z,catalog,/v1/items,GET,204,75
req-006534,2026-03-03T14:15:00Z,search,/v1/query,GET,201,464
req-001888,2026-03-01T18:58:34Z,billing,/v1/invoices,GET,200,1806
req-003543,2026-03-02T10:36:04Z,checkout,/v1/pay,POST,200,155
req-006082,2026-03-03T10:41:11Z,checkout,/v1/pay,POST,200,262
req-005098,2026-03-03T00:15:16Z,auth,/v1/session,GET,301,38
req-006200,2026-03-03T11:23:46Z,billing,/v1/invoices,GET,204,361
req-006120,2026-03-03T10:15:05Z,auth,/v1/login,POST,200,95
req-004088,2026-03-02T15:21:51Z,search,/v1/query,GET,504,383
req-000090,2026-03-01T00:30:42Z,catalog,/v1/items,PUT,201,78
req-004008,2026-03-02T14:26:27Z,auth,/v1/login,POST,201,52
req-004181,2026-03-02T16:41:40Z,billing,/v1/invoices,GET,201,448
req-001458,2026-03-01T14:26:35Z,billing,/v1/invoices,GET,204,420
req-001370,2026-03-01T13:24:41Z,auth,/v1/login,POST,201,48
req-004244,2026-03-02T16:39:34Z,catalog,/v1/items,GET,200,53
req-002517,2026-03-02T00:33:53Z,billing,/v1/invoices,GET,200,1739
req-007086,2026-03-03T19:42:08Z,catalog,/v1/items,GET,200,120
req-003787,2026-03-02T12:53:55Z,auth,/v1/login,POST,200,87
req-003485,2026-03-02T09:41:32Z,catalog,/v1/items,GET,200,43
req-003684,2026-03-02T11:39:16Z,auth,/v1/login,POST,200,85
req-005195,2026-03-03T01:39:08Z,catalog,/v1/items,PUT,204,212
req-007363,2026-03-03T22:30:25Z,search,/v1/query,GET,201,1385
req-000868,2026-03-01T08:17:09Z,catalog,/v1/items,GET,204,78
req-007336,2026-03-03T22:05:58Z,checkout,/v1/pay,POST,201,216
req-000118,2026-03-01T01:34:14Z,billing,/v1/invoices,GET,200,1738
req-001068,2026-03-01T10:12:23Z,auth,/v1/login,POST,200,73
req-004706,2026-03-02T21:14:19Z,checkout,/v1/pay,POST,204,119
req-000739,2026-03-01T07:24:14Z,search,/v1/query,GET,200,270
req-003282,2026-03-02T07:06:33Z,catalog,/v1/items,GET,204,52
req-005381,2026-03-03T03:27:25Z,catalog,/v1/items,GET,200,80
req-001267,2026-03-01T12:40:58Z,auth,/v1/login,POST,200,91
req-000020,2026-03-01T00:32:48Z,billing,/v1/invoices,GET,200,327
req-001259,2026-03-01T12:51:23Z,auth,/v1/login,POST,204,85
req-001592,2026-03-01T15:04:30Z,auth,/v1/login,POST,200,87
req-001024,2026-03-01T10:30:48Z,checkout,/v1/pay,POST,200,200
req-005583,2026-03-03T05:14:40Z,auth,/v1/login,POST,204,59
req-003627,2026-03-02T10:55:21Z,catalog,/v1/items,GET,200,80
req-005227,2026-03-03T02:13:32Z,billing,/v1/invoices,GET,204,381
req-002356,2026-03-01T22:28:08Z,catalog,/v1/items,GET,200,39
req-002625,2026-03-02T01:18:41Z,auth,/v1/login,POST,200,47
req-003793,2026-03-02T12:11:24Z,auth,/v1/login,POST,200,101
req-006872,2026-03-03T17:05:40Z,catalog,/v1/items,GET,201,61
req-001861,2026-03-01T17:51:51Z,auth,/v1/session,GET,204,51
req-005985,2026-03-03T09:36:12Z,billing,/v1/invoices,GET,200,422
req-006295,2026-03-03T12:51:56Z,checkout,/v1/pay,POST,502,131
req-002008,2026-03-01T19:13:59Z,auth,/v1/login,POST,200,51
req-001764,2026-03-01T17:31:50Z,checkout,/v1/pay,POST,204,242
req-003432,2026-03-02T09:40:24Z,checkout,/v1/pay,POST,200,223
req-001134,2026-03-01T11:42:29Z,billing,/v1/invoices,GET,201,1798
req-006501,2026-03-03T13:02:42Z,auth,/v1/session,GET,201,30
req-005210,2026-03-03T02:58:03Z,checkout,/v1/pay,POST,204,104
req-005379,2026-03-03T03:40:06Z,auth,/v1/login,POST,201,95
req-005154,2026-03-03T01:26:00Z,auth,/v1/login,POST,204,114
req-004906,2026-03-02T23:26:26Z,checkout,/v1/pay,POST,201,260
req-002693,2026-03-02T02:00:21Z,checkout,/v1/pay,POST,200,225
req-002829,2026-03-02T03:05:38Z,auth,/v1/login,POST,200,84
req-003823,2026-03-02T12:03:04Z,catalog,/v1/items,GET,200,135
req-007444,2026-03-03T23:41:49Z,checkout,/v1/pay,POST,204,158
req-000413,2026-03-01T04:32:07Z,checkout,/v1/pay,POST,204,156
req-004300,2026-03-02T17:25:31Z,auth,/v1/login,POST,503,108
req-006075,2026-03-03T10:54:35Z,checkout,/v1/pay,POST,204,289
req-005048,2026-03-03T00:04:44Z,auth,/v1/login,POST,200,80
req-001163,2026-03-01T11:23:21Z,auth,/v1/login,POST,200,50
req-004246,2026-03-02T16:55:15Z,catalog,/v1/items,GET,200,58
req-000686,2026-03-01T06:44:10Z,catalog,/v1/items,GET,200,42
req-001284,2026-03-01T12:51:38Z,catalog,/v1/items,GET,201,64
req-005236,2026-03-03T02:31:58Z,search,/v1/query,GET,200,438
req-001287,2026-03-01T12:01:11Z,catalog,/v1/items,GET,201,41
req-005369,2026-03-03T03:03:41Z,auth,/v1/login,POST,201,107
req-002678,2026-03-02T01:06:21Z,catalog,/v1/items,PUT,200,79
req-002590,2026-03-02T00:39:21Z,auth,/v1/session,GET,200,50
req-003199,2026-03-02T06:36:30Z,auth,/v1/session,GET,200,35
req-007448,2026-03-03T23:35:40Z,checkout,/v1/pay,POST,201,300
req-002075,2026-03-01T19:25:27Z,auth,/v1/session,GET,201,53
req-005711,2026-03-03T06:06:47Z,catalog,/v1/items,GET,204,74
req-005136,2026-03-03T01:29:27Z,auth,/v1/login,POST,200,80
req-006045,2026-03-03T09:09:15Z,catalog,/v1/items,GET,200,65
req-003971,2026-03-02T14:19:27Z,checkout,/v1/pay,POST,502,480
req-000516,2026-03-01T05:36:03Z,checkout,/v1/pay,POST,500,181
req-004651,2026-03-02T20:50:00Z,catalog,/v1/items,GET,200,146
req-006849,2026-03-03T17:02:49Z,auth,/v1/login,POST,201,83
req-003655,2026-03-02T11:59:40Z,checkout,/v1/pay,POST,201,317
req-005109,2026-03-03T01:10:39Z,checkout,/v1/pay,POST,200,95
req-000996,2026-03-01T09:07:46Z,catalog,/v1/items,GET,204,80
req-003164,2026-03-02T06:19:28Z,catalog,/v1/items,GET,200,64
req-004153,2026-03-02T15:53:57Z,catalog,/v1/items,PUT,201,129
req-002699,2026-03-02T02:15:34Z,checkout,/v1/pay,POST,204,177
req-001107,2026-03-01T10:25:42Z,catalog,/v1/items,PUT,204,204
req-006842,2026-03-03T17:01:33Z,auth,/v1/login,POST,200,77
req-003123,2026-03-02T06:21:20Z,search,/v1/query,GET,201,271
req-000919,2026-03-01T09:42:57Z,checkout,/v1/pay,POST,200,290
req-002973,2026-03-02T04:32:22Z,catalog,/v1/items,GET,200,75
req-001244,2026-03-01T12:08:40Z,search,/v1/query,GET,201,296
req-001228,2026-03-01T12:56:33Z,checkout,/v1/pay,POST,200,196
req-006641,2026-03-03T15:27:12Z,auth,/v1/login,POST,200,55
req-006713,2026-03-03T16:14:16Z,checkout,/v1/pay,POST,201,140
req-003487,2026-03-02T09:10:44Z,catalog,/v1/items,GET,204,81
req-000669,2026-03-01T06:25:38Z,catalog,/v1/items,GET,200,51
req-000651,2026-03-01T06:41:38Z,auth,/v1/login,POST,200,90
req-007326,2026-03-03T21:37:41Z,auth,/v1/session,GET,204,64
req-002307,2026-03-01T22:49:17Z,search,/v1/query,GET,204,369
req-007586,2026-03-01T21:16:00Z,billing,/v1/refund,POST,200,237
req-007483,2026-03-03T23:55:07Z,auth,/v1/login,POST,200,75
req-000531,2026-03-01T05:14:08Z,billing,/v1/invoices,GET,200,261
req-003907,2026-03-02T13:42:28Z,auth,/v1/login,POST,201,70
req-004245,2026-03-02T16:05:34Z,catalog,/v1/items,GET,201,68
req-003575,2026-03-02T10:25:20Z,auth,/v1/login,POST,200,57
req-006160,2026-03-03T10:27:22Z,catalog,/v1/items,GET,200,61
req-003130,2026-03-02T06:40:21Z,auth,/v1/login,POST,204,59
req-005554,2026-03-03T05:31:56Z,checkout,/v1/pay,POST,200,241
req-007521,2026-03-03T23:37:18Z,catalog,/v1/items,GET,200,78
req-005264,2026-03-03T02:34:11Z,auth,/v1/login,POST,200,62
req-005667,2026-03-03T06:07:01Z,billing,/v1/invoices,GET,200,441
req-003104,2026-03-02T06:56:33Z,checkout,/v1/pay,POST,200,189
req-005775,2026-03-03T07:11:03Z,billing,/v1/invoices,GET,200,321
req-000628,2026-03-01T06:50:07Z,checkout,/v1/pay,POST,200,388
req-000999,2026-03-01T09:43:42Z,catalog,/v1/items,GET,201,74
req-006754,2026-03-03T16:01:30Z,auth,/v1/login,POST,200,75
req-000785,2026-03-01T07:27:26Z,catalog,/v1/items,GET,200,86
req-006319,2026-03-03T12:06:41Z,auth,/v1/login,POST,200,96
req-006225,2026-03-03T11:24:57Z,auth,/v1/login,POST,204,55
req-006800,2026-03-03T16:59:29Z,auth,/v1/session,GET,200,23
req-003243,2026-03-02T07:26:46Z,auth,/v1/login,POST,200,75
req-001387,2026-03-01T13:50:54Z,catalog,/v1/items,GET,201,54
req-007366,2026-03-03T22:50:45Z,search,/v1/query,GET,400,251
req-001085,2026-03-01T10:58:16Z,catalog,/v1/items,GET,200,51
req-005843,2026-03-03T07:51:43Z,catalog,/v1/items,GET,200,61
req-001227,2026-03-01T12:37:08Z,checkout,/v1/pay,POST,204,199
req-000051,2026-03-01T00:44:57Z,auth,/v1/login,POST,200,86
req-000822,2026-03-01T08:25:39Z,checkout,/v1/pay,POST,204,288
req-000170,2026-03-01T01:13:41Z,catalog,/v1/items,GET,200,60
req-000511,2026-03-01T05:31:09Z,checkout,/v1/pay,POST,500,263
req-005539,2026-03-03T04:53:57Z,search,/v1/cache,DELETE,201,66
req-000054,2026-03-01T00:09:59Z,auth,/v1/login,POST,200,95
req-006125,2026-03-03T10:01:08Z,auth,/v1/login,POST,204,46
req-004892,2026-03-02T22:25:55Z,auth,/v1/session,GET,403,24
req-001997,2026-03-01T19:55:31Z,search,/v1/query,GET,200,435
req-006337,2026-03-03T12:38:57Z,auth,/v1/login,POST,200,87
req-005082,2026-03-03T00:49:05Z,catalog,/v1/items,GET,200,48
req-000027,2026-03-01T00:01:37Z,search,/v1/query,GET,200,1698
req-005240,2026-03-03T02:55:48Z,search,/v1/query,GET,204,244
req-005541,2026-03-03T04:10:48Z,search,/v1/cache,DELETE,200,51
req-005122,2026-03-03T01:41:34Z,billing,/v1/invoices,GET,200,345
req-000585,2026-03-01T05:28:02Z,catalog,/v1/items,GET,200,62
req-003124,2026-03-02T06:00:48Z,search,/v1/query,GET,200,283
req-003263,2026-03-02T07:29:24Z,auth,/v1/login,POST,204,74
req-003035,2026-03-02T05:03:56Z,auth,/v1/login,POST,200,96
req-006964,2026-03-03T18:31:35Z,auth,/v1/login,POST,200,89
req-001765,2026-03-01T17:56:57Z,checkout,/v1/pay,POST,201,235
req-004208,2026-03-02T16:41:18Z,auth,/v1/login,POST,201,64
req-000517,2026-03-01T05:48:37Z,checkout,/v1/pay,POST,201,277
req-007179,2026-03-03T20:29:04Z,catalog,/v1/items,GET,200,50
req-003785,2026-03-02T12:14:36Z,auth,/v1/login,POST,200,30
req-005734,2026-03-03T06:26:57Z,catalog,/v1/items,GET,200,57
req-000423,2026-03-01T04:26:24Z,checkout,/v1/pay,POST,200,199
req-006746,2026-03-03T16:31:08Z,auth,/v1/login,POST,200,66
req-003856,2026-03-02T13:12:32Z,checkout,/v1/pay,POST,200,239
req-007507,2026-03-03T23:49:37Z,catalog,/v1/items,GET,201,60
req-003275,2026-03-02T07:01:37Z,catalog,/v1/items,GET,201,78
req-000133,2026-03-01T01:15:29Z,auth,/v1/login,POST,204,109
req-000354,2026-03-01T03:34:31Z,auth,/v1/login,POST,200,88
req-000691,2026-03-01T06:51:33Z,catalog,/v1/items,GET,204,80
req-000388,2026-03-01T03:08:40Z,catalog,/v1/items,GET,200,61
req-003390,2026-03-02T08:17:31Z,catalog,/v1/items,GET,204,151
req-005039,2026-03-03T00:36:06Z,auth,/v1/login,POST,204,98
req-004017,2026-03-02T14:55:06Z,catalog,/v1/items,GET,200,61
req-006984,2026-03-03T18:27:39Z,catalog,/v1/items,GET,200,50
req-005739,2026-03-03T06:09:03Z,catalog,/v1/items,GET,204,68
req-003666,2026-03-02T11:20:20Z,search,/v1/query,GET,201,415
req-001174,2026-03-01T11:56:19Z,catalog,/v1/items,GET,201,59
req-005224,2026-03-03T02:21:32Z,checkout,/v1/pay,POST,204,241
req-004953,2026-03-02T23:10:05Z,auth,/v1/login,POST,204,68
req-006173,2026-03-03T10:34:28Z,auth,/v1/session,GET,201,47
req-005191,2026-03-03T01:52:27Z,catalog,/v1/items,GET,201,83
req-001918,2026-03-01T18:33:30Z,auth,/v1/login,POST,200,81
req-007292,2026-03-03T21:12:33Z,catalog,/v1/items,GET,204,49
req-004628,2026-03-02T20:53:01Z,auth,/v1/login,POST,200,57
req-000468,2026-03-01T04:47:05Z,catalog,/v1/items,GET,201,45
req-003760,2026-03-02T12:56:16Z,checkout,/v1/pay,POST,200,535
req-003376,2026-03-02T08:49:15Z,auth,/v1/login,POST,200,47
req-002167,2026-03-01T20:30:04Z,catalog,/v1/items,PUT,200,82
req-004334,2026-03-02T17:06:38Z,catalog,/v1/items,GET,200,72
req-000831,2026-03-01T08:40:23Z,billing,/v1/invoices,GET,204,444
req-003768,2026-03-02T12:37:20Z,billing,/v1/invoices,GET,201,307
req-006035,2026-03-03T09:35:58Z,catalog,/v1/items,GET,200,56
req-006770,2026-03-03T16:42:53Z,catalog,/v1/items,GET,201,50
req-002036,2026-03-01T19:35:18Z,catalog,/v1/items,GET,201,65
req-000278,2026-03-01T02:24:55Z,catalog,/v1/items,GET,200,81
req-001554,2026-03-01T15:06:40Z,checkout,/v1/pay,POST,200,242
req-000636,2026-03-01T06:39:04Z,billing,/v1/invoices,GET,200,350
req-003737,2026-03-02T11:22:40Z,catalog,/v1/items,PUT,204,48
req-000749,2026-03-01T07:49:06Z,auth,/v1/login,POST,201,125
req-000581,2026-03-01T05:44:54Z,catalog,/v1/items,GET,200,67
req-000327,2026-03-01T03:30:02Z,billing,/v1/invoices,GET,200,515
req-002181,2026-03-01T21:45:38Z,checkout,/v1/pay,POST,200,263
req-004296,2026-03-02T17:15:35Z,auth,/v1/login,POST,200,78
req-001260,2026-03-01T12:09:56Z,auth,/v1/login,POST,200,74
req-004653,2026-03-02T20:14:58Z,catalog,/v1/items,GET,200,135
req-003176,2026-03-02T06:04:19Z,catalog,/v1/items,GET,200,32
req-006247,2026-03-03T11:02:32Z,catalog,/v1/items,GET,201,46
req-004347,2026-03-02T17:21:25Z,catalog,/v1/items,GET,200,88
req-002688,2026-03-02T01:45:03Z,search,/v1/cache,DELETE,200,16
req-004040,2026-03-02T14:36:28Z,catalog,/v1/items,GET,200,55
req-003502,2026-03-02T09:17:14Z,catalog,/v1/items,GET,200,60
req-001732,2026-03-01T16:56:26Z,catalog,/v1/items,GET,204,48
req-007033,2026-03-03T19:25:57Z,checkout,/v1/pay,POST,204,174
req-004558,2026-03-02T19:28:54Z,catalog,/v1/items,GET,200,50
req-007124,2026-03-03T19:06:54Z,search,/v1/cache,DELETE,201,50
req-001292,2026-03-01T12:32:45Z,catalog,/v1/items,GET,200,33
req-004559,2026-03-02T19:47:02Z,catalog,/v1/items,GET,204,44
req-004565,2026-03-02T19:51:16Z,catalog,/v1/items,GET,204,66
req-002242,2026-03-01T21:03:16Z,catalog,/v1/items,GET,201,31
req-003338,2026-03-02T08:12:43Z,billing,/v1/invoices,GET,201,336
req-007433,2026-03-03T22:17:42Z,auth,/v1/session,GET,204,44
req-002364,2026-03-01T22:17:58Z,catalog,/v1/items,GET,200,43
req-006266,2026-03-03T11:03:50Z,catalog,/v1/items,GET,200,70
req-000165,2026-03-01T01:56:34Z,catalog,/v1/items,GET,204,60
req-001813,2026-03-01T17:31:44Z,catalog,/v1/items,GET,204,43
req-000626,2026-03-01T06:52:48Z,checkout,/v1/pay,POST,403,282
req-005778,2026-03-03T07:18:05Z,billing,/v1/invoices,GET,200,322
req-005222,2026-03-03T02:45:18Z,checkout,/v1/pay,POST,503,483
req-006370,2026-03-03T12:45:07Z,catalog,/v1/items,GET,200,72
req-005209,2026-03-03T02:19:33Z,checkout,/v1/pay,POST,200,305
req-005896,2026-03-03T08:02:59Z,auth,/v1/login,POST,401,163
req-007519,2026-03-03T23:32:52Z,catalog,/v1/items,GET,200,60
req-000456,2026-03-01T04:57:36Z,auth,/v1/login,POST,204,200
req-003707,2026-03-02T11:24:10Z,catalog,/v1/items,GET,204,45
req-002875,2026-03-02T03:17:22Z,catalog,/v1/items,GET,200,55
req-004854,2026-03-02T22:57:18Z,auth,/v1/login,POST,204,55
req-000605,2026-03-01T05:38:58Z,catalog,/v1/items,PUT,201,114
req-005509,2026-03-03T04:54:16Z,catalog,/v1/items,GET,200,62
req-001561,2026-03-01T15:08:40Z,checkout,/v1/pay,POST,201,151
req-003160,2026-03-02T06:53:22Z,catalog,/v1/items,GET,200,73
req-003016,2026-03-02T05:39:25Z,billing,/v1/invoices,GET,201,244
req-001204,2026-03-01T11:26:43Z,catalog,/v1/items,GET,200,57
req-000070,2026-03-01T00:52:48Z,catalog,/v1/items,GET,200,101
req-000167,2026-03-01T01:17:02Z,catalog,/v1/items,GET,201,36
req-000865,2026-03-01T08:49:42Z,auth,/v1/login,POST,200,83
req-005071,2026-03-03T00:24:56Z,catalog,/v1/items,GET,200,58
req-005758,2026-03-03T07:16:42Z,checkout,/v1/pay,POST,204,253
req-007072,2026-03-03T19:17:40Z,auth,/v1/login,POST,200,67
req-006216,2026-03-03T11:37:31Z,auth,/v1/login,POST,201,71
req-003803,2026-03-02T12:42:18Z,auth,/v1/login,POST,201,61
req-001265,2026-03-01T12:56:41Z,auth,/v1/login,POST,204,71
req-000582,2026-03-01T05:44:46Z,catalog,/v1/items,GET,200,74
req-003952,2026-03-02T13:03:17Z,auth,/v1/session,GET,201,31
req-005549,2026-03-03T05:48:06Z,checkout,/v1/pay,POST,204,221
req-002322,2026-03-01T22:32:10Z,auth,/v1/login,POST,204,95
req-001301,2026-03-01T12:24:21Z,catalog,/v1/items,GET,201,122
req-007018,2026-03-03T18:27:53Z,search,/v1/cache,DELETE,201,65
req-000881,2026-03-01T08:11:42Z,catalog,/v1/items,GET,204,79
req-000888,2026-03-01T08:37:00Z,catalog,/v1/items,GET,200,89
req-004607,2026-03-02T20:59:15Z,billing,/v1/invoices,GET,200,250
req-002143,2026-03-01T20:05:11Z,catalog,/v1/items,GET,200,83
req-006790,2026-03-03T16:09:31Z,catalog,/v1/items,GET,200,53
req-006884,2026-03-03T17:57:29Z,catalog,/v1/items,GET,200,72
req-003311,2026-03-02T07:37:03Z,auth,/v1/session,GET,200,27
req-004451,2026-03-02T18:56:33Z,catalog,/v1/items,GET,200,51
req-006758,2026-03-03T16:41:23Z,auth,/v1/login,POST,200,80
req-004342,2026-03-02T17:17:49Z,catalog,/v1/items,GET,201,70
req-006093,2026-03-03T10:48:58Z,billing,/v1/invoices,GET,200,470
req-000877,2026-03-01T08:18:49Z,catalog,/v1/items,GET,204,63
req-006113,2026-03-03T10:26:06Z,auth,/v1/login,POST,204,98
req-000465,2026-03-01T04:54:47Z,catalog,/v1/items,GET,204,60
req-006255,2026-03-03T11:15:00Z,catalog,/v1/items,GET,200,66
req-002601,2026-03-02T01:16:14Z,checkout,/v1/pay,POST,503,175
req-006677,2026-03-03T15:09:22Z,catalog,/v1/items,GET,204,50
req-003943,2026-03-02T13:28:43Z,catalog,/v1/items,GET,204,44
req-006323,2026-03-03T12:56:42Z,auth,/v1/login,POST,204,70
req-004281,2026-03-02T17:12:35Z,billing,/v1/invoices,GET,204,362
req-006238,2026-03-03T11:55:27Z,catalog,/v1/items,GET,204,44
req-007198,2026-03-03T20:53:02Z,catalog,/v1/items,GET,200,67
req-002686,2026-03-02T01:10:27Z,search,/v1/cache,DELETE,204,44
req-004326,2026-03-02T17:47:13Z,catalog,/v1/items,GET,200,78
req-007458,2026-03-03T23:59:35Z,billing,/v1/invoices,GET,201,2020
req-002096,2026-03-01T20:16:58Z,billing,/v1/invoices,GET,200,534
req-006697,2026-03-03T15:00:10Z,catalog,/v1/items,PUT,200,115
req-003307,2026-03-02T07:08:52Z,catalog,/v1/items,PUT,201,112
req-002676,2026-03-02T01:03:10Z,catalog,/v1/items,PUT,400,116
req-005092,2026-03-03T00:26:22Z,catalog,/v1/items,PUT,204,79
req-001373,2026-03-01T13:00:19Z,auth,/v1/login,POST,201,71
req-004344,2026-03-02T17:03:42Z,catalog,/v1/items,GET,200,31
req-003151,2026-03-02T06:40:41Z,auth,/v1/login,POST,200,64
req-001745,2026-03-01T16:21:03Z,auth,/v1/session,GET,204,44
req-006452,2026-03-03T13:51:34Z,catalog,/v1/items,GET,200,75
req-000474,2026-03-01T04:53:54Z,catalog,/v1/items,GET,200,56
req-001328,2026-03-01T13:53:50Z,checkout,/v1/pay,POST,200,187
req-005036,2026-03-03T00:34:05Z,auth,/v1/login,POST,201,72
req-002863,2026-03-02T03:24:06Z,catalog,/v1/items,GET,200,64
req-006380,2026-03-03T12:20:30Z,auth,/v1/session,GET,201,52
req-002130,2026-03-01T20:39:57Z,auth,/v1/login,POST,200,77
req-003958,2026-03-02T13:41:45Z,search,/v1/cache,DELETE,201,38
req-003678,2026-03-02T11:54:58Z,auth,/v1/login,POST,201,83
req-003057,2026-03-02T05:31:20Z,catalog,/v1/items,GET,204,63
req-003673,2026-03-02T11:46:04Z,auth,/v1/login,POST,201,92
req-005197,2026-03-03T01:16:15Z,catalog,/v1/items,PUT,404,75
req-005050,2026-03-03T00:53:23Z,auth,/v1/login,POST,201,79
req-005793,2026-03-03T07:38:40Z,auth,/v1/login,POST,200,89
req-002137,2026-03-01T20:12:31Z,catalog,/v1/items,GET,201,69
req-006351,2026-03-03T12:00:18Z,catalog,/v1/items,GET,200,58
req-001839,2026-03-01T17:29:16Z,catalog,/v1/items,GET,200,48
req-006134,2026-03-03T10:13:37Z,catalog,/v1/items,GET,200,43
req-002886,2026-03-02T03:08:57Z,catalog,/v1/items,PUT,201,88
req-006348,2026-03-03T12:21:34Z,catalog,/v1/items,GET,200,139
req-004320,2026-03-02T17:44:03Z,catalog,/v1/items,GET,204,55
req-002773,2026-03-02T02:09:46Z,catalog,/v1/items,GET,200,47
req-001974,2026-03-01T19:24:51Z,checkout,/v1/pay,POST,200,318
req-006679,2026-03-03T15:17:41Z,catalog,/v1/items,GET,200,71
req-004352,2026-03-02T17:26:25Z,catalog,/v1/items,GET,204,58
req-007281,2026-03-03T21:45:59Z,auth,/v1/login,POST,200,89
req-004490,2026-03-02T19:58:39Z,checkout,/v1/pay,POST,200,263
req-006940,2026-03-03T18:35:42Z,billing,/v1/invoices,GET,200,426
req-004299,2026-03-02T17:26:30Z,auth,/v1/login,POST,204,85
req-000499,2026-03-01T04:36:25Z,auth,/v1/session,GET,204,90
req-005231,2026-03-03T02:08:12Z,billing,/v1/invoices,GET,201,325
req-001751,2026-03-01T17:34:51Z,checkout,/v1/pay,POST,200,248
req-006407,2026-03-03T13:11:18Z,checkout,/v1/pay,POST,500,171
req-000188,2026-03-01T01:35:23Z,catalog,/v1/items,GET,200,82
req-007158,2026-03-03T20:45:33Z,search,/v1/query,GET,201,286
req-006804,2026-03-03T16:43:10Z,search,/v1/cache,DELETE,204,59
req-000040,2026-03-01T00:56:36Z,auth,/v1/login,POST,204,90
req-002090,2026-03-01T20:34:20Z,checkout,/v1/pay,POST,201,195
req-005525,2026-03-03T04:07:01Z,catalog,/v1/items,PUT,200,85
req-002294,2026-03-01T22:20:22Z,checkout,/v1/pay,POST,200,138
req-002605,2026-03-02T01:29:06Z,checkout,/v1/pay,POST,200,265
req-005489,2026-03-03T04:06:15Z,catalog,/v1/items,GET,200,60
req-005878,2026-03-03T08:44:28Z,billing,/v1/invoices,GET,201,330
req-001517,2026-03-01T14:32:51Z,catalog,/v1/items,GET,201,49
req-004709,2026-03-02T21:50:36Z,checkout,/v1/pay,POST,200,237
req-004638,2026-03-02T20:16:01Z,auth,/v1/login,POST,200,86
req-001922,2026-03-01T18:06:21Z,catalog,/v1/items,GET,204,54
req-002812,2026-03-02T03:53:04Z,search,/v1/query,GET,200,491
req-006948,2026-03-03T18:57:41Z,search,/v1/query,GET,200,308
req-002851,2026-03-02T03:46:49Z,catalog,/v1/items,GET,200,76
req-001007,2026-03-01T09:31:02Z,catalog,/v1/items,PUT,204,66
req-000381,2026-03-01T03:38:39Z,catalog,/v1/items,GET,200,155
req-003508,2026-03-02T09:00:12Z,catalog,/v1/items,GET,200,98
req-000890,2026-03-01T08:18:55Z,catalog,/v1/items,GET,204,53
req-007426,2026-03-03T22:04:28Z,catalog,/v1/items,PUT,200,104
req-006752,2026-03-03T16:41:28Z,auth,/v1/login,POST,204,89
req-003980,2026-03-02T14:59:07Z,billing,/v1/invoices,GET,201,1495
req-006051,2026-03-03T09:20:17Z,catalog,/v1/items,GET,204,75
req-002377,2026-03-01T22:21:41Z,catalog,/v1/items,GET,200,61
req-001549,2026-03-01T15:22:53Z,checkout,/v1/pay,POST,200,235
req-000328,2026-03-01T03:26:23Z,billing,/v1/invoices,GET,201,361
req-003262,2026-03-02T07:50:56Z,auth,/v1/login,POST,201,105
req-000681,2026-03-01T06:13:44Z,catalog,/v1/items,GET,200,58
req-003951,2026-03-02T13:46:32Z,catalog,/v1/items,PUT,200,84
req-001880,2026-03-01T18:17:17Z,checkout,/v1/pay,POST,200,233
req-002227,2026-03-01T21:46:53Z,auth,/v1/login,POST,201,85
req-003076,2026-03-02T05:04:39Z,catalog,/v1/items,GET,201,36
req-000431,2026-03-01T04:23:16Z,billing,/v1/invoices,GET,200,1636
req-004362,2026-03-02T17:45:09Z,auth,/v1/session,GET,204,41
req-007591,2026-03-01T21:36:00Z,billing,/v1/refund,POST,200,900
req-002368,2026-03-01T22:46:37Z,catalog,/v1/items,GET,201,134
req-003001,2026-03-02T05:40:43Z,checkout,/v1/pay,POST,200,111
req-001207,2026-03-01T11:32:24Z,catalog,/v1/items,PUT,200,68
req-006944,2026-03-03T18:16:44Z,search,/v1/query,GET,204,368
req-003497,2026-03-02T09:10:01Z,catalog,/v1/items,GET,204,77
req-007233,2026-03-03T21:13:45Z,checkout,/v1/pay,POST,200,198
req-000355,2026-03-01T03:53:54Z,auth,/v1/login,POST,200,47
req-005078,2026-03-03T00:17:11Z,catalog,/v1/items,GET,200,56
req-006931,2026-03-03T18:27:47Z,checkout,/v1/pay,POST,200,329
req-001170,2026-03-01T11:45:51Z,catalog,/v1/items,GET,200,77
req-001361,2026-03-01T13:47:39Z,auth,/v1/login,POST,201,107
req-007011,2026-03-03T18:25:31Z,auth,/v1/session,GET,201,41
req-006781,2026-03-03T16:04:17Z,catalog,/v1/items,GET,204,41
req-002274,2026-03-01T21:13:38Z,auth,/v1/session,GET,200,43
req-000098,2026-03-01T00:20:54Z,search,/v1/cache,DELETE,200,35
req-003607,2026-03-02T10:51:26Z,catalog,/v1/items,GET,201,137
req-002492,2026-03-01T23:58:13Z,auth,/v1/session,GET,200,26
req-004816,2026-03-02T22:56:19Z,billing,/v1/invoices,GET,200,421
req-000606,2026-03-01T05:08:08Z,catalog,/v1/items,PUT,204,85
req-004796,2026-03-02T21:00:18Z,auth,/v1/session,GET,302,27
req-003948,2026-03-02T13:36:59Z,catalog,/v1/items,PUT,400,80
req-003354,2026-03-02T08:44:18Z,auth,/v1/login,POST,200,21
req-001372,2026-03-01T13:07:36Z,auth,/v1/login,POST,201,72
req-006219,2026-03-03T11:39:28Z,auth,/v1/login,POST,204,69
req-005760,2026-03-03T07:56:31Z,checkout,/v1/pay,POST,200,231
req-005900,2026-03-03T08:16:32Z,auth,/v1/login,POST,200,85
req-003475,2026-03-02T09:16:57Z,auth,/v1/login,POST,201,42
req-005582,2026-03-03T05:31:19Z,auth,/v1/login,POST,204,104
req-002095,2026-03-01T20:12:49Z,billing,/v1/invoices,GET,204,1963
req-004947,2026-03-02T23:25:16Z,auth,/v1/login,POST,200,119
req-003613,2026-03-02T10:28:36Z,catalog,/v1/items,GET,200,73
req-006460,2026-03-03T13:34:06Z,catalog,/v1/items,GET,201,70
req-001299,2026-03-01T12:07:23Z,catalog,/v1/items,GET,200,73
req-002312,2026-03-01T22:29:41Z,search,/v1/query,GET,204,407
req-002909,2026-03-02T04:39:18Z,checkout,/v1/pay,POST,200,243
req-005293,2026-03-03T02:11:14Z,catalog,/v1/items,GET,201,83
req-002772,2026-03-02T02:17:28Z,catalog,/v1/items,GET,200,49
req-003153,2026-03-02T06:06:54Z,catalog,/v1/items,GET,200,52
req-001691,2026-03-01T16:35:08Z,auth,/v1/login,POST,204,71
req-005121,2026-03-03T01:45:08Z,billing,/v1/invoices,GET,200,543
req-006314,2026-03-03T12:53:46Z,search,/v1/query,GET,204,452
req-003036,2026-03-02T05:08:02Z,auth,/v1/login,POST,201,104
req-005603,2026-03-03T05:06:58Z,auth,/v1/login,POST,200,67
req-000756,2026-03-01T07:50:06Z,auth,/v1/login,POST,204,55
req-003544,2026-03-02T10:36:31Z,checkout,/v1/pay,POST,204,294
req-006131,2026-03-03T10:15:47Z,catalog,/v1/items,GET,201,135
req-001824,2026-03-01T17:54:12Z,catalog,/v1/items,GET,200,67
req-007202,2026-03-03T20:43:09Z,catalog,/v1/items,GET,200,69
req-004050,2026-03-02T14:15:10Z,catalog,/v1/items,PUT,204,88
req-007575,2026-03-01T20:32:00Z,billing,/v1/refund,POST,200,204
req-002758,2026-03-02T02:27:31Z,catalog,/v1/items,GET,201,86
req-003223,2026-03-02T07:31:07Z,checkout,/v1/pay,POST,200,201
req-006215,2026-03-03T11:48:26Z,auth,/v1/login,POST,204,66
req-002671,2026-03-02T01:59:13Z,catalog,/v1/items,GET,200,59
req-001309,2026-03-01T12:15:12Z,catalog,/v1/items,GET,200,53
req-004717,2026-03-02T21:14:05Z,billing,/v1/invoices,GET,201,418
req-005638,2026-03-03T05:30:39Z,catalog,/v1/items,PUT,204,79
req-005034,2026-03-03T00:50:54Z,auth,/v1/login,POST,200,84
req-005616,2026-03-03T05:46:53Z,catalog,/v1/items,GET,200,81
req-001429,2026-03-01T13:58:43Z,auth,/v1/session,GET,200,43
req-004563,2026-03-02T19:51:12Z,catalog,/v1/items,GET,201,64
req-002416,2026-03-01T23:45:07Z,search,/v1/query,GET,400,312
req-003723,2026-03-02T11:02:19Z,catalog,/v1/items,GET,200,48
req-003143,2026-03-02T06:36:03Z,auth,/v1/login,POST,200,68
req-000304,2026-03-01T02:21:45Z,catalog,/v1/items,PUT,200,207
req-002974,2026-03-02T04:35:29Z,catalog,/v1/items,GET,204,84
req-005769,2026-03-03T07:47:28Z,checkout,/v1/pay,POST,200,188
req-004829,2026-03-02T22:11:42Z,search,/v1/query,GET,200,357
req-001905,2026-03-01T18:34:45Z,auth,/v1/login,POST,200,50
req-007525,2026-03-03T23:16:06Z,catalog,/v1/items,GET,200,65
req-006412,2026-03-03T13:49:52Z,billing,/v1/invoices,GET,200,472
req-005854,2026-03-03T07:57:19Z,auth,/v1/session,GET,201,28
req-005450,2026-03-03T04:48:38Z,billing,/v1/invoices,GET,204,433
req-000709,2026-03-01T06:33:51Z,search,/v1/cache,DELETE,200,35
req-006987,2026-03-03T18:50:13Z,catalog,/v1/items,GET,204,49
req-006455,2026-03-03T13:56:50Z,catalog,/v1/items,GET,201,61
req-004271,2026-03-02T17:47:24Z,checkout,/v1/pay,POST,204,198
req-001142,2026-03-01T11:19:49Z,search,/v1/query,GET,200,480
req-005388,2026-03-03T03:37:12Z,catalog,/v1/items,GET,200,78
req-007552,2026-03-01T10:00:00Z,checkout,/v1/cart,GET,500,150
req-006878,2026-03-03T17:16:49Z,catalog,/v1/items,GET,200,49
req-001099,2026-03-01T10:13:12Z,catalog,/v1/items,GET,200,60
req-003888,2026-03-02T13:48:13Z,auth,/v1/login,POST,200,85
req-001587,2026-03-01T15:56:51Z,auth,/v1/login,POST,201,46
req-005373,2026-03-03T03:31:53Z,auth,/v1/login,POST,200,82
req-005215,2026-03-03T02:08:37Z,checkout,/v1/pay,POST,204,237
req-001303,2026-03-01T12:15:45Z,catalog,/v1/items,GET,200,67
req-004391,2026-03-02T18:44:53Z,billing,/v1/invoices,GET,200,495
req-006600,2026-03-03T14:11:20Z,auth,/v1/session,GET,204,48
req-005786,2026-03-03T07:49:17Z,search,/v1/query,GET,200,271
req-000878,2026-03-01T08:52:45Z,catalog,/v1/items,GET,200,45
req-001445,2026-03-01T14:12:30Z,checkout,/v1/pay,POST,204,321
req-000389,2026-03-01T03:38:30Z,catalog,/v1/items,GET,201,54
req-001859,2026-03-01T17:02:16Z,auth,/v1/session,GET,200,52
req-003182,2026-03-02T06:32:49Z,catalog,/v1/items,GET,204,46
req-000611,2026-03-01T05:33:06Z,auth,/v1/session,GET,301,25
req-004120,2026-03-02T15:04:19Z,catalog,/v1/items,GET,201,38
req-005907,2026-03-03T08:06:08Z,auth,/v1/login,POST,201,64
req-002208,2026-03-01T21:19:49Z,search,/v1/query,GET,500,343
req-004480,2026-03-02T18:48:45Z,auth,/v1/session,GET,301,30
req-000747,2026-03-01T07:57:53Z,auth,/v1/login,POST,200,81
req-003695,2026-03-02T11:41:58Z,catalog,/v1/items,GET,204,48
req-002213,2026-03-01T21:26:11Z,auth,/v1/login,POST,200,119
req-004495,2026-03-02T19:00:02Z,checkout,/v1/pay,POST,204,414
req-001940,2026-03-01T18:50:26Z,catalog,/v1/items,GET,200,67
req-006245,2026-03-03T11:13:37Z,catalog,/v1/items,GET,201,66
req-005406,2026-03-03T03:53:13Z,catalog,/v1/items,GET,200,82
req-006079,2026-03-03T10:05:08Z,checkout,/v1/pay,POST,204,192
req-003863,2026-03-02T13:59:27Z,checkout,/v1/pay,POST,200,216
req-007166,2026-03-03T20:51:20Z,auth,/v1/login,POST,200,78
req-004403,2026-03-02T18:01:35Z,search,/v1/query,GET,200,270
req-003367,2026-03-02T08:56:28Z,auth,/v1/login,POST,200,70
req-003162,2026-03-02T06:33:54Z,catalog,/v1/items,GET,204,47
req-001767,2026-03-01T17:25:45Z,checkout,/v1/pay,POST,504,176
req-000159,2026-03-01T01:51:07Z,catalog,/v1/items,GET,200,89
req-000276,2026-03-01T02:55:22Z,catalog,/v1/items,GET,200,68
req-004876,2026-03-02T22:18:37Z,catalog,/v1/items,GET,200,64
req-000755,2026-03-01T07:21:59Z,auth,/v1/login,POST,200,60
req-003014,2026-03-02T05:29:26Z,billing,/v1/invoices,GET,200,454
req-006700,2026-03-03T15:56:20Z,auth,/v1/session,GET,204,43
req-002782,2026-03-02T02:18:41Z,auth,/v1/session,GET,201,46
req-001128,2026-03-01T11:39:11Z,checkout,/v1/pay,POST,200,301
req-003187,2026-03-02T06:58:55Z,catalog,/v1/items,GET,200,54
req-000798,2026-03-01T07:47:34Z,catalog,/v1/items,PUT,200,93
req-001821,2026-03-01T17:34:51Z,catalog,/v1/items,GET,204,38
req-001036,2026-03-01T10:57:53Z,billing,/v1/invoices,GET,200,461
req-000960,2026-03-01T09:08:29Z,auth,/v1/login,POST,200,85
req-000485,2026-03-01T04:36:32Z,catalog,/v1/items,GET,200,46
req-003194,2026-03-02T06:29:36Z,catalog,/v1/items,PUT,204,99
req-006664,2026-03-03T15:28:12Z,catalog,/v1/items,GET,200,72
req-007064,2026-03-03T19:17:26Z,auth,/v1/login,POST,200,64
req-007534,2026-03-03T23:31:16Z,catalog,/v1/items,GET,200,10
req-005303,2026-03-03T02:37:18Z,catalog,/v1/items,GET,204,30
req-006499,2026-03-03T13:28:20Z,auth,/v1/session,GET,302,53
req-002262,2026-03-01T21:50:32Z,catalog,/v1/items,GET,200,42
req-003051,2026-03-02T05:05:57Z,auth,/v1/login,POST,204,78
req-005995,2026-03-03T09:02:54Z,search,/v1/query,GET,200,394
req-000396,2026-03-01T03:19:21Z,catalog,/v1/items,PUT,201,85
req-004382,2026-03-02T18:24:58Z,checkout,/v1/pay,POST,200,243
req-000874,2026-03-01T08:19:43Z,catalog,/v1/items,GET,201,64
req-000462,2026-03-01T04:12:18Z,auth,/v1/login,POST,204,79
req-002936,2026-03-02T04:29:11Z,auth,/v1/login,POST,200,76
req-003324,2026-03-02T08:39:47Z,checkout,/v1/pay,POST,200,291
req-006277,2026-03-03T11:45:26Z,catalog,/v1/items,PUT,204,204
req-006343,2026-03-03T12:54:43Z,catalog,/v1/items,GET,200,73
req-002924,2026-03-02T04:35:56Z,search,/v1/query,GET,201,363
req-004721,2026-03-02T21:45:22Z,billing,/v1/invoices,GET,201,639
req-004152,2026-03-02T15:38:44Z,catalog,/v1/items,PUT,200,82
req-004039,2026-03-02T14:57:24Z,catalog,/v1/items,GET,200,35
req-003798,2026-03-02T12:13:35Z,auth,/v1/login,POST,201,93
req-004633,2026-03-02T20:58:06Z,auth,/v1/login,POST,200,77
req-000738,2026-03-01T07:12:26Z,search,/v1/query,GET,200,352
req-006554,2026-03-03T14:42:56Z,auth,/v1/login,POST,201,78
req-005839,2026-03-03T07:48:41Z,catalog,/v1/items,GET,200,77
req-006450,2026-03-03T13:12:16Z,auth,/v1/login,POST,201,89
req-007066,2026-03-03T19:37:29Z,auth,/v1/login,POST,200,61
req-002914,2026-03-02T04:54:08Z,billing,/v1/invoices,GET,200,327
req-000632,2026-03-01T06:34:53Z,billing,/v1/invoices,GET,201,400
req-006563,2026-03-03T14:38:49Z,auth,/v1/login,POST,200,103
req-005461,2026-03-03T04:49:15Z,search,/v1/query,GET,204,252
req-003145,2026-03-02T06:56:44Z,auth,/v1/login,POST,200,90
req-003610,2026-03-02T10:23:12Z,catalog,/v1/items,GET,200,55
req-000306,2026-03-01T02:48:18Z,auth,/v1/session,GET,200,41
req-005973,2026-03-03T09:43:02Z,checkout,/v1/pay,POST,200,188
req-002949,2026-03-02T04:18:03Z,catalog,/v1/items,GET,204,83
req-005390,2026-03-03T03:02:09Z,catalog,/v1/items,GET,200,21
req-006760,2026-03-03T16:08:37Z,auth,/v1/login,POST,200,83
req-005512,2026-03-03T04:28:36Z,catalog,/v1/items,GET,200,65
req-007271,2026-03-03T21:10:18Z,auth,/v1/login,POST,200,80
req-001468,2026-03-01T14:13:34Z,search,/v1/query,GET,503,438
req-006194,2026-03-03T11:08:47Z,checkout,/v1/pay,POST,200,182
req-004661,2026-03-02T20:08:08Z,catalog,/v1/items,GET,200,137
req-006745,2026-03-03T16:12:05Z,auth,/v1/login,POST,200,80
req-002485,2026-03-01T23:40:24Z,catalog,/v1/items,PUT,200,94
req-006663,2026-03-03T15:20:31Z,catalog,/v1/items,GET,200,51
req-007162,2026-03-03T20:12:56Z,auth,/v1/login,POST,200,82
req-006293,2026-03-03T12:18:22Z,checkout,/v1/pay,POST,200,262
req-003537,2026-03-02T10:39:11Z,checkout,/v1/pay,POST,200,234
req-007346,2026-03-03T22:01:51Z,checkout,/v1/pay,POST,200,205
req-004422,2026-03-02T18:05:22Z,auth,/v1/login,POST,200,89
req-004062,2026-03-02T15:15:42Z,checkout,/v1/pay,POST,200,244
req-002997,2026-03-02T05:25:02Z,checkout,/v1/pay,POST,200,204
req-001369,2026-03-01T13:59:36Z,auth,/v1/login,POST,200,73
req-000685,2026-03-01T06:08:54Z,catalog,/v1/items,GET,200,45
req-001109,2026-03-01T10:33:27Z,catalog,/v1/items,PUT,200,29
req-000974,2026-03-01T09:21:47Z,catalog,/v1/items,GET,200,70
req-003981,2026-03-02T14:22:49Z,search,/v1/query,GET,201,452
req-005987,2026-03-03T09:10:15Z,billing,/v1/invoices,GET,200,378
req-004693,2026-03-02T20:12:17Z,auth,/v1/session,GET,200,48
req-001959,2026-03-01T18:51:32Z,catalog,/v1/items,PUT,404,127
req-004119,2026-03-02T15:46:08Z,catalog,/v1/items,GET,200,55
req-003934,2026-03-02T13:22:31Z,catalog,/v1/items,GET,200,68
req-002085,2026-03-01T20:59:27Z,checkout,/v1/pay,POST,200,190
req-007581,2026-03-01T20:56:00Z,billing,/v1/refund,POST,200,222
req-001399,2026-03-01T13:35:28Z,catalog,/v1/items,GET,200,54
req-005151,2026-03-03T01:54:48Z,auth,/v1/login,POST,201,102
req-005555,2026-03-03T05:18:06Z,checkout,/v1/pay,POST,201,288
req-007005,2026-03-03T18:10:41Z,catalog,/v1/items,PUT,200,82
req-001863,2026-03-01T17:47:40Z,auth,/v1/session,GET,201,43
req-006347,2026-03-03T12:23:40Z,catalog,/v1/items,GET,200,88
req-001096,2026-03-01T10:40:14Z,catalog,/v1/items,GET,200,62
req-001815,2026-03-01T17:39:35Z,catalog,/v1/items,GET,200,72
req-001579,2026-03-01T15:37:19Z,search,/v1/query,GET,201,456
req-005866,2026-03-03T08:08:19Z,checkout,/v1/pay,POST,201,201
req-000915,2026-03-01T09:29:49Z,checkout,/v1/pay,POST,204,292
req-001843,2026-03-01T17:28:51Z,catalog,/v1/items,GET,201,52
req-007410,2026-03-03T22:33:25Z,catalog,/v1/items,GET,201,69
req-000664,2026-03-01T06:32:56Z,auth,/v1/login,POST,200,83
req-000201,2026-03-01T01:45:40Z,auth,/v1/session,GET,301,34
req-000262,2026-03-01T02:12:50Z,auth,/v1/login,POST,200,79
req-005595,2026-03-03T05:19:21Z,auth,/v1/login,POST,200,104
req-002270,2026-03-01T21:36:12Z,catalog,/v1/items,PUT,200,62
req-001216,2026-03-01T11:32:51Z,auth,/v1/session,GET,200,55
req-002385,2026-03-01T22:04:10Z,auth,/v1/session,GET,301,35
req-001518,2026-03-01T14:55:54Z,catalog,/v1/items,GET,201,33
req-001768,2026-03-01T17:55:31Z,checkout,/v1/pay,POST,200,104
req-004630,2026-03-02T20:54:29Z,auth,/v1/login,POST,401,75
req-005212,2026-03-03T02:37:51Z,checkout,/v1/pay,POST,200,180
req-005833,2026-03-03T07:47:45Z,catalog,/v1/items,GET,201,77
req-000104,2026-03-01T01:47:35Z,checkout,/v1/pay,POST,200,230
req-001046,2026-03-01T10:42:31Z,search,/v1/query,GET,200,343
req-003644,2026-03-02T11:46:04Z,checkout,/v1/pay,POST,200,197
req-004956,2026-03-02T23:13:53Z,catalog,/v1/items,GET,201,51
req-006481,2026-03-03T13:10:44Z,catalog,/v1/items,GET,201,43
req-003718,2026-03-02T11:50:46Z,catalog,/v1/items,GET,200,59
req-004619,2026-03-02T20:49:47Z,search,/v1/query,GET,200,428
req-002325,2026-03-01T22:56:28Z,auth,/v1/login,POST,204,184
req-006625,2026-03-03T15:37:16Z,billing,/v1/invoices,GET,204,330
req-006344,2026-03-03T12:56:23Z,catalog,/v1/items,GET,204,63
req-006172,2026-03-03T10:22:48Z,auth,/v1/session,GET,204,45
req-001541,2026-03-01T14:44:27Z,auth,/v1/session,GET,201,36
req-002781,2026-03-02T02:05:28Z,auth,/v1/session,GET,200,27
req-002615,2026-03-02T01:47:57Z,search,/v1/query,GET,200,256
req-004819,2026-03-02T22:10:58Z,billing,/v1/invoices,GET,201,589
req-001643,2026-03-01T15:33:28Z,catalog,/v1/items,PUT,200,68
req-001555,2026-03-01T15:49:29Z,checkout,/v1/pay,POST,201,189
req-002091,2026-03-01T20:16:06Z,checkout,/v1/pay,POST,200,325
req-003373,2026-03-02T08:44:08Z,auth,/v1/login,POST,204,57
req-000017,2026-03-01T00:24:24Z,billing,/v1/invoices,GET,200,389
req-001106,2026-03-01T10:47:51Z,catalog,/v1/items,PUT,204,83
req-005081,2026-03-03T00:00:40Z,catalog,/v1/items,GET,200,68
req-005510,2026-03-03T04:22:46Z,catalog,/v1/items,GET,200,86
req-005023,2026-03-03T00:14:19Z,billing,/v1/invoices,GET,200,330
req-007420,2026-03-03T22:27:28Z,catalog,/v1/items,GET,200,127
req-000984,2026-03-01T09:41:01Z,catalog,/v1/items,GET,200,46
req-006675,2026-03-03T15:59:59Z,catalog,/v1/items,GET,204,58
req-001486,2026-03-01T14:31:10Z,auth,/v1/login,POST,200,37
req-002215,2026-03-01T21:17:55Z,auth,/v1/login,POST,200,104
req-000817,2026-03-01T08:54:38Z,checkout,/v1/pay,POST,200,191
req-005426,2026-03-03T03:55:51Z,auth,/v1/session,GET,302,59
req-004324,2026-03-02T17:37:09Z,catalog,/v1/items,GET,201,57
req-000765,2026-03-01T07:33:42Z,auth,/v1/login,POST,200,89
req-007034,2026-03-03T19:50:34Z,checkout,/v1/pay,POST,500,281
req-006626,2026-03-03T15:23:11Z,billing,/v1/invoices,GET,201,357
req-004620,2026-03-02T20:43:47Z,auth,/v1/login,POST,200,79
req-004157,2026-03-02T15:38:15Z,auth,/v1/session,GET,201,51
req-006366,2026-03-03T12:18:05Z,catalog,/v1/items,GET,200,50
req-005820,2026-03-03T07:47:46Z,catalog,/v1/items,GET,200,63
req-004562,2026-03-02T19:31:33Z,catalog,/v1/items,GET,201,78
req-007293,2026-03-03T21:13:21Z,catalog,/v1/items,GET,200,81
req-006358,2026-03-03T12:37:18Z,catalog,/v1/items,GET,200,141
req-003028,2026-03-02T05:36:27Z,auth,/v1/login,POST,200,81
req-007424,2026-03-03T22:20:27Z,catalog,/v1/items,PUT,403,77
req-004321,2026-03-02T17:12:58Z,catalog,/v1/items,GET,403,86
req-006431,2026-03-03T13:37:53Z,auth,/v1/login,POST,200,105
req-001304,2026-03-01T12:10:53Z,catalog,/v1/items,GET,200,59
req-001855,2026-03-01T17:34:04Z,catalog,/v1/items,PUT,204,207
req-003401,2026-03-02T08:52:10Z,catalog,/v1/items,GET,200,66
req-001469,2026-03-01T14:45:56Z,search,/v1/query,GET,201,346
req-004474,2026-03-02T18:19:58Z,catalog,/v1/items,PUT,201,33
req-002920,2026-03-02T04:24:55Z,search,/v1/query,GET,200,420
req-002996,2026-03-02T05:36:15Z,checkout,/v1/pay,POST,204,142
req-003769,2026-03-02T12:33:51Z,search,/v1/query,GET,200,357
req-001550,2026-03-01T15:11:29Z,checkout,/v1/pay,POST,204,178
req-004338,2026-03-02T17:28:27Z,catalog,/v1/items,GET,204,45
req-002798,2026-03-02T03:24:45Z,checkout,/v1/pay,POST,200,176
req-004350,2026-03-02T17:23:22Z,catalog,/v1/items,GET,204,68
req-000006,2026-03-01T00:54:22Z,checkout,/v1/pay,POST,201,272
req-006132,2026-03-03T10:05:41Z,catalog,/v1/items,GET,201,60
req-001305,2026-03-01T12:42:48Z,catalog,/v1/items,GET,201,50
req-003055,2026-03-02T05:23:03Z,catalog,/v1/items,GET,201,63
req-001853,2026-03-01T17:53:29Z,catalog,/v1/items,PUT,200,68
req-001719,2026-03-01T16:45:14Z,catalog,/v1/items,GET,200,57
req-003736,2026-03-02T11:11:19Z,catalog,/v1/items,PUT,200,89
req-004011,2026-03-02T14:29:57Z,auth,/v1/login,POST,201,110
req-004551,2026-03-02T19:33:14Z,catalog,/v1/items,GET,200,48
req-005851,2026-03-03T07:21:26Z,auth,/v1/session,GET,302,42
req-004950,2026-03-02T23:45:11Z,auth,/v1/login,POST,201,53
req-004881,2026-03-02T22:55:40Z,catalog,/v1/items,GET,200,75
req-001923,2026-03-01T18:51:03Z,catalog,/v1/items,GET,200,58
req-001321,2026-03-01T12:23:31Z,auth,/v1/session,GET,301,37
req-001936,2026-03-01T18:43:34Z,catalog,/v1/items,GET,200,64
req-003520,2026-03-02T09:47:18Z,catalog,/v1/items,GET,200,52
req-000426,2026-03-01T04:50:34Z,billing,/v1/invoices,GET,200,204
req-000404,2026-03-01T03:40:20Z,auth,/v1/session,GET,204,33
req-003912,2026-03-02T13:52:30Z,catalog,/v1/items,GET,200,65
req-001774,2026-03-01T17:58:22Z,billing,/v1/invoices,GET,200,459
req-002831,2026-03-02T03:56:58Z,auth,/v1/login,POST,200,105
req-003957,2026-03-02T13:02:09Z,search,/v1/cache,DELETE,200,34
req-004909,2026-03-02T23:22:32Z,checkout,/v1/pay,POST,200,236
req-000564,2026-03-01T05:33:21Z,auth,/v1/login,POST,200,86
req-002438,2026-03-01T23:41:37Z,auth,/v1/login,POST,200,113
req-003642,2026-03-02T10:53:02Z,search,/v1/cache,DELETE,204,53
req-005118,2026-03-03T01:56:47Z,checkout,/v1/pay,POST,201,197
req-001198,2026-03-01T11:05:12Z,catalog,/v1/items,GET,200,35
req-003730,2026-03-02T11:01:58Z,catalog,/v1/items,GET,201,48
req-005678,2026-03-03T06:47:52Z,search,/v1/query,GET,200,509
req-005507,2026-03-03T04:29:37Z,catalog,/v1/items,GET,204,67
req-005551,2026-03-03T05:32:27Z,checkout,/v1/pay,POST,200,257
req-003890,2026-03-02T13:33:24Z,auth,/v1/login,POST,200,71
req-002360,2026-03-01T22:31:29Z,catalog,/v1/items,GET,200,69
req-006183,2026-03-03T11:54:41Z,checkout,/v1/pay,POST,503,198
req-005009,2026-03-03T00:09:26Z,checkout,/v1/pay,POST,201,325
req-002254,2026-03-01T21:32:50Z,catalog,/v1/items,GET,200,90
req-007282,2026-03-03T21:31:26Z,auth,/v1/login,POST,204,78
req-007478,2026-03-03T23:48:12Z,auth,/v1/login,POST,201,41
req-001668,2026-03-01T16:43:30Z,billing,/v1/invoices,GET,200,1654
req-000013,2026-03-01T00:58:36Z,checkout,/v1/pay,POST,201,231
req-002600,2026-03-02T01:35:20Z,checkout,/v1/pay,POST,503,226
req-005119,2026-03-03T01:54:31Z,billing,/v1/invoices,GET,200,95
req-000947,2026-03-01T09:05:00Z,search,/v1/query,GET,500,514
req-005161,2026-03-03T01:24:24Z,catalog,/v1/items,GET,200,57
req-005141,2026-03-03T01:55:01Z,auth,/v1/login,POST,200,67
req-006882,2026-03-03T17:47:01Z,catalog,/v1/items,GET,201,98
req-002060,2026-03-01T19:56:16Z,catalog,/v1/items,GET,201,47
req-006155,2026-03-03T10:20:05Z,catalog,/v1/items,GET,200,51
req-001000,2026-03-01T09:20:38Z,catalog,/v1/items,GET,200,56
req-003616,2026-03-02T10:34:25Z,catalog,/v1/items,GET,200,51
req-001086,2026-03-01T10:55:56Z,catalog,/v1/items,GET,200,61
req-003963,2026-03-02T14:04:37Z,checkout,/v1/pay,POST,200,298
req-006049,2026-03-03T09:52:47Z,catalog,/v1/items,GET,200,50
req-006141,2026-03-03T10:50:38Z,catalog,/v1/items,GET,200,82
req-006047,2026-03-03T09:10:11Z,catalog,/v1/items,GET,200,50
req-001793,2026-03-01T17:47:46Z,auth,/v1/login,POST,200,80
req-004317,2026-03-02T17:05:48Z,auth,/v1/login,POST,200,78
req-002136,2026-03-01T20:32:54Z,catalog,/v1/items,GET,200,53
req-006546,2026-03-03T14:50:44Z,auth,/v1/login,POST,200,64
req-004090,2026-03-02T15:31:14Z,search,/v1/query,GET,200,362
req-004992,2026-03-02T23:43:33Z,catalog,/v1/items,PUT,200,99
req-003579,2026-03-02T10:32:46Z,auth,/v1/login,POST,200,109
req-001834,2026-03-01T17:14:53Z,catalog,/v1/items,GET,200,59
req-000803,2026-03-01T07:06:57Z,auth,/v1/session,GET,204,58
req-004883,2026-03-02T22:35:57Z,catalog,/v1/items,GET,204,51
req-007532,2026-03-03T23:35:46Z,catalog,/v1/items,GET,200,55
req-000627,2026-03-01T06:39:15Z,checkout,/v1/pay,POST,200,177
req-001272,2026-03-01T12:04:22Z,auth,/v1/login,POST,204,85
req-005204,2026-03-03T01:22:54Z,auth,/v1/session,GET,200,53
req-005938,2026-03-03T08:52:33Z,catalog,/v1/items,GET,200,34
req-003897,2026-03-02T13:09:02Z,auth,/v1/login,POST,200,80
req-000674,2026-03-01T06:38:06Z,catalog,/v1/items,GET,204,142
req-001952,2026-03-01T18:52:18Z,catalog,/v1/items,GET,200,52
req-007138,2026-03-03T20:49:32Z,checkout,/v1/pay,POST,200,320
req-000204,2026-03-01T01:04:32Z,search,/v1/cache,DELETE,200,71
req-001879,2026-03-01T18:17:00Z,checkout,/v1/pay,POST,404,175
req-005540,2026-03-03T04:30:09Z,search,/v1/cache,DELETE,201,51
req-004590,2026-03-02T20:37:17Z,checkout,/v1/pay,POST,201,428
req-000141,2026-03-01T01:29:00Z,auth,/v1/login,POST,200,83
req-007540,2026-03-03T23:37:22Z,catalog,/v1/items,PUT,200,114
req-003105,2026-03-02T06:26:53Z,checkout,/v1/pay,POST,204,209
req-002442,2026-03-01T23:36:17Z,auth,/v1/login,POST,503,79
req-003227,2026-03-02T07:14:46Z,billing,/v1/invoices,GET,201,400
req-004376,2026-03-02T18:12:50Z,checkout,/v1/pay,POST,200,248
req-006707,2026-03-03T16:50:00Z,checkout,/v1/pay,POST,200,433
req-004192,2026-03-02T16:35:32Z,search,/v1/query,GET,200,351
req-006572,2026-03-03T14:16:17Z,catalog,/v1/items,GET,200,58
req-002598,2026-03-02T01:38:50Z,checkout,/v1/pay,POST,204,207
req-005322,2026-03-03T03:24:55Z,checkout,/v1/pay,POST,201,288
req-002607,2026-03-02T01:15:51Z,checkout,/v1/pay,POST,200,413
req-002396,2026-03-01T23:54:26Z,checkout,/v1/pay,POST,200,203
req-000559,2026-03-01T05:10:31Z,auth,/v1/login,POST,200,66
req-004234,2026-03-02T16:48:42Z,catalog,/v1/items,GET,200,61
req-007373,2026-03-03T22:34:13Z,auth,/v1/login,POST,204,203
req-003974,2026-03-02T14:30:50Z,billing,/v1/invoices,GET,200,323
req-002975,2026-03-02T04:51:10Z,catalog,/v1/items,GET,200,53
req-003446,2026-03-02T09:58:53Z,checkout,/v1/pay,POST,200,196
req-002500,2026-03-02T00:26:07Z,checkout,/v1/pay,POST,204,221
req-002119,2026-03-01T20:00:58Z,auth,/v1/login,POST,200,90
req-002467,2026-03-01T23:05:34Z,catalog,/v1/items,GET,204,48
req-005946,2026-03-03T08:57:22Z,catalog,/v1/items,GET,200,50
req-006456,2026-03-03T13:53:08Z,catalog,/v1/items,GET,200,65
req-002668,2026-03-02T01:40:33Z,catalog,/v1/items,GET,200,56
req-003148,2026-03-02T06:50:49Z,auth,/v1/login,POST,200,72
req-002154,2026-03-01T20:04:36Z,catalog,/v1/items,GET,201,65
req-000016,2026-03-01T00:07:09Z,billing,/v1/invoices,GET,201,395
req-004808,2026-03-02T22:51:25Z,checkout,/v1/pay,POST,502,227
req-002107,2026-03-01T20:01:27Z,search,/v1/query,GET,201,301
req-006474,2026-03-03T13:27:03Z,catalog,/v1/items,GET,200,40
req-001892,2026-03-01T18:34:25Z,search,/v1/query,GET,201,406
req-007115,2026-03-03T19:16:28Z,catalog,/v1/items,PUT,204,81
req-006059,2026-03-03T09:09:56Z,catalog,/v1/items,PUT,201,56
req-007258,2026-03-03T21:59:46Z,search,/v1/query,GET,200,1606
req-006392,2026-03-03T13:18:06Z,checkout,/v1/pay,POST,502,300
req-001029,2026-03-01T10:00:33Z,checkout,/v1/pay,POST,200,262
req-002512,2026-03-02T00:03:33Z,checkout,/v1/pay,POST,201,314
req-002054,2026-03-01T19:36:51Z,catalog,/v1/items,GET,200,79
req-004010,2026-03-02T14:33:04Z,auth,/v1/login,POST,204,101
req-002367,2026-03-01T22:37:39Z,catalog,/v1/items,GET,200,71
req-000452,2026-03-01T04:22:33Z,auth,/v1/login,POST,200,68
req-001202,2026-03-01T11:11:26Z,catalog,/v1/items,GET,201,65
req-005709,2026-03-03T06:56:10Z,catalog,/v1/items,GET,201,84
req-006422,2026-03-03T13:38:51Z,search,/v1/query,GET,201,381
req-002882,2026-03-02T03:32:17Z,catalog,/v1/items,PUT,200,44
req-007310,2026-03-03T21:40:42Z,catalog,/v1/items,GET,200,59
req-007183,2026-03-03T20:08:29Z,catalog,/v1/items,GET,200,40
req-004865,2026-03-02T22:47:18Z,catalog,/v1/items,GET,200,49
req-002278,2026-03-01T21:32:36Z,search,/v1/cache,DELETE,201,42
req-004784,2026-03-02T21:43:22Z,catalog,/v1/items,PUT,200,122
req-007471,2026-03-03T23:37:37Z,auth,/v1/login,POST,204,80
req-002917,2026-03-02T04:00:43Z,billing,/v1/invoices,GET,204,429
req-002102,2026-03-01T20:07:54Z,search,/v1/query,GET,204,526
req-004862,2026-03-02T22:03:51Z,catalog,/v1/items,GET,200,44
req-006972,2026-03-03T18:04:44Z,auth,/v1/login,POST,200,97
req-006868,2026-03-03T17:02:19Z,catalog,/v1/items,GET,201,55
req-002338,2026-03-01T22:29:57Z,auth,/v1/login,POST,204,129
req-004315,2026-03-02T17:15:59Z,auth,/v1/login,POST,200,88
req-006935,2026-03-03T18:57:10Z,billing,/v1/invoices,GET,201,499
req-004616,2026-03-02T20:39:59Z,search,/v1/query,GET,200,1941
req-001087,2026-03-01T10:02:17Z,catalog,/v1/items,GET,201,44
req-004833,2026-03-02T22:03:08Z,auth,/v1/login,POST,200,54
req-000222,2026-03-01T02:31:12Z,checkout,/v1/pay,POST,200,235
req-006236,2026-03-03T11:09:49Z,catalog,/v1/items,GET,200,70
req-005612,2026-03-03T05:38:39Z,catalog,/v1/items,GET,201,82
req-004439,2026-03-02T18:16:45Z,catalog,/v1/items,GET,201,55
req-006261,2026-03-03T11:56:28Z,catalog,/v1/items,GET,200,38
req-005829,2026-03-03T07:10:42Z,catalog,/v1/items,GET,200,61
req-002100,2026-03-01T20:10:46Z,billing,/v1/invoices,GET,200,351
req-002219,2026-03-01T21:40:22Z,auth,/v1/login,POST,200,70
req-005837,2026-03-03T07:31:38Z,catalog,/v1/items,GET,200,59
req-000860,2026-03-01T08:02:49Z,auth,/v1/login,POST,204,192
req-000823,2026-03-01T08:33:06Z,checkout,/v1/pay,POST,200,151
req-000360,2026-03-01T03:12:39Z,auth,/v1/login,POST,200,86
req-002726,2026-03-02T02:44:35Z,auth,/v1/login,POST,201,121
req-002009,2026-03-01T19:26:08Z,auth,/v1/login,POST,200,91
req-000953,2026-03-01T09:12:07Z,auth,/v1/login,POST,201,104
req-001048,2026-03-01T10:20:54Z,search,/v1/query,GET,200,275
req-006584,2026-03-03T14:23:23Z,catalog,/v1/items,GET,201,55
req-001249,2026-03-01T12:12:50Z,search,/v1/query,GET,502,341
req-003186,2026-03-02T06:57:42Z,catalog,/v1/items,GET,200,39
req-005887,2026-03-03T08:52:01Z,search,/v1/query,GET,204,248
req-002768,2026-03-02T02:58:54Z,catalog,/v1/items,GET,204,29
req-002331,2026-03-01T22:30:50Z,auth,/v1/login,POST,200,71
req-006551,2026-03-03T14:44:29Z,auth,/v1/login,POST,201,114
req-003093,2026-03-02T05:20:33Z,auth,/v1/session,GET,201,38
req-003745,2026-03-02T11:51:46Z,auth,/v1/session,GET,200,34
req-000081,2026-03-01T00:44:01Z,catalog,/v1/items,GET,201,76
req-002195,2026-03-01T21:10:25Z,checkout,/v1/pay,POST,204,306
req-001088,2026-03-01T10:26:59Z,catalog,/v1/items,GET,200,54
req-005680,2026-03-03T06:17:29Z,search,/v1/query,GET,200,358
req-001122,2026-03-01T11:03:51Z,checkout,/v1/pay,POST,200,148
req-004212,2026-03-02T16:58:32Z,auth,/v1/login,POST,201,80
req-000357,2026-03-01T03:39:40Z,auth,/v1/login,POST,201,104
req-005177,2026-03-03T01:36:18Z,catalog,/v1/items,GET,200,149
req-006779,2026-03-03T16:12:54Z,catalog,/v1/items,GET,201,65
req-000439,2026-03-01T04:22:27Z,search,/v1/query,GET,200,461
req-000072,2026-03-01T00:44:24Z,catalog,/v1/items,GET,200,79
req-007566,2026-03-01T10:42:00Z,checkout,/v1/cart,GET,200,164
req-003157,2026-03-02T06:49:40Z,catalog,/v1/items,GET,201,49
req-000758,2026-03-01T07:16:57Z,auth,/v1/login,POST,204,102
req-000667,2026-03-01T06:26:01Z,catalog,/v1/items,GET,204,48
req-001440,2026-03-01T14:48:49Z,checkout,/v1/pay,POST,201,314
req-003310,2026-03-02T07:32:54Z,auth,/v1/session,GET,200,47
req-002358,2026-03-01T22:19:59Z,catalog,/v1/items,GET,200,49
req-003015,2026-03-02T05:54:20Z,billing,/v1/invoices,GET,204,466
req-004531,2026-03-02T19:34:48Z,auth,/v1/login,POST,204,171
req-007209,2026-03-03T20:31:57Z,catalog,/v1/items,GET,201,44
req-005219,2026-03-03T02:29:24Z,checkout,/v1/pay,POST,503,505
req-007484,2026-03-03T23:12:37Z,auth,/v1/login,POST,200,52
req-005956,2026-03-03T08:05:49Z,catalog,/v1/items,PUT,200,35
req-001278,2026-03-01T12:13:30Z,auth,/v1/login,POST,204,111
req-006424,2026-03-03T13:50:57Z,auth,/v1/login,POST,200,109
req-006324,2026-03-03T12:51:05Z,auth,/v1/login,POST,200,188
req-000385,2026-03-01T03:17:52Z,catalog,/v1/items,GET,204,46
req-001330,2026-03-01T13:28:40Z,checkout,/v1/pay,POST,201,274
req-001338,2026-03-01T13:36:10Z,checkout,/v1/pay,POST,200,220
req-004103,2026-03-02T15:42:35Z,auth,/v1/login,POST,200,170
req-003347,2026-03-02T08:05:20Z,search,/v1/query,GET,500,280
req-006463,2026-03-03T13:20:16Z,catalog,/v1/items,GET,200,59
req-000944,2026-03-01T09:20:53Z,search,/v1/query,GET,200,336
req-006581,2026-03-03T14:29:50Z,catalog,/v1/items,GET,201,67
req-005453,2026-03-03T04:13:38Z,billing,/v1/invoices,GET,204,249
req-002015,2026-03-01T19:02:24Z,auth,/v1/login,POST,201,95
req-001827,2026-03-01T17:46:17Z,catalog,/v1/items,GET,200,44
req-006733,2026-03-03T16:51:34Z,search,/v1/query,GET,200,317
req-005257,2026-03-03T02:28:38Z,auth,/v1/login,POST,200,59
req-000745,2026-03-01T07:51:31Z,auth,/v1/login,POST,200,107
req-002721,2026-03-02T02:10:32Z,auth,/v1/login,POST,204,95
req-007127,2026-03-03T20:26:33Z,checkout,/v1/pay,POST,200,222
req-004702,2026-03-02T21:31:37Z,checkout,/v1/pay,POST,204,294
req-003875,2026-03-02T13:57:47Z,billing,/v1/invoices,GET,504,257
req-002797,2026-03-02T03:51:05Z,checkout,/v1/pay,POST,204,260
req-007309,2026-03-03T21:00:47Z,catalog,/v1/items,GET,200,46
req-005502,2026-03-03T04:23:16Z,catalog,/v1/items,GET,200,55
req-000287,2026-03-01T02:33:29Z,catalog,/v1/items,GET,200,33
req-006462,2026-03-03T13:47:44Z,catalog,/v1/items,GET,201,63
req-001718,2026-03-01T16:14:07Z,catalog,/v1/items,GET,204,56
req-005475,2026-03-03T04:49:00Z,auth,/v1/login,POST,201,69
req-004033,2026-03-02T14:14:41Z,catalog,/v1/items,GET,200,140
req-004051,2026-03-02T14:42:53Z,catalog,/v1/items,PUT,201,73
req-006777,2026-03-03T16:44:14Z,catalog,/v1/items,GET,200,77
req-000784,2026-03-01T07:02:46Z,catalog,/v1/items,GET,200,44
req-005135,2026-03-03T01:13:48Z,search,/v1/query,GET,201,157
req-001829,2026-03-01T17:29:36Z,catalog,/v1/items,GET,201,57
req-004417,2026-03-02T18:41:53Z,auth,/v1/login,POST,201,72
req-005297,2026-03-03T02:57:47Z,catalog,/v1/items,GET,201,61
req-000359,2026-03-01T03:01:32Z,auth,/v1/login,POST,200,89
req-004085,2026-03-02T15:05:56Z,search,/v1/query,GET,502,503
req-000799,2026-03-01T07:39:46Z,catalog,/v1/items,PUT,200,112
req-002253,2026-03-01T21:09:19Z,catalog,/v1/items,GET,200,56
req-001091,2026-03-01T10:40:19Z,catalog,/v1/items,GET,200,71
req-001345,2026-03-01T13:24:37Z,billing,/v1/invoices,GET,200,1568
req-005922,2026-03-03T08:53:46Z,catalog,/v1/items,GET,200,65
req-004188,2026-03-02T16:23:38Z,search,/v1/query,GET,201,405
req-001527,2026-03-01T14:36:31Z,catalog,/v1/items,GET,201,65
req-005467,2026-03-03T04:34:51Z,auth,/v1/login,POST,200,90
req-000122,2026-03-01T01:43:53Z,billing,/v1/invoices,GET,200,391
req-000140,2026-03-01T01:21:55Z,auth,/v1/login,POST,200,116
req-004844,2026-03-02T22:10:15Z,auth,/v1/login,POST,200,62
req-006228,2026-03-03T11:37:00Z,auth,/v1/login,POST,200,81
req-002792,2026-03-02T03:45:50Z,checkout,/v1/pay,POST,403,194
req-005718,2026-03-03T06:20:00Z,catalog,/v1/items,GET,200,45
req-005928,2026-03-03T08:35:20Z,catalog,/v1/items,GET,200,44
req-000282,2026-03-01T02:00:54Z,catalog,/v1/items,GET,200,61
req-000913,2026-03-01T08:20:33Z,search,/v1/cache,DELETE,204,62
req-003898,2026-03-02T13:23:39Z,auth,/v1/login,POST,200,94
req-002894,2026-03-02T03:05:10Z,search,/v1/cache,DELETE,201,30
req-004802,2026-03-02T22:07:58Z,checkout,/v1/pay,POST,204,276
req-007387,2026-03-03T22:36:01Z,auth,/v1/login,POST,200,66
req-007322,2026-03-03T21:41:40Z,catalog,/v1/items,PUT,200,95
req-000804,2026-03-01T07:12:32Z,auth,/v1/session,GET,200,95
req-004603,2026-03-02T20:13:36Z,billing,/v1/invoices,GET,200,227
req-004219,2026-03-02T16:56:08Z,catalog,/v1/items,GET,201,69
req-005395,2026-03-03T03:41:01Z,catalog,/v1/items,GET,200,65
req-004946,2026-03-02T23:36:07Z,auth,/v1/login,POST,200,70
req-006230,2026-03-03T11:19:59Z,auth,/v1/login,POST,201,85
req-002606,2026-03-02T01:11:23Z,checkout,/v1/pay,POST,201,258
req-001960,2026-03-01T18:49:43Z,catalog,/v1/items,PUT,201,88
req-006936,2026-03-03T18:46:22Z,billing,/v1/invoices,GET,200,275
req-007416,2026-03-03T22:41:47Z,catalog,/v1/items,GET,200,65
req-007524,2026-03-03T23:03:04Z,catalog,/v1/items,GET,200,66
req-002501,2026-03-02T00:30:40Z,checkout,/v1/pay,POST,200,273
req-000444,2026-03-01T04:55:53Z,auth,/v1/login,POST,200,75
req-006483,2026-03-03T13:37:26Z,catalog,/v1/items,GET,204,54
req-001161,2026-03-01T11:02:32Z,auth,/v1/login,POST,200,89
req-004158,2026-03-02T15:33:42Z,auth,/v1/session,GET,204,80
req-006946,2026-03-03T18:12:28Z,search,/v1/query,GET,204,65
req-001415,2026-03-01T13:57:03Z,catalog,/v1/items,GET,201,53
req-007024,2026-03-03T19:17:57Z,checkout,/v1/pay,POST,503,248
req-001573,2026-03-01T15:40:38Z,search,/v1/query,GET,200,284
req-006609,2026-03-03T15:03:40Z,checkout,/v1/pay,POST,204,235
req-004200,2026-03-02T16:23:39Z,auth,/v1/login,POST,204,30
req-000336,2026-03-01T03:18:14Z,search,/v1/query,GET,200,383
req-005552,2026-03-03T05:44:08Z,checkout,/v1/pay,POST,502,209
req-005901,2026-03-03T08:00:29Z,auth,/v1/login,POST,200,70
req-004178,2026-03-02T16:49:10Z,billing,/v1/invoices,GET,204,379
req-007518,2026-03-03T23:15:45Z,catalog,/v1/items,GET,201,99
req-007462,2026-03-03T23:28:15Z,search,/v1/query,GET,200,464
req-003410,2026-03-02T08:03:07Z,catalog,/v1/items,GET,200,66
req-004930,2026-03-02T23:44:22Z,search,/v1/query,GET,200,373
req-006876,2026-03-03T17:24:31Z,catalog,/v1/items,GET,200,60
req-004123,2026-03-02T15:38:25Z,catalog,/v1/items,GET,200,70
req-004012,2026-03-02T14:14:04Z,auth,/v1/login,POST,200,157
req-001185,2026-03-01T11:31:40Z,catalog,/v1/items,GET,201,67
req-000806,2026-03-01T07:19:15Z,auth,/v1/session,GET,200,25
req-005651,2026-03-03T05:00:02Z,search,/v1/cache,DELETE,201,61
req-005500,2026-03-03T04:01:21Z,catalog,/v1/items,GET,200,123
req-003623,2026-03-02T10:50:43Z,catalog,/v1/items,GET,201,49
req-005157,2026-03-03T01:53:52Z,catalog,/v1/items,GET,200,58
req-000668,2026-03-01T06:40:32Z,catalog,/v1/items,GET,200,75
req-002257,2026-03-01T21:04:09Z,catalog,/v1/items,GET,200,38
req-001364,2026-03-01T13:43:35Z,auth,/v1/login,POST,201,63
req-006441,2026-03-03T13:54:13Z,auth,/v1/login,POST,200,80
req-002179,2026-03-01T20:41:41Z,search,/v1/cache,DELETE,201,63
req-000769,2026-03-01T07:47:56Z,catalog,/v1/items,GET,200,49
req-001656,2026-03-01T16:11:09Z,checkout,/v1/pay,POST,200,208
req-005920,2026-03-03T08:14:48Z,catalog,/v1/items,GET,204,40
req-006827,2026-03-03T17:04:51Z,billing,/v1/invoices,GET,200,444
req-002669,2026-03-02T01:38:18Z,catalog,/v1/items,GET,401,67
req-004998,2026-03-02T23:05:56Z,auth,/v1/session,GET,302,46
req-003877,2026-03-02T13:46:03Z,search,/v1/query,GET,200,397
req-005891,2026-03-03T08:45:57Z,search,/v1/query,GET,200,306
req-001889,2026-03-01T18:36:18Z,search,/v1/query,GET,201,634
req-000983,2026-03-01T09:43:34Z,catalog,/v1/items,GET,201,51
req-000717,2026-03-01T07:16:35Z,checkout,/v1/pay,POST,200,278
req-005160,2026-03-03T01:48:55Z,catalog,/v1/items,GET,200,38
req-000726,2026-03-01T07:23:47Z,checkout,/v1/pay,POST,201,237
req-007513,2026-03-03T23:34:02Z,catalog,/v1/items,GET,201,82
req-004598,2026-03-02T20:42:33Z,checkout,/v1/pay,POST,201,267
req-000926,2026-03-01T09:45:16Z,checkout,/v1/pay,POST,500,206
req-005576,2026-03-03T05:24:06Z,search,/v1/query,GET,200,388
req-004080,2026-03-02T15:23:38Z,billing,/v1/invoices,GET,200,1759
req-004332,2026-03-02T17:41:32Z,catalog,/v1/items,GET,200,38
req-006950,2026-03-03T18:44:26Z,search,/v1/query,GET,200,312
req-004429,2026-03-02T18:22:47Z,auth,/v1/login,POST,201,78
req-001989,2026-03-01T19:42:05Z,billing,/v1/invoices,GET,200,433
req-006890,2026-03-03T17:48:18Z,catalog,/v1/items,GET,200,53
req-004852,2026-03-02T22:28:31Z,auth,/v1/login,POST,200,83
req-002201,2026-03-01T21:40:14Z,billing,/v1/invoices,GET,200,394
req-004194,2026-03-02T16:29:01Z,auth,/v1/login,POST,200,73
req-004646,2026-03-02T20:50:36Z,catalog,/v1/items,GET,201,54
req-002938,2026-03-02T04:53:23Z,auth,/v1/login,POST,201,185
req-003905,2026-03-02T13:18:28Z,auth,/v1/login,POST,201,178
req-001676,2026-03-01T16:53:13Z,search,/v1/query,GET,200,502
req-001642,2026-03-01T15:40:29Z,catalog,/v1/items,PUT,201,104
req-003467,2026-03-02T09:08:26Z,auth,/v1/login,POST,201,47
req-005864,2026-03-03T08:38:33Z,checkout,/v1/pay,POST,200,265
req-002836,2026-03-02T03:52:08Z,auth,/v1/login,POST,200,84
req-004608,2026-03-02T20:28:59Z,billing,/v1/invoices,GET,403,395
req-001595,2026-03-01T15:39:06Z,auth,/v1/login,POST,200,119
req-002142,2026-03-01T20:21:50Z,catalog,/v1/items,GET,200,67
req-005328,2026-03-03T03:54:36Z,checkout,/v1/pay,POST,500,326
req-002138,2026-03-01T20:05:51Z,catalog,/v1/items,GET,204,67
req-001684,2026-03-01T16:42:58Z,auth,/v1/login,POST,200,34
req-003845,2026-03-02T12:45:29Z,auth,/v1/session,GET,204,36
req-002739,2026-03-02T02:25:21Z,auth,/v1/login,POST,200,112
req-006986,2026-03-03T18:37:29Z,catalog,/v1/items,GET,404,59
req-005580,2026-03-03T05:30:45Z,auth,/v1/login,POST,200,88
req-003144,2026-03-02T06:56:41Z,auth,/v1/login,POST,200,77
req-004804,2026-03-02T22:27:11Z,checkout,/v1/pay,POST,200,183
req-002994,2026-03-02T05:16:10Z,checkout,/v1/pay,POST,200,263
req-002121,2026-03-01T20:37:57Z,auth,/v1/login,POST,200,100
req-005112,2026-03-03T01:40:04Z,checkout,/v1/pay,POST,200,164
req-005736,2026-03-03T06:21:04Z,catalog,/v1/items,GET,201,90
req-001127,2026-03-01T11:30:17Z,checkout,/v1/pay,POST,201,227
req-006029,2026-03-03T09:59:03Z,catalog,/v1/items,GET,200,43
req-002901,2026-03-02T04:36:58Z,checkout,/v1/pay,POST,403,215
req-001846,2026-03-01T17:27:49Z,catalog,/v1/items,GET,204,114
req-006269,2026-03-03T11:28:42Z,catalog,/v1/items,PUT,400,79
req-006320,2026-03-03T12:34:52Z,auth,/v1/login,POST,200,92
req-006762,2026-03-03T16:09:15Z,auth,/v1/login,POST,200,45
req-001020,2026-03-01T10:59:01Z,checkout,/v1/pay,POST,200,67
req-005543,2026-03-03T05:39:58Z,checkout,/v1/pay,POST,201,242
req-006133,2026-03-03T10:12:55Z,catalog,/v1/items,GET,200,38
req-005952,2026-03-03T08:47:16Z,catalog,/v1/items,PUT,200,126
req-006913,2026-03-03T17:43:55Z,auth,/v1/session,GET,200,63
req-004291,2026-03-02T17:26:41Z,search,/v1/query,GET,502,505
req-000171,2026-03-01T01:36:13Z,catalog,/v1/items,GET,200,67
req-003564,2026-03-02T10:44:15Z,search,/v1/query,GET,204,433
req-000235,2026-03-01T02:57:05Z,search,/v1/query,GET,502,383
req-004900,2026-03-02T22:58:34Z,search,/v1/cache,DELETE,200,45
req-002063,2026-03-01T19:00:00Z,catalog,/v1/items,PUT,204,125
req-004615,2026-03-02T20:09:23Z,search,/v1/query,GET,200,449
req-003184,2026-03-02T06:45:36Z,catalog,/v1/items,GET,204,62
req-003069,2026-03-02T05:31:24Z,catalog,/v1/items,GET,204,67
req-000905,2026-03-01T08:31:05Z,catalog,/v1/items,PUT,403,76
req-005564,2026-03-03T05:24:22Z,billing,/v1/invoices,GET,201,393
req-003407,2026-03-02T08:16:34Z,catalog,/v1/items,GET,200,63
req-005945,2026-03-03T08:32:27Z,catalog,/v1/items,GET,200,75
req-001077,2026-03-01T10:56:05Z,catalog,/v1/items,GET,200,55
req-005074,2026-03-03T00:12:19Z,catalog,/v1/items,GET,201,42
req-004777,2026-03-02T21:13:28Z,catalog,/v1/items,GET,200,76
req-006158,2026-03-03T10:16:40Z,catalog,/v1/items,GET,201,56
req-006763,2026-03-03T16:07:19Z,catalog,/v1/items,GET,201,70
req-003794,2026-03-02T12:57:24Z,auth,/v1/login,POST,200,89
req-003969,2026-03-02T14:11:30Z,checkout,/v1/pay,POST,204,305
req-001312,2026-03-01T12:59:34Z,catalog,/v1/items,PUT,200,67
req-006104,2026-03-03T10:35:50Z,search,/v1/query,GET,200,411
req-005599,2026-03-03T05:52:34Z,auth,/v1/login,POST,204,77
req-006968,2026-03-03T18:13:52Z,auth,/v1/login,POST,204,79
req-002950,2026-03-02T04:15:50Z,catalog,/v1/items,GET,200,54
req-006902,2026-03-03T17:28:39Z,catalog,/v1/items,PUT,200,94
req-004923,2026-03-02T23:37:12Z,billing,/v1/invoices,GET,204,202
req-003112,2026-03-02T06:12:57Z,billing,/v1/invoices,GET,200,235
req-005353,2026-03-03T03:46:51Z,search,/v1/query,GET,200,330
req-004560,2026-03-02T19:10:49Z,catalog,/v1/items,GET,200,46
req-002151,2026-03-01T20:48:10Z,catalog,/v1/items,GET,200,57
req-004440,2026-03-02T18:41:08Z,catalog,/v1/items,GET,201,68
req-001408,2026-03-01T13:40:46Z,catalog,/v1/items,GET,200,40
req-006900,2026-03-03T17:05:12Z,catalog,/v1/items,GET,201,61
req-002991,2026-03-02T04:27:46Z,search,/v1/cache,DELETE,200,47
req-001731,2026-03-01T16:14:29Z,catalog,/v1/items,GET,200,20
req-000924,2026-03-01T09:16:11Z,checkout,/v1/pay,POST,200,247
req-002258,2026-03-01T21:04:30Z,catalog,/v1/items,GET,204,49
req-006934,2026-03-03T18:07:04Z,billing,/v1/invoices,GET,201,327
req-003472,2026-03-02T09:19:31Z,auth,/v1/login,POST,200,101
req-000760,2026-03-01T07:38:58Z,auth,/v1/login,POST,204,87
req-003293,2026-03-02T07:05:10Z,catalog,/v1/items,GET,204,60
req-000243,2026-03-01T02:22:34Z,auth,/v1/login,POST,201,67
req-006530,2026-03-03T14:38:24Z,search,/v1/query,GET,204,405
req-004746,2026-03-02T21:12:09Z,auth,/v1/login,POST,200,77
req-006527,2026-03-03T14:26:57Z,billing,/v1/invoices,GET,200,95
req-000019,2026-03-01T00:21:07Z,billing,/v1/invoices,GET,200,432
req-003817,2026-03-02T12:26:28Z,catalog,/v1/items,GET,204,57
req-003668,2026-03-02T11:21:33Z,search,/v1/query,GET,204,352
req-006310,2026-03-03T12:27:56Z,billing,/v1/invoices,GET,204,279
req-003752,2026-03-02T12:13:46Z,checkout,/v1/pay,POST,200,143
req-001680,2026-03-01T16:22:04Z,search,/v1/query,GET,200,1419
req-007220,2026-03-03T20:02:03Z,auth,/v1/session,GET,200,38
req-000395,2026-03-01T03:01:30Z,catalog,/v1/items,PUT,200,101
req-004967,2026-03-02T23:51:02Z,catalog,/v1/items,GET,200,84
req-006963,2026-03-03T18:05:21Z,auth,/v1/login,POST,200,109
req-002741,2026-03-02T02:02:55Z,auth,/v1/login,POST,200,46
req-000979,2026-03-01T09:33:53Z,catalog,/v1/items,GET,204,74
req-002547,2026-03-02T00:20:03Z,auth,/v1/login,POST,204,61
req-007284,2026-03-03T21:29:29Z,auth,/v1/login,POST,201,63
req-006952,2026-03-03T18:13:42Z,auth,/v1/login,POST,204,88
req-002695,2026-03-02T02:09:05Z,checkout,/v1/pay,POST,200,182
req-002658,2026-03-02T01:05:19Z,catalog,/v1/items,GET,204,52
req-001426,2026-03-01T13:47:42Z,catalog,/v1/items,PUT,204,73
req-007553,2026-03-01T10:03:00Z,checkout,/v1/cart,GET,500,151
req-004483,2026-03-02T18:00:38Z,search,/v1/cache,DELETE,201,41
req-006505,2026-03-03T14:51:20Z,checkout,/v1/pay,POST,504,186
req-000296,2026-03-01T02:20:11Z,catalog,/v1/items,GET,204,63
req-004672,2026-03-02T20:10:33Z,catalog,/v1/items,GET,502,61
req-002224,2026-03-01T21:50:13Z,auth,/v1/login,POST,201,55
req-006433,2026-03-03T13:07:27Z,auth,/v1/login,POST,200,65
req-006139,2026-03-03T10:32:55Z,catalog,/v1/items,GET,200,55
req-005692,2026-03-03T06:23:11Z,auth,/v1/login,POST,200,103
req-004468,2026-03-02T18:08:02Z,catalog,/v1/items,GET,204,53
req-001532,2026-03-01T14:42:05Z,catalog,/v1/items,GET,204,53
req-006808,2026-03-03T17:06:13Z,checkout,/v1/pay,POST,200,234
req-005433,2026-03-03T04:57:10Z,checkout,/v1/pay,POST,204,212
req-002412,2026-03-01T23:26:16Z,billing,/v1/invoices,GET,200,341
req-007389,2026-03-03T22:27:41Z,auth,/v1/login,POST,201,87
req-006516,2026-03-03T14:30:38Z,checkout,/v1/pay,POST,201,109
req-001335,2026-03-01T13:12:09Z,checkout,/v1/pay,POST,403,295
req-002456,2026-03-01T23:25:58Z,catalog,/v1/items,GET,200,73
req-000135,2026-03-01T01:00:18Z,auth,/v1/login,POST,204,68
req-006206,2026-03-03T11:00:06Z,search,/v1/query,GET,504,126
req-001377,2026-03-01T13:42:54Z,auth,/v1/login,POST,204,49
req-007144,2026-03-03T20:58:15Z,billing,/v1/invoices,GET,200,1585
req-004919,2026-03-02T23:08:09Z,billing,/v1/invoices,GET,200,289
req-002930,2026-03-02T04:09:16Z,auth,/v1/login,POST,200,91
req-006326,2026-03-03T12:25:02Z,auth,/v1/login,POST,200,84
req-002145,2026-03-01T20:12:45Z,catalog,/v1/items,GET,200,56
req-005628,2026-03-03T05:55:15Z,catalog,/v1/items,GET,204,75
req-007146,2026-03-03T20:26:18Z,billing,/v1/invoices,GET,200,398
req-003007,2026-03-02T05:34:42Z,checkout,/v1/pay,POST,200,230
req-004021,2026-03-02T14:00:36Z,catalog,/v1/items,GET,201,57
req-006694,2026-03-03T15:19:53Z,catalog,/v1/items,PUT,201,80
req-002967,2026-03-02T04:22:45Z,catalog,/v1/items,GET,200,79
req-000230,2026-03-01T02:07:18Z,search,/v1/query,GET,502,402
req-000505,2026-03-01T04:06:53Z,search,/v1/cache,DELETE,200,71
req-002206,2026-03-01T21:46:36Z,search,/v1/query,GET,200,394
req-006907,2026-03-03T17:30:24Z,catalog,/v1/items,PUT,200,86
req-003706,2026-03-02T11:31:38Z,catalog,/v1/items,GET,200,41
req-005361,2026-03-03T03:20:01Z,auth,/v1/login,POST,200,40
req-006627,2026-03-03T15:23:26Z,billing,/v1/invoices,GET,201,1715
req-000836,2026-03-01T08:37:42Z,search,/v1/query,GET,200,545
req-005203,2026-03-03T01:12:14Z,auth,/v1/session,GET,200,31
req-003191,2026-03-02T06:48:27Z,catalog,/v1/items,GET,200,77
req-006875,2026-03-03T17:00:01Z,catalog,/v1/items,GET,201,57
req-006341,2026-03-03T12:14:34Z,auth,/v1/login,POST,200,82
req-002309,2026-03-01T22:50:17Z,search,/v1/query,GET,200,305
req-000024,2026-03-01T00:04:48Z,search,/v1/query,GET,201,416
req-002577,2026-03-02T00:39:38Z,catalog,/v1/items,GET,200,50
req-000441,2026-03-01T04:42:56Z,search,/v1/query,GET,204,197
req-000789,2026-03-01T07:25:09Z,catalog,/v1/items,GET,204,72
req-004999,2026-03-02T23:10:09Z,search,/v1/cache,DELETE,201,45
req-004447,2026-03-02T18:25:01Z,catalog,/v1/items,GET,204,47
req-004625,2026-03-02T20:46:26Z,auth,/v1/login,POST,200,69
req-006683,2026-03-03T15:50:02Z,catalog,/v1/items,GET,200,143
req-003471,2026-03-02T09:53:51Z,auth,/v1/login,POST,201,78
req-001720,2026-03-01T16:01:43Z,catalog,/v1/items,GET,204,48
req-001957,2026-03-01T18:32:55Z,catalog,/v1/items,GET,201,61
req-003468,2026-03-02T09:17:04Z,auth,/v1/login,POST,200,76
req-005653,2026-03-03T05:18:25Z,search,/v1/cache,DELETE,201,32
req-002353,2026-03-01T22:32:19Z,catalog,/v1/items,GET,201,46
req-000652,2026-03-01T06:40:04Z,auth,/v1/login,POST,204,110
req-001004,2026-03-01T09:13:19Z,catalog,/v1/items,PUT,200,85
req-006544,2026-03-03T14:32:03Z,auth,/v1/login,POST,200,80
req-002044,2026-03-01T19:37:25Z,catalog,/v1/items,GET,201,48
req-007069,2026-03-03T19:20:16Z,auth,/v1/login,POST,200,78
req-004712,2026-03-02T21:31:53Z,checkout,/v1/pay,POST,201,288
req-002474,2026-03-01T23:02:35Z,catalog,/v1/items,GET,200,61
req-004068,2026-03-02T15:43:14Z,checkout,/v1/pay,POST,201,261
req-000736,2026-03-01T07:30:34Z,search,/v1/query,GET,504,347
req-004491,2026-03-02T19:51:19Z,checkout,/v1/pay,POST,200,215
req-006578,2026-03-03T14:24:42Z,catalog,/v1/items,GET,200,116
req-000362,2026-03-01T03:54:05Z,auth,/v1/login,POST,200,110
req-004681,2026-03-02T20:34:35Z,catalog,/v1/items,PUT,200,63
req-000058,2026-03-01T00:42:12Z,catalog,/v1/items,GET,200,56
req-001063,2026-03-01T10:36:51Z,auth,/v1/login,POST,200,70
req-000649,2026-03-01T06:45:47Z,auth,/v1/login,POST,200,75
req-002636,2026-03-02T01:29:43Z,auth,/v1/login,POST,200,70
req-005344,2026-03-03T03:40:36Z,search,/v1/query,GET,504,389
req-003879,2026-03-02T13:59:14Z,search,/v1/query,GET,200,433
req-004507,2026-03-02T19:45:52Z,search,/v1/query,GET,200,322
req-001094,2026-03-01T10:51:18Z,catalog,/v1/items,GET,200,39
req-006771,2026-03-03T16:38:36Z,catalog,/v1/items,GET,200,64
req-002784,2026-03-02T02:00:41Z,auth,/v1/session,GET,200,34
req-004916,2026-03-02T23:01:12Z,billing,/v1/invoices,GET,200,419
req-005307,2026-03-03T02:49:20Z,catalog,/v1/items,PUT,200,95
req-005285,2026-03-03T02:38:01Z,catalog,/v1/items,GET,200,45
req-007218,2026-03-03T20:01:46Z,catalog,/v1/items,PUT,200,108
req-001826,2026-03-01T17:42:25Z,catalog,/v1/items,GET,200,68
req-005968,2026-03-03T09:29:59Z,checkout,/v1/pay,POST,200,222
req-006473,2026-03-03T13:38:09Z,catalog,/v1/items,GET,200,59
req-003550,2026-03-02T10:52:02Z,checkout,/v1/pay,POST,201,236
req-007107,2026-03-03T19:21:34Z,catalog,/v1/items,GET,200,48
req-005031,2026-03-03T00:50:53Z,search,/v1/query,GET,204,344
req-007229,2026-03-03T21:28:44Z,checkout,/v1/pay,POST,200,273
req-005139,2026-03-03T01:35:41Z,auth,/v1/login,POST,201,88
req-004990,2026-03-02T23:16:46Z,catalog,/v1/items,PUT,204,84
req-004674,2026-03-02T20:45:26Z,catalog,/v1/items,GET,200,72
req-002403,2026-03-01T23:58:56Z,checkout,/v1/pay,POST,200,204
req-005413,2026-03-03T03:33:01Z,catalog,/v1/items,GET,200,65
req-004098,2026-03-02T15:38:49Z,auth,/v1/login,POST,201,64
req-002716,2026-03-02T02:19:34Z,search,/v1/query,GET,500,421
req-001860,2026-03-01T17:33:53Z,auth,/v1/session,GET,200,56
req-005178,2026-03-03T01:40:31Z,catalog,/v1/items,GET,204,69
req-001832,2026-03-01T17:15:19Z,catalog,/v1/items,GET,200,59
req-002566,2026-03-02T00:43:38Z,catalog,/v1/items,GET,200,30
req-004475,2026-03-02T18:37:26Z,catalog,/v1/items,PUT,204,104
req-001970,2026-03-01T18:03:28Z,search,/v1/cache,DELETE,201,43
req-004902,2026-03-02T23:26:50Z,checkout,/v1/pay,POST,502,187
req-006755,2026-03-03T16:23:26Z,auth,/v1/login,POST,204,61
req-003029,2026-03-02T05:39:14Z,auth,/v1/login,POST,200,86
req-002260,2026-03-01T21:27:02Z,catalog,/v1/items,GET,200,57
req-002694,2026-03-02T02:10:52Z,checkout,/v1/pay,POST,200,265
req-004894,2026-03-02T22:15:13Z,auth,/v1/session,GET,302,34
req-001078,2026-03-01T10:37:47Z,catalog,/v1/items,GET,200,61
req-000800,2026-03-01T07:16:10Z,catalog,/v1/items,PUT,204,74
req-002582,2026-03-02T00:02:44Z,catalog,/v1/items,PUT,401,81
req-000751,2026-03-01T07:16:30Z,auth,/v1/login,POST,200,81
req-005162,2026-03-03T01:47:05Z,catalog,/v1/items,GET,200,49
req-003861,2026-03-02T13:01:52Z,checkout,/v1/pay,POST,200,200
req-004835,2026-03-02T22:02:48Z,auth,/v1/login,POST,200,100
req-006105,2026-03-03T10:55:37Z,search,/v1/query,GET,200,286
req-003802,2026-03-02T12:12:47Z,auth,/v1/login,POST,200,60
req-004191,2026-03-02T16:51:35Z,search,/v1/query,GET,403,387
req-002406,2026-03-01T23:57:50Z,checkout,/v1/pay,POST,200,119
req-000786,2026-03-01T07:54:38Z,catalog,/v1/items,GET,201,46
req-002656,2026-03-02T01:55:46Z,catalog,/v1/items,GET,200,148
req-001995,2026-03-01T19:52:36Z,billing,/v1/invoices,GET,201,334
req-003097,2026-03-02T05:34:13Z,search,/v1/cache,DELETE,201,64
req-004036,2026-03-02T14:41:38Z,catalog,/v1/items,GET,200,67
req-001102,2026-03-01T10:16:15Z,catalog,/v1/items,GET,200,56
req-003132,2026-03-02T06:10:42Z,auth,/v1/login,POST,200,112
req-002175,2026-03-01T20:30:35Z,auth,/v1/session,GET,200,56
req-002308,2026-03-01T22:25:08Z,search,/v1/query,GET,200,293
req-004759,2026-03-02T21:24:19Z,catalog,/v1/items,GET,204,41
req-001430,2026-03-01T13:30:18Z,auth,/v1/session,GET,404,32
req-000103,2026-03-01T01:19:42Z,checkout,/v1/pay,POST,204,303
req-004597,2026-03-02T20:54:37Z,checkout,/v1/pay,POST,200,210
req-001837,2026-03-01T17:44:27Z,catalog,/v1/items,GET,200,57
req-001511,2026-03-01T14:12:17Z,catalog,/v1/items,GET,204,39
req-007470,2026-03-03T23:44:25Z,auth,/v1/login,POST,204,121
req-001432,2026-03-01T13:54:31Z,auth,/v1/session,GET,404,39
req-002742,2026-03-02T02:30:48Z,auth,/v1/login,POST,200,99
req-001479,2026-03-01T14:00:48Z,auth,/v1/login,POST,200,89
req-001294,2026-03-01T12:29:29Z,catalog,/v1/items,GET,200,72
req-005035,2026-03-03T00:56:56Z,auth,/v1/login,POST,200,85
req-005238,2026-03-03T02:23:59Z,search,/v1/query,GET,200,137
req-000227,2026-03-01T02:12:23Z,billing,/v1/invoices,GET,201,361
req-001334,2026-03-01T13:29:19Z,checkout,/v1/pay,POST,204,176
req-005771,2026-03-03T07:49:17Z,checkout,/v1/pay,POST,200,221
req-005159,2026-03-03T01:09:31Z,catalog,/v1/items,GET,201,64
req-000001,2026-03-01T00:17:15Z,checkout,/v1/pay,POST,204,210
req-002706,2026-03-02T02:53:11Z,billing,/v1/invoices,GET,200,349
req-003807,2026-03-02T12:12:44Z,catalog,/v1/items,GET,200,49
req-001166,2026-03-01T11:14:08Z,auth,/v1/login,POST,201,59
req-003421,2026-03-02T08:08:27Z,auth,/v1/session,GET,200,51
req-000838,2026-03-01T08:09:03Z,search,/v1/query,GET,200,399
req-002423,2026-03-01T23:22:19Z,auth,/v1/login,POST,200,95
req-000260,2026-03-01T02:20:42Z,auth,/v1/login,POST,204,31
req-003042,2026-03-02T05:02:19Z,auth,/v1/login,POST,200,86
req-004134,2026-03-02T15:53:36Z,catalog,/v1/items,GET,204,49
req-001504,2026-03-01T14:44:19Z,catalog,/v1/items,GET,201,55
req-004156,2026-03-02T15:13:46Z,auth,/v1/session,GET,301,26
req-001806,2026-03-01T17:41:49Z,auth,/v1/login,POST,204,97
req-006651,2026-03-03T15:59:01Z,auth,/v1/login,POST,201,89
req-005146,2026-03-03T01:30:14Z,auth,/v1/login,POST,201,110
req-000056,2026-03-01T00:17:10Z,catalog,/v1/items,GET,200,64
req-003337,2026-03-02T08:01:35Z,billing,/v1/invoices,GET,204,405
req-003256,2026-03-02T07:43:11Z,auth,/v1/login,POST,200,83
req-002453,2026-03-01T23:46:51Z,catalog,/v1/items,GET,201,70
req-007188,2026-03-03T20:23:23Z,catalog,/v1/items,GET,201,70
req-004469,2026-03-02T18:45:09Z,catalog,/v1/items,GET,200,68
req-000380,2026-03-01T03:17:26Z,catalog,/v1/items,GET,200,60
req-002926,2026-03-02T04:51:25Z,search,/v1/query,GET,204,365
req-005058,2026-03-03T00:22:10Z,catalog,/v1/items,GET,200,60
req-004093,2026-03-02T15:41:18Z,auth,/v1/login,POST,204,114
req-005001,2026-03-02T23:21:58Z,search,/v1/cache,DELETE,403,49
req-003096,2026-03-02T05:01:19Z,search,/v1/cache,DELETE,200,57
req-005805,2026-03-03T07:20:14Z,auth,/v1/login,POST,200,94
req-003480,2026-03-02T09:48:56Z,auth,/v1/login,POST,200,77
req-001358,2026-03-01T13:07:55Z,search,/v1/query,GET,200,262
req-002543,2026-03-02T00:42:54Z,auth,/v1/login,POST,201,115
req-000023,2026-03-01T00:53:51Z,billing,/v1/invoices,GET,204,474
req-003739,2026-03-02T11:24:11Z,catalog,/v1/items,PUT,204,88
req-004122,2026-03-02T15:06:43Z,catalog,/v1/items,GET,200,56
req-003382,2026-03-02T08:11:30Z,catalog,/v1/items,GET,200,61
req-002715,2026-03-02T02:52:52Z,search,/v1/query,GET,201,313
req-001126,2026-03-01T11:38:08Z,checkout,/v1/pay,POST,200,105
req-006083,2026-03-03T10:55:48Z,checkout,/v1/pay,POST,200,91
req-002565,2026-03-02T00:26:10Z,catalog,/v1/items,GET,201,94
req-000043,2026-03-01T00:59:04Z,auth,/v1/login,POST,500,83
req-007042,2026-03-03T19:33:27Z,billing,/v1/invoices,GET,200,466
req-004800,2026-03-02T21:29:37Z,search,/v1/cache,DELETE,201,49
req-003065,2026-03-02T05:26:51Z,catalog,/v1/items,GET,200,78
req-000815,2026-03-01T08:01:48Z,checkout,/v1/pay,POST,204,247
req-000546,2026-03-01T05:57:41Z,auth,/v1/login,POST,200,111
req-002762,2026-03-02T02:23:16Z,catalog,/v1/items,GET,200,66
req-002295,2026-03-01T22:01:43Z,checkout,/v1/pay,POST,200,297
req-006914,2026-03-03T17:07:34Z,auth,/v1/session,GET,301,47
req-006595,2026-03-03T14:25:45Z,catalog,/v1/items,PUT,403,55
req-004908,2026-03-02T23:06:29Z,checkout,/v1/pay,POST,204,197
req-003801,2026-03-02T12:06:21Z,auth,/v1/login,POST,201,73
req-003247,2026-03-02T07:05:06Z,auth,/v1/login,POST,204,150
req-007254,2026-03-03T21:54:55Z,search,/v1/query,GET,502,260
req-006451,2026-03-03T13:29:00Z,auth,/v1/login,POST,204,84
req-003333,2026-03-02T08:00:40Z,checkout,/v1/pay,POST,502,266
req-004594,2026-03-02T20:52:59Z,checkout,/v1/pay,POST,500,264
req-000964,2026-03-01T09:31:55Z,auth,/v1/login,POST,201,100
req-002635,2026-03-02T01:06:25Z,auth,/v1/login,POST,201,72
req-000037,2026-03-01T00:31:09Z,auth,/v1/login,POST,200,47
req-006175,2026-03-03T10:44:14Z,auth,/v1/session,GET,201,34
req-004069,2026-03-02T15:26:29Z,checkout,/v1/pay,POST,201,317
req-005546,2026-03-03T05:18:04Z,checkout,/v1/pay,POST,403,222
req-002649,2026-03-02T01:50:23Z,catalog,/v1/items,GET,200,53
req-005440,2026-03-03T04:05:28Z,checkout,/v1/pay,POST,503,292
req-002934,2026-03-02T04:52:45Z,auth,/v1/login,POST,201,97
req-004781,2026-03-02T21:05:51Z,catalog,/v1/items,GET,200,75
req-006298,2026-03-03T12:59:20Z,checkout,/v1/pay,POST,200,218
req-005640,2026-03-03T05:36:04Z,catalog,/v1/items,PUT,204,135
req-007403,2026-03-03T22:47:00Z,catalog,/v1/items,GET,201,128
req-002554,2026-03-02T00:29:14Z,catalog,/v1/items,GET,200,69
req-003510,2026-03-02T09:32:40Z,catalog,/v1/items,GET,200,44
req-004452,2026-03-02T18:10:51Z,catalog,/v1/items,GET,201,66
req-002900,2026-03-02T04:50:38Z,checkout,/v1/pay,POST,200,191
req-004162,2026-03-02T16:13:13Z,checkout,/v1/pay,POST,201,190
req-002393,2026-03-01T22:35:35Z,search,/v1/cache,DELETE,204,54
req-003420,2026-03-02T08:08:11Z,catalog,/v1/items,PUT,401,89
req-002858,2026-03-02T03:08:34Z,catalog,/v1/items,GET,201,81
req-007267,2026-03-03T21:16:29Z,auth,/v1/login,POST,200,72
req-004552,2026-03-02T19:18:14Z,catalog,/v1/items,GET,204,77
req-003702,2026-03-02T11:28:03Z,catalog,/v1/items,GET,201,39
req-001606,2026-03-01T15:54:32Z,catalog,/v1/items,GET,200,40
req-006176,2026-03-03T10:17:46Z,auth,/v1/session,GET,200,34
req-003597,2026-03-02T10:38:16Z,catalog,/v1/items,GET,201,66
req-001705,2026-03-01T16:42:27Z,auth,/v1/login,POST,200,77
req-007195,2026-03-03T20:44:06Z,catalog,/v1/items,GET,204,58
req-004084,2026-03-02T15:54:45Z,billing,/v1/invoices,GET,201,417
req-002446,2026-03-01T23:02:07Z,catalog,/v1/items,GET,200,69
req-000616,2026-03-01T05:43:20Z,search,/v1/cache,DELETE,200,70
req-002433,2026-03-01T23:56:15Z,auth,/v1/login,POST,200,80
req-007045,2026-03-03T19:29:27Z,search,/v1/query,GET,200,520
req-004644,2026-03-02T20:32:19Z,catalog,/v1/items,GET,200,48
req-004780,2026-03-02T21:34:07Z,catalog,/v1/items,GET,200,52
req-006919,2026-03-03T17:21:00Z,search,/v1/cache,DELETE,204,22
req-004901,2026-03-02T23:20:55Z,checkout,/v1/pay,POST,500,257
req-002672,2026-03-02T01:44:37Z,catalog,/v1/items,GET,400,52
req-004899,2026-03-02T22:38:46Z,search,/v1/cache,DELETE,504,24
req-001402,2026-03-01T13:02:33Z,catalog,/v1/items,GET,204,39
req-007475,2026-03-03T23:55:30Z,auth,/v1/login,POST,200,60
req-000524,2026-03-01T05:58:55Z,billing,/v1/invoices,GET,504,1663
req-007476,2026-03-03T23:54:53Z,auth,/v1/login,POST,200,88
req-003259,2026-03-02T07:22:07Z,auth,/v1/login,POST,200,118
req-002871,2026-03-02T03:28:45Z,catalog,/v1/items,GET,204,54
req-003260,2026-03-02T07:34:37Z,auth,/v1/login,POST,201,111
req-003011,2026-03-02T05:36:27Z,billing,/v1/invoices,GET,201,1937
req-007568,2026-03-01T20:04:00Z,billing,/v1/refund,POST,200,183
req-007542,2026-03-03T23:16:49Z,auth,/v1/session,GET,200,45
req-001451,2026-03-01T14:11:02Z,checkout,/v1/pay,POST,503,336
req-004602,2026-03-02T20:39:30Z,billing,/v1/invoices,GET,200,146
req-006864,2026-03-03T17:02:59Z,catalog,/v1/items,GET,201,51
req-004728,2026-03-02T21:18:26Z,search,/v1/query,GET,200,305
req-002986,2026-03-02T04:52:15Z,auth,/v1/session,GET,200,56
req-002482,2026-03-01T23:26:19Z,catalog,/v1/items,PUT,201,58
req-001754,2026-03-01T17:05:55Z,checkout,/v1/pay,POST,503,258
req-001704,2026-03-01T16:55:24Z,auth,/v1/login,POST,200,65
req-000809,2026-03-01T07:43:14Z,search,/v1/cache,DELETE,201,59
req-001314,2026-03-01T12:42:52Z,catalog,/v1/items,PUT,200,105
req-003424,2026-03-02T08:36:37Z,auth,/v1/session,GET,204,37
req-002341,2026-03-01T22:52:27Z,auth,/v1/login,POST,200,68
req-004007,2026-03-02T14:39:43Z,auth,/v1/login,POST,200,72
req-001346,2026-03-01T13:52:09Z,billing,/v1/invoices,GET,201,305
req-007032,2026-03-03T19:04:33Z,checkout,/v1/pay,POST,201,253
req-001428,2026-03-01T13:08:32Z,auth,/v1/session,GET,302,36
req-005007,2026-03-03T00:37:07Z,checkout,/v1/pay,POST,500,281
req-005796,2026-03-03T07:31:56Z,auth,/v1/login,POST,200,118
req-004363,2026-03-02T17:50:59Z,auth,/v1/session,GET,200,52
req-003580,2026-03-02T10:07:38Z,auth,/v1/login,POST,200,87
req-006321,2026-03-03T12:55:07Z,auth,/v1/login,POST,204,77
req-003172,2026-03-02T06:44:19Z,catalog,/v1/items,GET,200,57
req-003826,2026-03-02T12:59:10Z,catalog,/v1/items,GET,204,81
req-007134,2026-03-03T20:50:41Z,checkout,/v1/pay,POST,200,303
req-002859,2026-03-02T03:25:23Z,catalog,/v1/items,GET,200,49
req-001298,2026-03-01T12:40:34Z,catalog,/v1/items,GET,200,38
req-001481,2026-03-01T14:52:21Z,auth,/v1/login,POST,200,59
req-006016,2026-03-03T09:27:26Z,auth,/v1/login,POST,200,101
req-006669,2026-03-03T15:57:00Z,catalog,/v1/items,GET,201,45
req-001734,2026-03-01T16:15:49Z,catalog,/v1/items,GET,200,63
req-005368,2026-03-03T03:45:31Z,auth,/v1/login,POST,201,84
req-003493,2026-03-02T09:11:49Z,catalog,/v1/items,GET,200,53
req-005791,2026-03-03T07:24:19Z,auth,/v1/login,POST,200,87
req-007012,2026-03-03T18:51:37Z,auth,/v1/session,GET,200,53
req-006965,2026-03-03T18:02:05Z,auth,/v1/login,POST,200,95
req-005273,2026-03-03T02:13:26Z,catalog,/v1/items,GET,200,80
req-000458,2026-03-01T04:54:02Z,auth,/v1/login,POST,201,117
req-003796,2026-03-02T12:14:15Z,auth,/v1/login,POST,200,90
req-001759,2026-03-01T17:14:43Z,checkout,/v1/pay,POST,201,162
req-007499,2026-03-03T23:00:54Z,catalog,/v1/items,GET,200,60
req-007230,2026-03-03T21:53:16Z,checkout,/v1/pay,POST,204,172
req-007481,2026-03-03T23:13:41Z,auth,/v1/login,POST,200,67
req-006892,2026-03-03T17:04:55Z,catalog,/v1/items,GET,200,136
req-007250,2026-03-03T21:43:26Z,search,/v1/query,GET,504,397
req-003671,2026-03-02T11:09:51Z,search,/v1/query,GET,204,373
req-002799,2026-03-02T03:10:33Z,checkout,/v1/pay,POST,200,160
req-004878,2026-03-02T22:19:51Z,catalog,/v1/items,GET,204,42
req-001412,2026-03-01T13:09:55Z,catalog,/v1/items,GET,200,74
req-005886,2026-03-03T08:51:48Z,search,/v1/query,GET,200,330
req-007061,2026-03-03T19:29:50Z,auth,/v1/login,POST,200,64
req-001231,2026-03-01T12:23:33Z,checkout,/v1/pay,POST,200,413
req-000449,2026-03-01T04:53:41Z,auth,/v1/login,POST,201,83
req-000554,2026-03-01T05:37:37Z,auth,/v1/login,POST,200,87
req-004164,2026-03-02T16:11:19Z,checkout,/v1/pay,POST,502,207
req-001076,2026-03-01T10:36:47Z,catalog,/v1/items,GET,204,70
req-003988,2026-03-02T14:21:02Z,search,/v1/query,GET,200,384
req-007285,2026-03-03T21:00:41Z,catalog,/v1/items,GET,201,78
req-001881,2026-03-01T18:14:04Z,checkout,/v1/pay,POST,204,305
req-007375,2026-03-03T22:49:30Z,auth,/v1/login,POST,200,115
req-006263,2026-03-03T11:01:40Z,catalog,/v1/items,GET,200,41
req-002248,2026-03-01T21:33:57Z,catalog,/v1/items,GET,200,75
req-005662,2026-03-03T06:08:05Z,checkout,/v1/pay,POST,502,257
req-005845,2026-03-03T07:48:35Z,catalog,/v1/items,PUT,204,107
req-006603,2026-03-03T14:40:56Z,search,/v1/cache,DELETE,200,41
req-001711,2026-03-01T16:17:05Z,catalog,/v1/items,GET,200,62
req-000214,2026-03-01T02:05:32Z,checkout,/v1/pay,POST,201,145
req-007500,2026-03-03T23:21:12Z,catalog,/v1/items,GET,200,71
req-006708,2026-03-03T16:38:36Z,checkout,/v1/pay,POST,200,256
req-001976,2026-03-01T19:51:24Z,checkout,/v1/pay,POST,403,233
req-007019,2026-03-03T18:00:33Z,search,/v1/cache,DELETE,200,77
req-006123,2026-03-03T10:50:59Z,auth,/v1/login,POST,204,190
req-005138,2026-03-03T01:37:22Z,auth,/v1/login,POST,204,199
req-002058,2026-03-01T19:21:05Z,catalog,/v1/items,GET,201,47
req-002822,2026-03-02T03:29:57Z,auth,/v1/login,POST,200,82
req-001098,2026-03-01T10:36:07Z,catalog,/v1/items,GET,201,49
req-000448,2026-03-01T04:13:51Z,auth,/v1/login,POST,204,102
req-005016,2026-03-03T00:49:35Z,checkout,/v1/pay,POST,200,232
req-006111,2026-03-03T10:56:08Z,auth,/v1/login,POST,200,89
req-002689,2026-03-02T01:06:15Z,search,/v1/cache,DELETE,200,74
req-003738,2026-03-02T11:58:13Z,catalog,/v1/items,PUT,201,124
req-003704,2026-03-02T11:37:33Z,catalog,/v1/items,GET,204,48
req-005339,2026-03-03T03:30:12Z,billing,/v1/invoices,GET,200,268
req-000842,2026-03-01T08:57:24Z,search,/v1/query,GET,204,1583
req-001394,2026-03-01T13:36:30Z,catalog,/v1/items,GET,204,38
req-001104,2026-03-01T10:45:24Z,catalog,/v1/items,GET,200,55
req-005726,2026-03-03T06:34:01Z,catalog,/v1/items,GET,200,61
req-001547,2026-03-01T15:43:36Z,checkout,/v1/pay,POST,200,472
req-000115,2026-03-01T01:15:11Z,billing,/v1/invoices,GET,201,314
req-007105,2026-03-03T19:51:53Z,catalog,/v1/items,GET,200,45
req-004501,2026-03-02T19:14:43Z,billing,/v1/invoices,GET,200,418
req-005664,2026-03-03T06:53:46Z,checkout,/v1/pay,POST,200,182
req-006690,2026-03-03T15:26:25Z,catalog,/v1/items,GET,201,79
req-006978,2026-03-03T18:24:02Z,catalog,/v1/items,GET,200,127
req-000467,2026-03-01T04:57:54Z,catalog,/v1/items,GET,200,78
req-002221,2026-03-01T21:27:05Z,auth,/v1/login,POST,200,66
req-003659,2026-03-02T11:16:36Z,billing,/v1/invoices,GET,201,275
req-000033,2026-03-01T00:29:15Z,search,/v1/query,GET,204,404
req-001157,2026-03-01T11:14:31Z,auth,/v1/login,POST,200,83
req-004872,2026-03-02T22:32:45Z,catalog,/v1/items,GET,200,53
req-004025,2026-03-02T14:53:31Z,catalog,/v1/items,GET,200,76
req-007342,2026-03-03T22:01:35Z,checkout,/v1/pay,POST,200,153
req-004511,2026-03-02T19:09:57Z,search,/v1/query,GET,200,291
req-002525,2026-03-02T00:47:46Z,search,/v1/query,GET,201,241
req-002481,2026-03-01T23:25:39Z,catalog,/v1/items,PUT,204,72
req-002541,2026-03-02T00:25:34Z,auth,/v1/login,POST,200,74
req-005559,2026-03-03T05:09:27Z,checkout,/v1/pay,POST,201,196
req-002984,2026-03-02T04:03:57Z,auth,/v1/session,GET,201,40
req-006479,2026-03-03T13:51:30Z,catalog,/v1/items,GET,201,64
req-005674,2026-03-03T06:59:43Z,search,/v1/query,GET,204,382
req-005730,2026-03-03T06:12:40Z,catalog,/v1/items,GET,200,39
req-006795,2026-03-03T16:55:30Z,catalog,/v1/items,PUT,200,89
req-000917,2026-03-01T09:00:26Z,checkout,/v1/pay,POST,500,128
req-005572,2026-03-03T05:57:58Z,search,/v1/query,GET,200,251
req-000014,2026-03-01T00:58:41Z,checkout,/v1/pay,POST,200,131
req-000602,2026-03-01T05:33:47Z,catalog,/v1/items,PUT,204,109
req-000223,2026-03-01T02:34:53Z,billing,/v1/invoices,GET,200,285
req-001495,2026-03-01T14:35:31Z,auth,/v1/login,POST,204,60
req-002714,2026-03-02T02:28:01Z,search,/v1/query,GET,204,456
req-005797,2026-03-03T07:47:09Z,auth,/v1/login,POST,200,78
req-004488,2026-03-02T19:11:25Z,checkout,/v1/pay,POST,201,186
req-002968,2026-03-02T04:01:38Z,catalog,/v1/items,GET,201,46
req-004566,2026-03-02T19:25:12Z,catalog,/v1/items,GET,201,72
req-006102,2026-03-03T10:09:32Z,search,/v1/query,GET,503,419
req-006861,2026-03-03T17:34:41Z,auth,/v1/login,POST,201,97
req-004710,2026-03-02T21:48:14Z,checkout,/v1/pay,POST,201,226
req-005045,2026-03-03T00:08:02Z,auth,/v1/login,POST,200,222
req-005779,2026-03-03T07:41:30Z,billing,/v1/invoices,GET,200,282
req-003205,2026-03-02T06:51:39Z,search,/v1/cache,DELETE,403,83
req-003189,2026-03-02T06:50:59Z,catalog,/v1/items,GET,200,35
req-004723,2026-03-02T21:19:16Z,billing,/v1/invoices,GET,204,286
req-002458,2026-03-01T23:04:15Z,catalog,/v1/items,GET,204,59
req-005671,2026-03-03T06:03:58Z,billing,/v1/invoices,GET,200,291
req-001459,2026-03-01T14:57:23Z,billing,/v1/invoices,GET,201,1508
req-000430,2026-03-01T04:41:19Z,billing,/v1/invoices,GET,200,1729
req-006826,2026-03-03T17:21:15Z,billing,/v1/invoices,GET,204,144
req-004426,2026-03-02T18:29:09Z,auth,/v1/login,POST,200,59
req-002421,2026-03-01T23:53:03Z,search,/v1/query,GET,200,491
req-001773,2026-03-01T17:08:38Z,billing,/v1/invoices,GET,200,505
req-002622,2026-03-02T01:27:35Z,search,/v1/query,GET,200,425
req-003146,2026-03-02T06:38:02Z,auth,/v1/login,POST,200,77
req-003643,2026-03-02T10:22:40Z,search,/v1/cache,DELETE,201,58
req-001510,2026-03-01T14:29:30Z,catalog,/v1/items,GET,201,67
req-004258,2026-03-02T16:34:48Z,auth,/v1/session,GET,301,65
req-001746,2026-03-01T16:59:27Z,auth,/v1/session,GET,200,63
req-001804,2026-03-01T17:25:59Z,auth,/v1/login,POST,200,106
req-006316,2026-03-03T12:41:32Z,search,/v1/query,GET,200,1798
req-003939,2026-03-02T13:42:08Z,catalog,/v1/items,GET,204,79
req-003138,2026-03-02T06:47:06Z,auth,/v1/login,POST,200,184
req-000202,2026-03-01T01:10:51Z,auth,/v1/session,GET,200,44
req-000735,2026-03-01T07:00:00Z,search,/v1/query,GET,200,387
req-005237,2026-03-03T02:15:50Z,search,/v1/query,GET,200,339
req-006465,2026-03-03T13:36:50Z,catalog,/v1/items,GET,201,48
req-005853,2026-03-03T07:09:41Z,auth,/v1/session,GET,201,37
req-002786,2026-03-02T02:20:46Z,search,/v1/cache,DELETE,200,48
req-005037,2026-03-03T00:41:51Z,auth,/v1/login,POST,204,113
req-001979,2026-03-01T19:26:52Z,checkout,/v1/pay,POST,502,175
req-005044,2026-03-03T00:08:04Z,auth,/v1/login,POST,200,72
req-007101,2026-03-03T19:54:19Z,catalog,/v1/items,GET,200,60
req-004270,2026-03-02T17:19:43Z,checkout,/v1/pay,POST,500,529
req-001135,2026-03-01T11:26:56Z,billing,/v1/invoices,GET,201,215
req-003927,2026-03-02T13:23:53Z,catalog,/v1/items,GET,200,48
req-002992,2026-03-02T04:42:05Z,search,/v1/cache,DELETE,200,66
req-005529,2026-03-03T04:16:13Z,catalog,/v1/items,PUT,201,98
req-006726,2026-03-03T16:02:30Z,billing,/v1/invoices,GET,200,430
req-001567,2026-03-01T15:34:53Z,billing,/v1/invoices,GET,201,338
req-005365,2026-03-03T03:51:04Z,auth,/v1/login,POST,204,101
req-006785,2026-03-03T16:40:15Z,catalog,/v1/items,GET,200,73
req-005266,2026-03-03T02:57:03Z,auth,/v1/login,POST,201,75
req-004928,2026-03-02T23:45:07Z,search,/v1/query,GET,200,292
req-000364,2026-03-01T03:41:50Z,catalog,/v1/items,GET,200,69
req-004975,2026-03-02T23:13:25Z,catalog,/v1/items,GET,204,82
req-000083,2026-03-01T00:57:14Z,catalog,/v1/items,GET,201,120
req-007235,2026-03-03T21:34:18Z,checkout,/v1/pay,POST,201,295
req-002141,2026-03-01T20:58:39Z,catalog,/v1/items,GET,201,46
req-006648,2026-03-03T15:00:00Z,auth,/v1/login,POST,201,72
req-005804,2026-03-03T07:08:18Z,auth,/v1/login,POST,200,106
req-002827,2026-03-02T03:29:18Z,auth,/v1/login,POST,200,70
req-006397,2026-03-03T13:20:40Z,checkout,/v1/pay,POST,200,303
req-003891,2026-03-02T13:25:11Z,auth,/v1/login,POST,204,92
req-000577,2026-03-01T05:03:06Z,catalog,/v1/items,GET,200,58
req-001848,2026-03-01T17:36:48Z,catalog,/v1/items,GET,200,50
req-000472,2026-03-01T04:34:22Z,catalog,/v1/items,GET,200,63
req-006244,2026-03-03T11:39:19Z,catalog,/v1/items,GET,201,74
req-005104,2026-03-03T01:18:45Z,checkout,/v1/pay,POST,200,201
req-002150,2026-03-01T20:16:52Z,catalog,/v1/items,GET,200,71
req-007477,2026-03-03T23:32:56Z,auth,/v1/login,POST,200,88
req-004115,2026-03-02T15:43:51Z,auth,/v1/login,POST,204,80
req-006038,2026-03-03T09:39:41Z,catalog,/v1/items,GET,200,79
req-001285,2026-03-01T12:34:24Z,catalog,/v1/items,GET,204,74
req-005436,2026-03-03T04:15:03Z,checkout,/v1/pay,POST,200,182
req-000137,2026-03-01T01:59:20Z,auth,/v1/login,POST,200,83
req-002509,2026-03-02T00:53:23Z,checkout,/v1/pay,POST,200,270
req-007247,2026-03-03T21:32:52Z,billing,/v1/invoices,GET,200,439
req-003213,2026-03-02T07:44:29Z,checkout,/v1/pay,POST,200,172
req-005746,2026-03-03T06:38:04Z,catalog,/v1/items,PUT,201,119
req-004634,2026-03-02T20:36:20Z,auth,/v1/login,POST,200,118
req-006377,2026-03-03T12:50:05Z,catalog,/v1/items,PUT,200,78
req-002040,2026-03-01T19:14:28Z,catalog,/v1/items,GET,200,57
req-003201,2026-03-02T06:32:45Z,auth,/v1/session,GET,200,38
req-004288,2026-03-02T17:06:57Z,search,/v1/query,GET,200,431
req-007215,2026-03-03T20:22:29Z,catalog,/v1/items,PUT,201,95
req-005685,2026-03-03T06:48:15Z,auth,/v1/login,POST,204,59
req-007185,2026-03-03T20:49:54Z,catalog,/v1/items,GET,201,67
req-002392,2026-03-01T22:38:33Z,search,/v1/cache,DELETE,200,62
req-002857,2026-03-02T03:20:51Z,catalog,/v1/items,GET,200,48
req-001551,2026-03-01T15:42:44Z,checkout,/v1/pay,POST,204,237
req-006860,2026-03-03T17:20:04Z,auth,/v1/login,POST,200,69
req-005370,2026-03-03T03:24:11Z,auth,/v1/login,POST,200,67
req-004963,2026-03-02T23:26:59Z,catalog,/v1/items,GET,200,75
req-000570,2026-03-01T05:13:44Z,catalog,/v1/items,GET,404,53
req-007030,2026-03-03T19:25:28Z,checkout,/v1/pay,POST,201,192
req-005402,2026-03-03T03:39:58Z,catalog,/v1/items,GET,204,36
req-007083,2026-03-03T19:42:20Z,catalog,/v1/items,GET,201,149
req-002537,2026-03-02T00:48:22Z,auth,/v1/login,POST,200,55
req-003466,2026-03-02T09:18:49Z,auth,/v1/login,POST,201,81
req-002931,2026-03-02T04:47:21Z,auth,/v1/login,POST,200,97
req-001965,2026-03-01T18:56:45Z,auth,/v1/session,GET,301,35
req-002593,2026-03-02T00:11:40Z,search,/v1/cache,DELETE,204,62
req-004982,2026-03-02T23:12:12Z,catalog,/v1/items,GET,200,33
req-003685,2026-03-02T11:05:22Z,auth,/v1/login,POST,200,72
req-005982,2026-03-03T09:26:24Z,billing,/v1/invoices,GET,200,621
req-007415,2026-03-03T22:51:20Z,catalog,/v1/items,GET,200,110
req-006279,2026-03-03T11:46:35Z,auth,/v1/session,GET,201,20
req-005536,2026-03-03T04:39:13Z,auth,/v1/session,GET,200,47
req-000052,2026-03-01T00:19:23Z,auth,/v1/login,POST,200,88
req-003930,2026-03-02T13:56:26Z,catalog,/v1/items,GET,200,53
req-006502,2026-03-03T13:07:17Z,search,/v1/cache,DELETE,201,52
req-004729,2026-03-02T21:21:37Z,search,/v1/query,GET,201,417
req-006993,2026-03-03T18:01:47Z,catalog,/v1/items,GET,200,59
req-006317,2026-03-03T12:49:13Z,search,/v1/query,GET,204,1796
req-004564,2026-03-02T19:20:53Z,catalog,/v1/items,GET,200,64
req-004438,2026-03-02T18:24:01Z,catalog,/v1/items,GET,200,73
req-007288,2026-03-03T21:58:49Z,catalog,/v1/items,GET,200,68
req-001264,2026-03-01T12:30:50Z,auth,/v1/login,POST,204,87
req-000498,2026-03-01T04:11:24Z,auth,/v1/session,GET,200,55
req-005937,2026-03-03T08:22:28Z,catalog,/v1/items,GET,200,67
req-007132,2026-03-03T20:46:10Z,checkout,/v1/pay,POST,201,262
req-005912,2026-03-03T08:25:28Z,auth,/v1/login,POST,200,79
req-000696,2026-03-01T06:36:00Z,catalog,/v1/items,PUT,200,138
req-005531,2026-03-03T04:52:22Z,catalog,/v1/items,PUT,404,191
req-007152,2026-03-03T20:16:51Z,search,/v1/query,GET,504,356
req-004269,2026-03-02T17:39:54Z,checkout,/v1/pay,POST,200,252
req-005455,2026-03-03T04:07:37Z,billing,/v1/invoices,GET,204,201
req-005201,2026-03-03T01:27:39Z,auth,/v1/session,GET,302,31
req-007487,2026-03-03T23:24:32Z,auth,/v1/login,POST,200,81
req-003082,2026-03-02T05:48:42Z,catalog,/v1/items,PUT,201,106
req-004327,2026-03-02T17:09:45Z,catalog,/v1/items,GET,201,67
req-000550,2026-03-01T05:42:22Z,auth,/v1/login,POST,204,62
req-001801,2026-03-01T17:12:12Z,auth,/v1/login,POST,200,60
req-001352,2026-03-01T13:17:04Z,search,/v1/query,GET,201,360
req-004662,2026-03-02T20:26:00Z,catalog,/v1/items,GET,200,72
req-001543,2026-03-01T14:47:52Z,auth,/v1/session,GET,200,37
req-006615,2026-03-03T15:10:32Z,checkout,/v1/pay,POST,401,224
req-003554,2026-03-02T10:04:42Z,billing,/v1/invoices,GET,200,299
req-000139,2026-03-01T01:42:50Z,auth,/v1/login,POST,201,116
req-005494,2026-03-03T04:47:09Z,catalog,/v1/items,GET,204,66
req-003137,2026-03-02T06:19:42Z,auth,/v1/login,POST,204,42
req-000754,2026-03-01T07:23:49Z,auth,/v1/login,POST,200,84
req-001308,2026-03-01T12:19:28Z,catalog,/v1/items,GET,404,73
req-004353,2026-03-02T17:49:12Z,catalog,/v1/items,PUT,200,82
req-005125,2026-03-03T01:00:58Z,billing,/v1/invoices,GET,204,328
req-000819,2026-03-01T08:59:17Z,checkout,/v1/pay,POST,200,298
req-001245,2026-03-01T12:51:02Z,search,/v1/query,GET,503,382
req-004482,2026-03-02T18:55:26Z,search,/v1/cache,DELETE,200,59
req-006331,2026-03-03T12:56:37Z,auth,/v1/login,POST,201,61
req-003719,2026-03-02T11:31:28Z,catalog,/v1/items,GET,200,57
req-006152,2026-03-03T10:56:31Z,catalog,/v1/items,GET,201,41
req-000348,2026-03-01T03:34:41Z,auth,/v1/login,POST,204,60
req-005165,2026-03-03T01:33:39Z,catalog,/v1/items,GET,204,88
req-005806,2026-03-03T07:55:30Z,auth,/v1/login,POST,200,125
req-001915,2026-03-01T18:37:19Z,auth,/v1/login,POST,403,78
req-005337,2026-03-03T03:42:29Z,billing,/v1/invoices,GET,204,486
req-005631,2026-03-03T05:43:21Z,catalog,/v1/items,GET,200,51
req-005885,2026-03-03T08:22:08Z,search,/v1/query,GET,200,434
req-002333,2026-03-01T22:16:36Z,auth,/v1/login,POST,200,74
req-001671,2026-03-01T16:53:01Z,billing,/v1/invoices,GET,201,503
req-001593,2026-03-01T15:48:22Z,auth,/v1/login,POST,200,96
req-005123,2026-03-03T01:32:26Z,billing,/v1/invoices,GET,201,372
req-006312,2026-03-03T12:37:43Z,search,/v1/query,GET,200,372
req-005594,2026-03-03T05:42:47Z,auth,/v1/login,POST,200,82
req-003976,2026-03-02T14:49:38Z,billing,/v1/invoices,GET,200,350
req-006076,2026-03-03T10:22:21Z,checkout,/v1/pay,POST,200,228
req-002382,2026-03-01T22:07:32Z,catalog,/v1/items,PUT,201,106
req-006399,2026-03-03T13:38:30Z,checkout,/v1/pay,POST,201,406
req-006078,2026-03-03T10:10:39Z,checkout,/v1/pay,POST,201,253
req-005234,2026-03-03T02:49:09Z,search,/v1/query,GET,201,433
req-003000,2026-03-02T05:33:34Z,checkout,/v1/pay,POST,201,289
req-001650,2026-03-01T15:31:08Z,search,/v1/cache,DELETE,200,48
req-000337,2026-03-01T03:15:19Z,search,/v1/query,GET,204,195
req-004765,2026-03-02T21:02:30Z,catalog,/v1/items,GET,200,51
req-002155,2026-03-01T20:19:48Z,catalog,/v1/items,GET,200,46
req-005419,2026-03-03T03:39:39Z,catalog,/v1/items,PUT,200,54
req-006375,2026-03-03T12:25:38Z,catalog,/v1/items,PUT,200,65
req-005422,2026-03-03T03:10:10Z,catalog,/v1/items,PUT,200,71
req-003323,2026-03-02T08:46:11Z,checkout,/v1/pay,POST,201,197
req-000402,2026-03-01T03:48:45Z,auth,/v1/session,GET,301,30
req-003459,2026-03-02T09:58:48Z,search,/v1/query,GET,502,373
req-007457,2026-03-03T23:29:36Z,billing,/v1/invoices,GET,200,166
req-000338,2026-03-01T03:19:17Z,search,/v1/query,GET,502,265
req-001708,2026-03-01T16:59:47Z,catalog,/v1/items,GET,204,55
req-000731,2026-03-01T07:22:55Z,billing,/v1/invoices,GET,201,306
req-002414,2026-03-01T23:15:08Z,search,/v1/query,GET,200,343
req-006522,2026-03-03T14:42:02Z,checkout,/v1/pay,POST,500,222
req-004581,2026-03-02T19:17:01Z,search,/v1/cache,DELETE,201,37
req-000435,2026-03-01T04:20:23Z,search,/v1/query,GET,200,318
req-001638,2026-03-01T15:05:18Z,catalog,/v1/items,PUT,200,118
req-004600,2026-03-02T20:46:14Z,checkout,/v1/pay,POST,200,195
req-002384,2026-03-01T22:12:34Z,catalog,/v1/items,PUT,204,107
req-006985,2026-03-03T18:07:00Z,catalog,/v1/items,GET,200,69
req-006434,2026-03-03T13:39:51Z,auth,/v1/login,POST,200,60
req-000345,2026-03-01T03:35:13Z,auth,/v1/login,POST,200,91
req-004676,2026-03-02T20:35:59Z,catalog,/v1/items,GET,204,44
req-000543,2026-03-01T05:43:33Z,auth,/v1/login,POST,200,217
req-002807,2026-03-02T03:18:59Z,billing,/v1/invoices,GET,200,385
req-003395,2026-03-02T08:15:58Z,catalog,/v1/items,GET,204,151
req-002520,2026-03-02T00:23:39Z,billing,/v1/invoices,GET,200,399
req-004457,2026-03-02T18:23:17Z,catalog,/v1/items,GET,201,50
req-004572,2026-03-02T19:38:09Z,catalog,/v1/items,PUT,201,112
req-005199,2026-03-03T01:42:36Z,catalog,/v1/items,PUT,204,94
req-002013,2026-03-01T19:33:06Z,auth,/v1/login,POST,200,76
req-001727,2026-03-01T16:42:46Z,catalog,/v1/items,GET,200,73
req-006410,2026-03-03T13:41:03Z,billing,/v1/invoices,GET,200,348
req-007184,2026-03-03T20:44:38Z,catalog,/v1/items,GET,200,48
req-003131,2026-03-02T06:06:24Z,auth,/v1/login,POST,200,65
req-001118,2026-03-01T10:01:18Z,search,/v1/cache,DELETE,201,26
req-002323,2026-03-01T22:01:32Z,auth,/v1/login,POST,200,66
req-002320,2026-03-01T22:24:56Z,auth,/v1/login,POST,204,87
req-004458,2026-03-02T18:42:55Z,catalog,/v1/items,GET,200,71
req-003087,2026-03-02T05:14:45Z,catalog,/v1/items,PUT,400,121
req-002567,2026-03-02T00:54:32Z,catalog,/v1/items,GET,200,52
req-002400,2026-03-01T23:05:14Z,checkout,/v1/pay,POST,503,154
req-005753,2026-03-03T06:41:19Z,auth,/v1/session,GET,200,54
req-003933,2026-03-02T13:18:57Z,catalog,/v1/items,GET,200,84
req-002826,2026-03-02T03:23:21Z,auth,/v1/login,POST,200,67
req-006058,2026-03-03T09:22:09Z,catalog,/v1/items,PUT,201,105
req-005024,2026-03-03T00:07:11Z,search,/v1/query,GET,201,1663
req-002069,2026-03-01T19:38:09Z,catalog,/v1/items,PUT,201,68
req-000229,2026-03-01T02:16:03Z,billing,/v1/invoices,GET,204,352
req-007404,2026-03-03T22:01:24Z,catalog,/v1/items,GET,200,47
req-006309,2026-03-03T12:15:15Z,billing,/v1/invoices,GET,201,361
req-001539,2026-03-01T14:33:13Z,catalog,/v1/items,PUT,200,106
req-004129,2026-03-02T15:03:24Z,catalog,/v1/items,GET,200,129
req-003946,2026-03-02T13:01:35Z,catalog,/v1/items,PUT,200,68
req-001972,2026-03-01T18:07:31Z,search,/v1/cache,DELETE,200,64
req-001037,2026-03-01T10:43:31Z,billing,/v1/invoices,GET,204,425
req-007456,2026-03-03T23:25:11Z,billing,/v1/invoices,GET,200,461
req-003033,2026-03-02T05:39:13Z,auth,/v1/login,POST,200,91
req-006513,2026-03-03T14:25:01Z,checkout,/v1/pay,POST,204,174
req-005803,2026-03-03T07:02:28Z,auth,/v1/login,POST,503,62
req-000450,2026-03-01T04:05:59Z,auth,/v1/login,POST,204,74
req-004688,2026-03-02T20:37:51Z,auth,/v1/session,GET,403,13
req-005054,2026-03-03T00:32:49Z,auth,/v1/login,POST,200,111
req-001446,2026-03-01T14:12:54Z,checkout,/v1/pay,POST,200,184
req-003652,2026-03-02T11:18:35Z,checkout,/v1/pay,POST,200,499
req-005526,2026-03-03T04:49:41Z,catalog,/v1/items,PUT,204,86
req-002104,2026-03-01T20:58:47Z,search,/v1/query,GET,200,458
req-003615,2026-03-02T10:36:59Z,catalog,/v1/items,GET,204,75
req-002490,2026-03-01T23:53:17Z,auth,/v1/session,GET,201,35
req-000768,2026-03-01T07:58:13Z,catalog,/v1/items,GET,200,50
req-000525,2026-03-01T05:09:09Z,billing,/v1/invoices,GET,200,339
req-000367,2026-03-01T03:01:13Z,catalog,/v1/items,GET,201,86
req-002916,2026-03-02T04:05:26Z,billing,/v1/invoices,GET,200,330
req-005639,2026-03-03T05:21:32Z,catalog,/v1/items,PUT,201,100
req-006889,2026-03-03T17:14:24Z,catalog,/v1/items,GET,200,61
req-007165,2026-03-03T20:36:41Z,auth,/v1/login,POST,200,50
req-000036,2026-03-01T00:50:50Z,auth,/v1/login,POST,204,78
req-000233,2026-03-01T02:01:20Z,search,/v1/query,GET,200,356
req-005065,2026-03-03T00:39:40Z,catalog,/v1/items,GET,204,54
req-001726,2026-03-01T16:49:47Z,catalog,/v1/items,GET,200,45
req-005735,2026-03-03T06:30:02Z,catalog,/v1/items,GET,201,62
req-000722,2026-03-01T07:28:56Z,checkout,/v1/pay,POST,503,326
req-007323,2026-03-03T21:40:59Z,catalog,/v1/items,PUT,400,95
req-001176,2026-03-01T11:48:40Z,catalog,/v1/items,GET,204,61
req-004814,2026-03-02T22:04:51Z,checkout,/v1/pay,POST,200,199
req-006274,2026-03-03T11:55:10Z,catalog,/v1/items,PUT,204,104
req-001140,2026-03-01T11:12:07Z,billing,/v1/invoices,GET,200,406
req-001242,2026-03-01T12:06:21Z,billing,/v1/invoices,GET,200,437
req-004617,2026-03-02T20:52:07Z,search,/v1/query,GET,200,469
req-001253,2026-03-01T12:52:21Z,auth,/v1/login,POST,201,98
req-004206,2026-03-02T16:34:20Z,auth,/v1/login,POST,201,49
req-000409,2026-03-01T04:55:22Z,checkout,/v1/pay,POST,200,155
req-007546,2026-03-03T23:23:48Z,auth,/v1/session,GET,302,44
req-000513,2026-03-01T05:05:30Z,checkout,/v1/pay,POST,201,295
req-005834,2026-03-03T07:18:19Z,catalog,/v1/items,GET,200,56
req-000970,2026-03-01T09:29:54Z,catalog,/v1/items,GET,201,75
req-006409,2026-03-03T13:31:32Z,billing,/v1/invoices,GET,200,228
req-000343,2026-03-01T03:54:23Z,auth,/v1/login,POST,200,60
req-005951,2026-03-03T08:47:42Z,catalog,/v1/items,GET,204,75
req-007109,2026-03-03T19:37:48Z,catalog,/v1/items,GET,201,50
req-000841,2026-03-01T08:47:37Z,search,/v1/query,GET,200,270
req-003344,2026-03-02T08:50:24Z,search,/v1/query,GET,204,272
req-002298,2026-03-01T22:10:14Z,billing,/v1/invoices,GET,204,378
req-001872,2026-03-01T18:15:58Z,checkout,/v1/pay,POST,204,267
req-001390,2026-03-01T13:07:15Z,catalog,/v1/items,GET,204,51
req-003995,2026-03-02T14:31:44Z,auth,/v1/login,POST,201,81
req-000190,2026-03-01T01:42:53Z,catalog,/v1/items,GET,200,55
req-002318,2026-03-01T22:45:29Z,auth,/v1/login,POST,200,100
req-007495,2026-03-03T23:19:34Z,auth,/v1/login,POST,200,121
req-000807,2026-03-01T07:56:52Z,search,/v1/cache,DELETE,200,43
req-002897,2026-03-02T04:29:56Z,checkout,/v1/pay,POST,502,475
req-005371,2026-03-03T03:10:00Z,auth,/v1/login,POST,200,79
req-005768,2026-03-03T07:47:37Z,checkout,/v1/pay,POST,201,173
req-006710,2026-03-03T16:27:22Z,checkout,/v1/pay,POST,201,337
req-000231,2026-03-01T02:27:05Z,search,/v1/query,GET,201,331
req-004775,2026-03-02T21:22:09Z,catalog,/v1/items,GET,204,85
req-006285,2026-03-03T11:26:24Z,search,/v1/cache,DELETE,200,55
req-005282,2026-03-03T02:00:25Z,catalog,/v1/items,GET,204,84
req-006688,2026-03-03T15:45:08Z,catalog,/v1/items,GET,204,77
req-006871,2026-03-03T17:53:59Z,catalog,/v1/items,GET,200,33
req-002626,2026-03-02T01:10:58Z,auth,/v1/login,POST,200,76
req-004002,2026-03-02T14:41:58Z,auth,/v1/login,POST,200,98
req-004978,2026-03-02T23:57:50Z,catalog,/v1/items,GET,201,69
req-004673,2026-03-02T20:52:01Z,catalog,/v1/items,GET,201,61
req-007382,2026-03-03T22:00:33Z,auth,/v1/login,POST,204,175
req-005398,2026-03-03T03:09:56Z,catalog,/v1/items,GET,200,75
req-003710,2026-03-02T11:40:50Z,catalog,/v1/items,GET,200,33
req-000410,2026-03-01T04:35:32Z,checkout,/v1/pay,POST,201,254
req-001897,2026-03-01T18:30:43Z,search,/v1/query,GET,503,1821
req-007567,2026-03-01T20:00:00Z,billing,/v1/refund,POST,200,180
req-003531,2026-03-02T09:36:52Z,auth,/v1/session,GET,200,49
req-003784,2026-03-02T12:54:04Z,auth,/v1/login,POST,204,46
req-002061,2026-03-01T19:05:21Z,catalog,/v1/items,GET,200,153
req-003017,2026-03-02T05:55:57Z,search,/v1/query,GET,200,333
req-001648,2026-03-01T15:53:41Z,auth,/v1/session,GET,200,32
req-007280,2026-03-03T21:15:21Z,auth,/v1/login,POST,201,66
req-003812,2026-03-02T12:28:25Z,catalog,/v1/items,GET,200,81
req-005659,2026-03-03T06:52:36Z,checkout,/v1/pay,POST,200,173
req-005216,2026-03-03T02:55:23Z,checkout,/v1/pay,POST,201,236
req-007278,2026-03-03T21:14:44Z,auth,/v1/login,POST,200,182
req-005668,2026-03-03T06:09:10Z,billing,/v1/invoices,GET,200,371
req-005487,2026-03-03T04:41:42Z,catalog,/v1/items,GET,200,65
req-006718,2026-03-03T16:39:01Z,checkout,/v1/pay,POST,200,260
req-007468,2026-03-03T23:10:22Z,search,/v1/query,GET,401,364
req-000186,2026-03-01T01:48:27Z,catalog,/v1/items,GET,200,48
req-002534,2026-03-02T00:42:57Z,auth,/v1/login,POST,403,65
req-007048,2026-03-03T19:09:01Z,search,/v1/query,GET,503,321
req-002144,2026-03-01T20:43:14Z,catalog,/v1/items,GET,201,43
req-004052,2026-03-02T14:02:22Z,auth,/v1/session,GET,200,70
req-002956,2026-03-02T04:16:17Z,catalog,/v1/items,GET,201,123
req-006996,2026-03-03T18:29:44Z,catalog,/v1/items,GET,200,61
req-001169,2026-03-01T11:25:48Z,auth,/v1/login,POST,200,106
req-002551,2026-03-02T00:35:51Z,catalog,/v1/items,GET,201,52
req-001205,2026-03-01T11:06:20Z,catalog,/v1/items,PUT,200,95
req-003190,2026-03-02T06:25:33Z,catalog,/v1/items,GET,200,64
req-003790,2026-03-02T12:22:15Z,auth,/v1/login,POST,201,53
req-003289,2026-03-02T07:28:38Z,catalog,/v1/items,GET,200,68
req-004750,2026-03-02T21:28:09Z,auth,/v1/login,POST,200,47
req-006925,2026-03-03T18:31:48Z,checkout,/v1/pay,POST,500,189
req-005917,2026-03-03T08:57:37Z,catalog,/v1/items,GET,200,62
req-002540,2026-03-02T00:21:59Z,auth,/v1/login,POST,200,63
req-002068,2026-03-01T19:22:43Z,catalog,/v1/items,PUT,200,107
req-002919,2026-03-02T04:41:10Z,search,/v1/query,GET,200,224
req-006874,2026-03-03T17:23:30Z,catalog,/v1/items,GET,200,62
req-001302,2026-03-01T12:16:07Z,catalog,/v1/items,GET,201,77
req-002158,2026-03-01T20:48:24Z,catalog,/v1/items,GET,200,37
req-006564,2026-03-03T14:31:38Z,auth,/v1/login,POST,200,77
req-005774,2026-03-03T07:50:55Z,billing,/v1/invoices,GET,200,1633
req-004637,2026-03-02T20:07:55Z,auth,/v1/login,POST,200,81
req-002558,2026-03-02T00:31:34Z,catalog,/v1/items,GET,200,30
req-006404,2026-03-03T13:01:20Z,checkout,/v1/pay,POST,200,402
req-001797,2026-03-01T17:39:56Z,auth,/v1/login,POST,200,65
req-002452,2026-03-01T23:13:28Z,catalog,/v1/items,GET,201,59
req-005049,2026-03-03T00:50:47Z,auth,/v1/login,POST,200,106
req-005742,2026-03-03T06:57:43Z,catalog,/v1/items,PUT,200,175
req-001675,2026-03-01T16:04:21Z,search,/v1/query,GET,204,421
req-007137,2026-03-03T20:38:45Z,checkout,/v1/pay,POST,200,328
req-003660,2026-03-02T11:55:17Z,billing,/v1/invoices,GET,200,326
req-000995,2026-03-01T09:42:09Z,catalog,/v1/items,GET,201,11
req-002267,2026-03-01T21:59:43Z,catalog,/v1/items,PUT,204,72
req-007311,2026-03-03T21:48:55Z,catalog,/v1/items,GET,200,54
req-005690,2026-03-03T06:15:40Z,auth,/v1/login,POST,200,82
req-002665,2026-03-02T01:46:13Z,catalog,/v1/items,GET,201,79
req-002733,2026-03-02T02:32:14Z,auth,/v1/login,POST,200,70
req-004265,2026-03-02T17:28:28Z,checkout,/v1/pay,POST,200,176
req-007021,2026-03-03T19:03:43Z,checkout,/v1/pay,POST,201,193
req-005767,2026-03-03T07:04:58Z,checkout,/v1/pay,POST,201,249
req-007423,2026-03-03T22:16:30Z,catalog,/v1/items,PUT,200,88
req-006709,2026-03-03T16:04:24Z,checkout,/v1/pay,POST,200,281
req-004701,2026-03-02T21:57:36Z,checkout,/v1/pay,POST,500,306
req-004971,2026-03-02T23:29:48Z,catalog,/v1/items,GET,200,56
req-000501,2026-03-01T04:21:47Z,auth,/v1/session,GET,200,47
req-007516,2026-03-03T23:29:35Z,catalog,/v1/items,GET,200,47
req-003384,2026-03-02T08:04:53Z,catalog,/v1/items,GET,201,72
req-004409,2026-03-02T18:15:12Z,auth,/v1/login,POST,204,60
req-002160,2026-03-01T20:11:13Z,catalog,/v1/items,GET,200,65
req-006847,2026-03-03T17:13:55Z,auth,/v1/login,POST,200,120
req-001053,2026-03-01T10:02:08Z,auth,/v1/login,POST,204,190
req-005385,2026-03-03T03:55:07Z,catalog,/v1/items,GET,200,84
req-004117,2026-03-02T15:34:14Z,catalog,/v1/items,GET,201,77
req-002760,2026-03-02T02:57:01Z,catalog,/v1/items,GET,200,69
req-005041,2026-03-03T00:00:34Z,auth,/v1/login,POST,200,83
req-004272,2026-03-02T17:03:57Z,checkout,/v1/pay,POST,204,242
req-004655,2026-03-02T20:22:48Z,catalog,/v1/items,GET,200,68
req-005452,2026-03-03T04:55:04Z,billing,/v1/invoices,GET,200,168
req-003482,2026-03-02T09:28:42Z,auth,/v1/login,POST,201,83
req-006809,2026-03-03T17:57:59Z,checkout,/v1/pay,POST,204,180
req-007520,2026-03-03T23:49:47Z,catalog,/v1/items,GET,200,84
req-002207,2026-03-01T21:56:23Z,search,/v1/query,GET,504,447
req-006297,2026-03-03T12:12:51Z,checkout,/v1/pay,POST,200,224
req-001600,2026-03-01T15:54:57Z,catalog,/v1/items,GET,200,61
req-002844,2026-03-02T03:50:28Z,auth,/v1/login,POST,200,206
req-002727,2026-03-02T02:49:59Z,auth,/v1/login,POST,201,53
req-006531,2026-03-03T14:18:52Z,search,/v1/query,GET,201,573
req-007172,2026-03-03T20:24:20Z,auth,/v1/login,POST,200,95
req-005218,2026-03-03T02:32:07Z,checkout,/v1/pay,POST,204,190
req-006573,2026-03-03T14:59:16Z,catalog,/v1/items,GET,201,68
req-003039,2026-03-02T05:34:53Z,auth,/v1/login,POST,200,100
req-003582,2026-03-02T10:34:17Z,auth,/v1/login,POST,200,86
req-006181,2026-03-03T11:45:59Z,checkout,/v1/pay,POST,500,253
req-003781,2026-03-02T12:15:13Z,auth,/v1/login,POST,200,83
req-000630,2026-03-01T06:12:20Z,checkout,/v1/pay,POST,200,229
req-000795,2026-03-01T07:09:28Z,catalog,/v1/items,PUT,200,110
req-004075,2026-03-02T15:27:47Z,checkout,/v1/pay,POST,200,399
req-007036,2026-03-03T19:39:16Z,checkout,/v1/pay,POST,200,128
req-006739,2026-03-03T16:48:55Z,auth,/v1/login,POST,200,48
req-006832,2026-03-03T17:36:43Z,search,/v1/query,GET,204,1826
req-003449,2026-03-02T09:11:08Z,billing,/v1/invoices,GET,200,1681
req-001607,2026-03-01T15:12:49Z,catalog,/v1/items,GET,201,66
req-003335,2026-03-02T08:43:55Z,billing,/v1/invoices,GET,200,403
req-006327,2026-03-03T12:19:55Z,auth,/v1/login,POST,204,126
req-007482,2026-03-03T23:10:03Z,auth,/v1/login,POST,204,58
req-001857,2026-03-01T17:48:25Z,catalog,/v1/items,PUT,200,108
req-007009,2026-03-03T18:15:03Z,catalog,/v1/items,PUT,201,130
req-005716,2026-03-03T06:54:01Z,catalog,/v1/items,GET,200,76
req-007455,2026-03-03T23:42:25Z,billing,/v1/invoices,GET,204,202
req-005838,2026-03-03T07:19:24Z,catalog,/v1/items,GET,204,62
req-002737,2026-03-02T02:55:13Z,auth,/v1/login,POST,200,79
req-001162,2026-03-01T11:28:48Z,auth,/v1/login,POST,200,93
req-001213,2026-03-01T11:16:53Z,auth,/v1/session,GET,200,36
req-004716,2026-03-02T21:38:21Z,billing,/v1/invoices,GET,200,496
req-005387,2026-03-03T03:52:32Z,catalog,/v1/items,GET,201,60
req-005764,2026-03-03T07:35:10Z,checkout,/v1/pay,POST,200,430
req-003210,2026-03-02T07:29:01Z,checkout,/v1/pay,POST,201,186
req-006174,2026-03-03T10:46:00Z,auth,/v1/session,GET,200,36
req-002966,2026-03-02T04:40:44Z,catalog,/v1/items,GET,200,66
req-006898,2026-03-03T17:12:26Z,catalog,/v1/items,GET,201,51
req-002026,2026-03-01T19:52:51Z,auth,/v1/login,POST,200,73
req-003353,2026-03-02T08:06:23Z,auth,/v1/login,POST,200,66
req-003819,2026-03-02T12:01:07Z,catalog,/v1/items,GET,204,80
req-003795,2026-03-02T12:32:03Z,auth,/v1/login,POST,200,18
req-004969,2026-03-02T23:54:47Z,catalog,/v1/items,GET,200,70
req-000886,2026-03-01T08:39:36Z,catalog,/v1/items,GET,200,66
req-004743,2026-03-02T21:03:57Z,auth,/v1/login,POST,204,47
req-005060,2026-03-03T00:16:16Z,catalog,/v1/items,GET,200,53
req-002989,2026-03-02T04:30:42Z,auth,/v1/session,GET,302,58
req-005499,2026-03-03T04:13:42Z,catalog,/v1/items,GET,200,64
req-005597,2026-03-03T05:09:29Z,auth,/v1/login,POST,200,52
req-005729,2026-03-03T06:51:54Z,catalog,/v1/items,GET,204,73
req-004390,2026-03-02T18:09:47Z,billing,/v1/invoices,GET,404,485
req-002941,2026-03-02T04:57:58Z,auth,/v1/login,POST,200,56
req-001661,2026-03-01T16:08:29Z,checkout,/v1/pay,POST,200,191
req-002529,2026-03-02T00:53:49Z,search,/v1/query,GET,200,332
req-001771,2026-03-01T17:14:21Z,billing,/v1/invoices,GET,201,328
req-004193,2026-03-02T16:25:42Z,search,/v1/query,GET,201,236
req-007046,2026-03-03T19:11:30Z,search,/v1/query,GET,204,381
req-003503,2026-03-02T09:09:50Z,catalog,/v1/items,GET,200,65
req-005077,2026-03-03T00:59:31Z,catalog,/v1/items,GET,200,65
req-005061,2026-03-03T00:31:58Z,catalog,/v1/items,GET,204,38
req-001218,2026-03-01T11:44:08Z,search,/v1/cache,DELETE,404,109
req-001722,2026-03-01T16:36:23Z,catalog,/v1/items,GET,200,65
req-000950,2026-03-01T09:39:05Z,auth,/v1/login,POST,200,61
req-001556,2026-03-01T15:22:50Z,checkout,/v1/pay,POST,201,431
req-006879,2026-03-03T17:18:24Z,catalog,/v1/items,GET,200,38
req-004284,2026-03-02T17:35:01Z,billing,/v1/invoices,GET,200,353
req-004155,2026-03-02T15:25:14Z,auth,/v1/session,GET,302,43
req-001315,2026-03-01T12:13:26Z,catalog,/v1/items,PUT,200,103
req-002639,2026-03-02T01:46:27Z,auth,/v1/login,POST,204,71
req-005295,2026-03-03T02:29:08Z,catalog,/v1/items,GET,201,67
req-006918,2026-03-03T17:09:44Z,search,/v1/cache,DELETE,200,52
req-007437,2026-03-03T22:32:48Z,search,/v1/cache,DELETE,204,41
req-001787,2026-03-01T17:36:06Z,auth,/v1/login,POST,200,99
req-000461,2026-03-01T04:04:56Z,auth,/v1/login,POST,200,77
req-005991,2026-03-03T09:10:18Z,search,/v1/query,GET,200,1490
req-005548,2026-03-03T05:50:31Z,checkout,/v1/pay,POST,200,270
req-003348,2026-03-02T08:57:19Z,search,/v1/query,GET,200,419
req-001611,2026-03-01T15:21:03Z,catalog,/v1/items,GET,200,69
req-003214,2026-03-02T07:55:52Z,checkout,/v1/pay,POST,200,437
req-002889,2026-03-02T03:57:57Z,auth,/v1/session,GET,200,40
req-005051,2026-03-03T00:10:07Z,auth,/v1/login,POST,200,103
req-000507,2026-03-01T05:04:35Z,checkout,/v1/pay,POST,200,198
req-006311,2026-03-03T12:48:24Z,search,/v1/query,GET,201,275
req-005408,2026-03-03T03:29:51Z,catalog,/v1/items,GET,200,58
req-002915,2026-03-02T04:08:44Z,billing,/v1/invoices,GET,200,1812
req-001062,2026-03-01T10:05:45Z,auth,/v1/login,POST,200,112
req-002114,2026-03-01T20:56:10Z,auth,/v1/login,POST,201,97
req-006272,2026-03-03T11:21:27Z,catalog,/v1/items,PUT,204,59
req-002411,2026-03-01T23:25:37Z,billing,/v1/invoices,GET,200,410
req-004767,2026-03-02T21:28:44Z,catalog,/v1/items,GET,201,39
req-000471,2026-03-01T04:06:09Z,catalog,/v1/items,GET,200,79
req-005180,2026-03-03T01:40:30Z,catalog,/v1/items,GET,200,66
req-004825,2026-03-02T22:08:50Z,search,/v1/query,GET,201,323
req-006496,2026-03-03T13:25:48Z,auth,/v1/session,GET,204,43
req-003605,2026-03-02T10:55:10Z,catalog,/v1/items,GET,200,69
req-006693,2026-03-03T15:01:26Z,catalog,/v1/items,PUT,201,104
req-002305,2026-03-01T22:17:52Z,search,/v1/query,GET,201,432
req-002755,2026-03-02T02:00:03Z,catalog,/v1/items,GET,204,51
req-003906,2026-03-02T13:48:22Z,auth,/v1/login,POST,200,52
req-003102,2026-03-02T06:22:59Z,checkout,/v1/pay,POST,200,131
req-001030,2026-03-01T10:48:34Z,checkout,/v1/pay,POST,500,314
req-006328,2026-03-03T12:06:40Z,auth,/v1/login,POST,200,59
req-004940,2026-03-02T23:56:52Z,auth,/v1/login,POST,200,89
req-001858,2026-03-01T17:05:21Z,auth,/v1/session,GET,301,25
req-000401,2026-03-01T03:28:37Z,auth,/v1/session,GET,401,19
req-002228,2026-03-01T21:22:47Z,auth,/v1/login,POST,200,67
req-006007,2026-03-03T09:44:04Z,auth,/v1/login,POST,200,93
req-004436,2026-03-02T18:57:41Z,catalog,/v1/items,GET,200,49
req-001917,2026-03-01T18:37:54Z,auth,/v1/login,POST,201,67
req-005784,2026-03-03T07:13:24Z,search,/v1/query,GET,403,429
req-002417,2026-03-01T23:41:50Z,search,/v1/query,GET,503,376
req-000920,2026-03-01T09:07:05Z,checkout,/v1/pay,POST,204,230
req-007572,2026-03-01T20:20:00Z,billing,/v1/refund,POST,200,195
req-000843,2026-03-01T08:55:17Z,auth,/v1/login,POST,200,72
req-003204,2026-03-02T06:32:46Z,search,/v1/cache,DELETE,200,59
req-006610,2026-03-03T15:03:16Z,checkout,/v1/pay,POST,204,252
req-000010,2026-03-01T00:22:13Z,checkout,/v1/pay,POST,200,262
req-002673,2026-03-02T01:12:27Z,catalog,/v1/items,GET,204,62
req-002744,2026-03-02T02:46:00Z,catalog,/v1/items,GET,204,57
req-003712,2026-03-02T11:24:54Z,catalog,/v1/items,GET,204,61
req-000989,2026-03-01T09:11:11Z,catalog,/v1/items,GET,200,75
req-006844,2026-03-03T17:26:32Z,auth,/v1/login,POST,204,85
req-002823,2026-03-02T03:05:08Z,auth,/v1/login,POST,200,103
req-002979,2026-03-02T04:20:28Z,catalog,/v1/items,PUT,200,152
req-005229,2026-03-03T02:55:21Z,billing,/v1/invoices,GET,200,326
req-006732,2026-03-03T16:22:06Z,search,/v1/query,GET,200,448
req-007381,2026-03-03T22:15:16Z,auth,/v1/login,POST,201,71
req-000959,2026-03-01T09:37:31Z,auth,/v1/login,POST,200,60
req-000117,2026-03-01T01:14:59Z,billing,/v1/invoices,GET,204,471
req-002118,2026-03-01T20:47:40Z,auth,/v1/login,POST,200,68
req-006869,2026-03-03T17:57:23Z,catalog,/v1/items,GET,200,60
req-002113,2026-03-01T20:06:34Z,auth,/v1/login,POST,204,85
req-005655,2026-03-03T06:52:24Z,checkout,/v1/pay,POST,201,305
req-003155,2026-03-02T06:53:55Z,catalog,/v1/items,GET,200,68
req-004573,2026-03-02T19:42:49Z,catalog,/v1/items,PUT,400,98
req-006646,2026-03-03T15:41:53Z,auth,/v1/login,POST,201,45
req-006090,2026-03-03T10:00:06Z,billing,/v1/invoices,GET,200,342
req-002569,2026-03-02T00:40:27Z,catalog,/v1/items,GET,200,42
req-003705,2026-03-02T11:47:13Z,catalog,/v1/items,GET,204,33
req-006414,2026-03-03T13:27:07Z,billing,/v1/invoices,GET,200,512
req-006840,2026-03-03T17:19:04Z,search,/v1/query,GET,204,258
req-006461,2026-03-03T13:16:17Z,catalog,/v1/items,GET,201,26
req-003089,2026-03-02T05:34:09Z,auth,/v1/session,GET,204,29
req-005283,2026-03-03T02:02:02Z,catalog,/v1/items,GET,200,73
req-000867,2026-03-01T08:39:35Z,catalog,/v1/items,GET,200,66
req-006193,2026-03-03T11:54:34Z,checkout,/v1/pay,POST,201,312
req-006767,2026-03-03T16:51:41Z,catalog,/v1/items,GET,200,93
req-000534,2026-03-01T05:49:54Z,search,/v1/query,GET,200,445
req-001601,2026-03-01T15:31:17Z,catalog,/v1/items,GET,200,77
req-005021,2026-03-03T00:47:20Z,billing,/v1/invoices,GET,204,270
req-001391,2026-03-01T13:44:50Z,catalog,/v1/items,GET,201,48
req-003523,2026-03-02T09:59:45Z,catalog,/v1/items,PUT,201,211
req-004544,2026-03-02T19:15:01Z,catalog,/v1/items,GET,201,40
req-000730,2026-03-01T07:40:08Z,billing,/v1/invoices,GET,200,1917
req-002236,2026-03-01T21:24:48Z,catalog,/v1/items,GET,204,36
req-000432,2026-03-01T04:48:14Z,billing,/v1/invoices,GET,200,1635
req-001154,2026-03-01T11:50:26Z,auth,/v1/login,POST,200,99
req-003657,2026-03-02T11:33:41Z,billing,/v1/invoices,GET,200,457
req-003492,2026-03-02T09:25:48Z,catalog,/v1/items,GET,200,78
req-004867,2026-03-02T22:05:52Z,catalog,/v1/items,GET,200,74
req-001151,2026-03-01T11:54:53Z,auth,/v1/login,POST,200,63
req-006908,2026-03-03T17:16:58Z,catalog,/v1/items,PUT,200,96
req-005094,2026-03-03T00:55:22Z,auth,/v1/session,GET,200,45
req-003178,2026-03-02T06:37:36Z,catalog,/v1/items,GET,200,41
req-005632,2026-03-03T05:31:30Z,catalog,/v1/items,GET,201,59
req-005432,2026-03-03T03:43:28Z,search,/v1/cache,DELETE,200,69
req-000004,2026-03-01T00:51:55Z,checkout,/v1/pay,POST,502,202
req-002479,2026-03-01T23:30:31Z,catalog,/v1/items,GET,200,45
req-004873,2026-03-02T22:11:57Z,catalog,/v1/items,GET,200,45
req-006275,2026-03-03T11:06:31Z,catalog,/v1/items,PUT,200,97
req-007402,2026-03-03T22:42:05Z,catalog,/v1/items,GET,200,66
req-006569,2026-03-03T14:35:35Z,catalog,/v1/items,GET,200,64
req-000885,2026-03-01T08:00:48Z,catalog,/v1/items,GET,204,47
req-001427,2026-03-01T13:02:38Z,catalog,/v1/items,PUT,204,99
req-000640,2026-03-01T06:58:50Z,search,/v1/query,GET,200,316
req-001961,2026-03-01T18:47:09Z,catalog,/v1/items,PUT,403,97
req-003071,2026-03-02T05:43:51Z,catalog,/v1/items,GET,201,80
req-006168,2026-03-03T10:36:38Z,catalog,/v1/items,PUT,201,117
req-004961,2026-03-02T23:50:48Z,catalog,/v1/items,GET,204,66
req-006361,2026-03-03T12:40:22Z,catalog,/v1/items,GET,200,69
req-000034,2026-03-01T00:00:05Z,auth,/v1/login,POST,200,59
req-003964,2026-03-02T14:15:23Z,checkout,/v1/pay,POST,204,228
req-002128,2026-03-01T20:19:43Z,auth,/v1/login,POST,200,84
req-005741,2026-03-03T06:11:29Z,catalog,/v1/items,PUT,200,84
req-007242,2026-03-03T21:44:44Z,billing,/v1/invoices,GET,200,2043
req-006658,2026-03-03T15:27:45Z,catalog,/v1/items,GET,200,78
req-000641,2026-03-01T06:00:36Z,search,/v1/query,GET,200,344
req-003848,2026-03-02T12:22:42Z,auth,/v1/session,GET,302,38
req-006788,2026-03-03T16:19:27Z,catalog,/v1/items,GET,200,44
req-001941,2026-03-01T18:09:19Z,catalog,/v1/items,GET,200,49
req-005688,2026-03-03T06:07:25Z,auth,/v1/login,POST,201,73
req-007116,2026-03-03T19:27:13Z,catalog,/v1/items,PUT,200,124
req-006164,2026-03-03T10:50:52Z,catalog,/v1/items,PUT,200,137
req-003966,2026-03-02T14:49:44Z,checkout,/v1/pay,POST,200,177
req-000163,2026-03-01T01:20:58Z,catalog,/v1/items,GET,201,35
req-005587,2026-03-03T05:08:42Z,auth,/v1/login,POST,200,78
req-003709,2026-03-02T11:09:15Z,catalog,/v1/items,GET,200,46
req-001856,2026-03-01T17:15:23Z,catalog,/v1/items,PUT,200,80
req-001975,2026-03-01T19:27:54Z,checkout,/v1/pay,POST,200,184
req-002234,2026-03-01T21:23:13Z,auth,/v1/login,POST,201,69
req-002611,2026-03-02T01:08:48Z,billing,/v1/invoices,GET,200,259
req-000089,2026-03-01T00:41:02Z,catalog,/v1/items,PUT,200,77
req-003518,2026-03-02T09:13:20Z,catalog,/v1/items,GET,200,50
req-000824,2026-03-01T08:15:33Z,checkout,/v1/pay,POST,200,142
req-007236,2026-03-03T21:10:46Z,checkout,/v1/pay,POST,504,213
req-000670,2026-03-01T06:13:28Z,catalog,/v1/items,GET,201,69
req-003163,2026-03-02T06:30:14Z,catalog,/v1/items,GET,200,64
req-002383,2026-03-01T22:30:42Z,catalog,/v1/items,PUT,200,76
req-005672,2026-03-03T06:25:29Z,billing,/v1/invoices,GET,201,248
req-003818,2026-03-02T12:21:14Z,catalog,/v1/items,GET,201,44
req-003394,2026-03-02T08:17:24Z,catalog,/v1/items,GET,201,57
req-001828,2026-03-01T17:44:32Z,catalog,/v1/items,GET,200,53
req-000910,2026-03-01T08:46:53Z,auth,/v1/session,GET,200,28
req-003553,2026-03-02T10:00:19Z,billing,/v1/invoices,GET,201,359
req-004238,2026-03-02T16:48:41Z,catalog,/v1/items,GET,200,40
req-007548,2026-03-03T23:53:19Z,search,/v1/cache,DELETE,201,55
req-001641,2026-03-01T15:49:12Z,catalog,/v1/items,PUT,200,114
req-000818,2026-03-01T08:31:30Z,checkout,/v1/pay,POST,502,98
req-002775,2026-03-02T02:55:48Z,catalog,/v1/items,PUT,200,75
req-003427,2026-03-02T08:40:06Z,search,/v1/cache,DELETE,200,23
req-005978,2026-03-03T09:05:02Z,checkout,/v1/pay,POST,201,213
req-002039,2026-03-01T19:56:51Z,catalog,/v1/items,GET,200,52
req-002640,2026-03-02T01:09:15Z,auth,/v1/login,POST,200,103
req-002478,2026-03-01T23:35:58Z,catalog,/v1/items,GET,403,48
req-000875,2026-03-01T08:39:16Z,catalog,/v1/items,GET,200,89
req-001602,2026-03-01T15:49:18Z,catalog,/v1/items,GET,200,59
req-004957,2026-03-02T23:42:33Z,catalog,/v1/items,GET,200,83
req-007110,2026-03-03T19:05:53Z,catalog,/v1/items,GET,204,41
req-002404,2026-03-01T23:08:04Z,checkout,/v1/pay,POST,500,158
req-006780,2026-03-03T16:09:46Z,catalog,/v1/items,GET,200,61
req-006880,2026-03-03T17:32:06Z,catalog,/v1/items,GET,200,63
req-006979,2026-03-03T18:31:40Z,catalog,/v1/items,GET,201,83
req-003500,2026-03-02T09:26:28Z,catalog,/v1/items,GET,200,50
req-000699,2026-03-01T06:15:48Z,catalog,/v1/items,PUT,201,106
req-004213,2026-03-02T16:33:24Z,auth,/v1/login,POST,200,74
req-005279,2026-03-03T02:12:58Z,catalog,/v1/items,GET,204,54
req-005438,2026-03-03T04:01:15Z,checkout,/v1/pay,POST,200,165
req-004622,2026-03-02T20:58:45Z,auth,/v1/login,POST,201,35
req-006198,2026-03-03T11:50:42Z,billing,/v1/invoices,GET,200,342
req-000820,2026-03-01T08:04:11Z,checkout,/v1/pay,POST,204,192
req-005626,2026-03-03T05:57:10Z,catalog,/v1/items,GET,204,60
req-007173,2026-03-03T20:15:29Z,auth,/v1/login,POST,201,31
req-007345,2026-03-03T22:37:06Z,checkout,/v1/pay,POST,200,118
req-004561,2026-03-02T19:45:34Z,catalog,/v1/items,GET,200,68
req-005524,2026-03-03T04:59:24Z,catalog,/v1/items,GET,200,47
req-000971,2026-03-01T09:11:50Z,catalog,/v1/items,GET,200,77
req-003776,2026-03-02T12:11:45Z,search,/v1/query,GET,400,1678
req-002840,2026-03-02T03:49:23Z,auth,/v1/login,POST,500,67
req-002488,2026-03-01T23:50:17Z,auth,/v1/session,GET,204,54
req-004197,2026-03-02T16:25:30Z,auth,/v1/login,POST,200,170
req-001424,2026-03-01T13:56:34Z,catalog,/v1/items,PUT,204,82
req-000341,2026-03-01T03:45:09Z,search,/v1/query,GET,204,298
req-005635,2026-03-03T05:21:57Z,catalog,/v1/items,GET,204,70
req-004515,2026-03-02T19:57:01Z,search,/v1/query,GET,200,173
req-006329,2026-03-03T12:57:27Z,auth,/v1/login,POST,200,89
req-006589,2026-03-03T14:57:33Z,catalog,/v1/items,GET,200,82
req-002087,2026-03-01T20:57:12Z,checkout,/v1/pay,POST,204,465
req-005947,2026-03-03T08:39:56Z,catalog,/v1/items,GET,200,54
req-004849,2026-03-02T22:15:22Z,auth,/v1/login,POST,200,12
req-005284,2026-03-03T02:22:29Z,catalog,/v1/items,GET,200,61
req-004667,2026-03-02T20:39:24Z,catalog,/v1/items,GET,200,123
req-001090,2026-03-01T10:01:48Z,catalog,/v1/items,GET,201,69
req-004419,2026-03-02T18:11:16Z,auth,/v1/login,POST,201,80
req-003261,2026-03-02T07:25:48Z,auth,/v1/login,POST,204,79
req-000268,2026-03-01T02:14:22Z,catalog,/v1/items,GET,200,59
req-001206,2026-03-01T11:12:15Z,catalog,/v1/items,PUT,201,79
req-005522,2026-03-03T04:25:55Z,catalog,/v1/items,GET,201,36
req-005648,2026-03-03T05:10:58Z,auth,/v1/session,GET,204,46
req-001153,2026-03-01T11:18:44Z,auth,/v1/login,POST,200,92
req-004682,2026-03-02T20:01:15Z,catalog,/v1/items,PUT,200,99
req-004461,2026-03-02T18:34:58Z,catalog,/v1/items,GET,204,55
req-003361,2026-03-02T08:24:54Z,auth,/v1/login,POST,204,82
req-003972,2026-03-02T14:34:29Z,checkout,/v1/pay,POST,200,162
req-006475,2026-03-03T13:05:32Z,catalog,/v1/items,GET,200,45
req-002480,2026-03-01T23:48:12Z,catalog,/v1/items,GET,200,56
req-006587,2026-03-03T14:50:09Z,catalog,/v1/items,GET,200,61
req-001363,2026-03-01T13:56:36Z,auth,/v1/login,POST,200,84
req-004145,2026-03-02T15:24:14Z,catalog,/v1/items,GET,201,51
req-005192,2026-03-03T01:48:34Z,catalog,/v1/items,GET,204,50
req-005235,2026-03-03T02:52:23Z,search,/v1/query,GET,200,158
req-001992,2026-03-01T19:47:59Z,billing,/v1/invoices,GET,201,417
req-001730,2026-03-01T16:20:17Z,catalog,/v1/items,GET,200,72
req-007391,2026-03-03T22:11:33Z,catalog,/v1/items,GET,201,76
req-002937,2026-03-02T04:14:15Z,auth,/v1/login,POST,200,80
req-005748,2026-03-03T06:24:40Z,catalog,/v1/items,PUT,201,52
req-000698,2026-03-01T06:36:16Z,catalog,/v1/items,PUT,204,61
req-005147,2026-03-03T01:36:24Z,auth,/v1/login,POST,201,109
req-003656,2026-03-02T11:32:49Z,billing,/v1/invoices,GET,200,347
req-002140,2026-03-01T20:51:15Z,catalog,/v1/items,GET,200,58
req-006845,2026-03-03T17:18:16Z,auth,/v1/login,POST,201,90
req-006224,2026-03-03T11:05:09Z,auth,/v1/login,POST,201,108
req-001603,2026-03-01T15:04:04Z,catalog,/v1/items,GET,200,49
req-001887,2026-03-01T18:36:27Z,billing,/v1/invoices,GET,200,310
req-003119,2026-03-02T06:34:44Z,search,/v1/query,GET,200,257
req-000529,2026-03-01T05:03:47Z,billing,/v1/invoices,GET,200,1850
req-005184,2026-03-03T01:01:46Z,catalog,/v1/items,GET,200,43
req-005520,2026-03-03T04:55:42Z,catalog,/v1/items,GET,200,65
req-004960,2026-03-02T23:26:58Z,catalog,/v1/items,GET,204,86
req-007580,2026-03-01T20:52:00Z,billing,/v1/refund,POST,200,219
req-003601,2026-03-02T10:40:37Z,catalog,/v1/items,GET,200,71
req-005708,2026-03-03T06:47:48Z,catalog,/v1/items,GET,201,78
req-007408,2026-03-03T22:56:36Z,catalog,/v1/items,GET,200,33
req-001845,2026-03-01T17:59:56Z,catalog,/v1/items,GET,204,48
req-002415,2026-03-01T23:08:13Z,search,/v1/query,GET,200,224
req-005808,2026-03-03T07:01:25Z,auth,/v1/login,POST,201,86
req-005506,2026-03-03T04:34:27Z,catalog,/v1/items,GET,201,53
req-006766,2026-03-03T16:31:45Z,catalog,/v1/items,GET,201,70
req-005996,2026-03-03T09:08:17Z,search,/v1/query,GET,200,351
req-003494,2026-03-02T09:36:52Z,catalog,/v1/items,GET,200,48
req-005327,2026-03-03T03:14:27Z,checkout,/v1/pay,POST,200,139
req-002604,2026-03-02T01:17:50Z,checkout,/v1/pay,POST,503,202
req-001783,2026-03-01T17:06:16Z,search,/v1/query,GET,201,454
req-000718,2026-03-01T07:03:13Z,checkout,/v1/pay,POST,200,193
req-002643,2026-03-02T01:51:25Z,auth,/v1/login,POST,204,97
req-006030,2026-03-03T09:45:43Z,catalog,/v1/items,GET,201,58
req-001698,2026-03-01T16:35:18Z,auth,/v1/login,POST,200,98
req-002573,2026-03-02T00:43:55Z,catalog,/v1/items,GET,403,99
req-002445,2026-03-01T23:12:52Z,auth,/v1/login,POST,201,53
req-000200,2026-03-01T01:47:02Z,auth,/v1/session,GET,200,28
req-000829,2026-03-01T08:57:45Z,billing,/v1/invoices,GET,200,305
req-003883,2026-03-02T13:18:43Z,search,/v1/query,GET,200,351
req-001379,2026-03-01T13:45:24Z,auth,/v1/login,POST,200,87
req-001927,2026-03-01T18:37:30Z,catalog,/v1/items,GET,200,79
req-001686,2026-03-01T16:47:39Z,auth,/v1/login,POST,201,88
req-006026,2026-03-03T09:19:23Z,catalog,/v1/items,GET,200,70
req-006680,2026-03-03T15:41:59Z,catalog,/v1/items,GET,204,66
req-000121,2026-03-01T01:05:38Z,billing,/v1/invoices,GET,200,447
req-002679,2026-03-02T01:43:40Z,catalog,/v1/items,PUT,200,202
req-004584,2026-03-02T20:19:04Z,checkout,/v1/pay,POST,504,479
req-005970,2026-03-03T09:57:09Z,checkout,/v1/pay,POST,401,157
req-001937,2026-03-01T18:20:49Z,catalog,/v1/items,GET,200,77
req-004428,2026-03-02T18:37:00Z,auth,/v1/login,POST,201,49
req-002993,2026-03-02T04:28:35Z,search,/v1/cache,DELETE,200,56
req-004841,2026-03-02T22:59:57Z,auth,/v1/login,POST,201,88
req-001448,2026-03-01T14:05:55Z,checkout,/v1/pay,POST,504,172
req-005421,2026-03-03T03:58:37Z,catalog,/v1/items,PUT,200,88
req-006887,2026-03-03T17:35:53Z,catalog,/v1/items,GET,200,124
req-000827,2026-03-01T08:41:28Z,billing,/v1/invoices,GET,200,515
req-002677,2026-03-02T01:55:37Z,catalog,/v1/items,PUT,200,36
req-007464,2026-03-03T23:04:35Z,search,/v1/query,GET,503,462
req-000852,2026-03-01T08:59:43Z,auth,/v1/login,POST,200,115
req-001672,2026-03-01T16:12:12Z,billing,/v1/invoices,GET,200,371
req-003636,2026-03-02T10:02:25Z,auth,/v1/session,GET,201,90
req-002109,2026-03-01T20:26:56Z,search,/v1/query,GET,201,531
req-006772,2026-03-03T16:39:24Z,catalog,/v1/items,GET,200,73
req-000232,2026-03-01T02:59:01Z,search,/v1/query,GET,200,447
req-006955,2026-03-03T18:00:09Z,auth,/v1/login,POST,200,53
req-005591,2026-03-03T05:52:47Z,auth,/v1/login,POST,201,86
req-006002,2026-03-03T09:18:35Z,auth,/v1/login,POST,200,51
req-005474,2026-03-03T04:05:07Z,auth,/v1/login,POST,204,72
req-000759,2026-03-01T07:44:31Z,auth,/v1/login,POST,200,40
req-004205,2026-03-02T16:07:19Z,auth,/v1/login,POST,200,105
req-001572,2026-03-01T15:20:40Z,search,/v1/query,GET,200,468
req-003929,2026-03-02T13:09:52Z,catalog,/v1/items,GET,200,47
req-004837,2026-03-02T22:57:58Z,auth,/v1/login,POST,200,34
req-005871,2026-03-03T08:55:04Z,checkout,/v1/pay,POST,200,149
req-000883,2026-03-01T08:04:38Z,catalog,/v1/items,GET,201,93
req-007249,2026-03-03T21:00:49Z,billing,/v1/invoices,GET,200,370
req-001075,2026-03-01T10:23:42Z,catalog,/v1/items,GET,200,51
req-002471,2026-03-01T23:05:23Z,catalog,/v1/items,GET,200,74
req-005569,2026-03-03T05:32:55Z,billing,/v1/invoices,GET,200,430
req-001524,2026-03-01T14:51:50Z,catalog,/v1/items,GET,201,68
req-000810,2026-03-01T08:34:08Z,checkout,/v1/pay,POST,204,228
req-001189,2026-03-01T11:18:02Z,catalog,/v1/items,GET,200,69
req-001484,2026-03-01T14:53:26Z,auth,/v1/login,POST,200,102
req-007015,2026-03-03T18:42:01Z,auth,/v1/session,GET,204,34
req-002240,2026-03-01T21:26:06Z,catalog,/v1/items,GET,200,43
req-005802,2026-03-03T07:39:03Z,auth,/v1/login,POST,204,56
req-002225,2026-03-01T21:32:34Z,auth,/v1/login,POST,200,34
req-007510,2026-03-03T23:02:16Z,catalog,/v1/items,GET,200,110
req-003846,2026-03-02T12:33:58Z,auth,/v1/session,GET,204,17
req-003834,2026-03-02T12:19:59Z,catalog,/v1/items,GET,401,30
req-004076,2026-03-02T15:21:46Z,checkout,/v1/pay,POST,200,278
req-000981,2026-03-01T09:25:57Z,catalog,/v1/items,GET,200,55
req-001619,2026-03-01T15:21:57Z,catalog,/v1/items,GET,201,51
req-003522,2026-03-02T09:11:35Z,catalog,/v1/items,PUT,201,94
req-006756,2026-03-03T16:24:50Z,auth,/v1/login,POST,500,92
req-006983,2026-03-03T18:46:01Z,catalog,/v1/items,GET,200,14
req-000849,2026-03-01T08:21:22Z,auth,/v1/login,POST,200,74
req-004974,2026-03-02T23:48:40Z,catalog,/v1/items,GET,200,42
req-002432,2026-03-01T23:38:36Z,auth,/v1/login,POST,201,58
req-006750,2026-03-03T16:17:00Z,auth,/v1/login,POST,200,93
req-002064,2026-03-01T19:12:40Z,catalog,/v1/items,PUT,200,46
req-005570,2026-03-03T05:21:49Z,billing,/v1/invoices,GET,400,443
req-001615,2026-03-01T15:56:39Z,catalog,/v1/items,GET,201,57
req-002204,2026-03-01T21:42:54Z,search,/v1/query,GET,200,435
req-006046,2026-03-03T09:19:49Z,catalog,/v1/items,GET,204,44
req-000038,2026-03-01T00:03:03Z,auth,/v1/login,POST,204,71
req-005462,2026-03-03T04:01:26Z,search,/v1/query,GET,201,607
req-007038,2026-03-03T19:18:06Z,billing,/v1/invoices,GET,201,350
req-001921,2026-03-01T18:33:57Z,catalog,/v1/items,GET,200,38
req-002371,2026-03-01T22:57:41Z,catalog,/v1/items,GET,204,71
req-000854,2026-03-01T08:59:47Z,auth,/v1/login,POST,204,88
req-005623,2026-03-03T05:09:18Z,catalog,/v1/items,GET,200,56
req-002847,2026-03-02T03:51:41Z,catalog,/v1/items,GET,201,71
req-006497,2026-03-03T13:24:53Z,auth,/v1/session,GET,204,48
req-006565,2026-03-03T14:24:09Z,catalog,/v1/items,GET,200,59
req-005811,2026-03-03T07:02:18Z,auth,/v1/login,POST,200,92
req-004687,2026-03-02T20:28:31Z,catalog,/v1/items,PUT,200,99
req-002510,2026-03-02T00:59:25Z,checkout,/v1/pay,POST,200,295
req-002251,2026-03-01T21:42:12Z,catalog,/v1/items,GET,200,76
req-006543,2026-03-03T14:24:20Z,auth,/v1/login,POST,200,72
req-001617,2026-03-01T15:45:38Z,catalog,/v1/items,GET,401,80
req-001130,2026-03-01T11:33:05Z,checkout,/v1/pay,POST,201,303
req-007589,2026-03-01T21:28:00Z,billing,/v1/refund,POST,200,246
req-006068,2026-03-03T09:04:15Z,search,/v1/cache,DELETE,201,38
req-000504,2026-03-01T04:10:56Z,search,/v1/cache,DELETE,200,54
req-003326,2026-03-02T08:44:12Z,checkout,/v1/pay,POST,504,157
req-003628,2026-03-02T10:44:00Z,catalog,/v1/items,PUT,200,91
req-006815,2026-03-03T17:50:33Z,checkout,/v1/pay,POST,200,251
req-003379,2026-03-02T08:47:20Z,catalog,/v1/items,GET,201,80
req-003106,2026-03-02T06:03:03Z,checkout,/v1/pay,POST,201,163
req-004891,2026-03-02T22:48:54Z,auth,/v1/session,GET,200,35
req-006686,2026-03-03T15:55:17Z,catalog,/v1/items,GET,201,74
req-007022,2026-03-03T19:29:03Z,checkout,/v1/pay,POST,200,261
req-006163,2026-03-03T10:27:29Z,catalog,/v1/items,PUT,201,101
req-005069,2026-03-03T00:05:56Z,catalog,/v1/items,GET,200,68
req-005080,2026-03-03T00:24:56Z,catalog,/v1/items,GET,200,84
req-007237,2026-03-03T21:01:55Z,checkout,/v1/pay,POST,200,141
req-002955,2026-03-02T04:42:17Z,catalog,/v1/items,GET,204,71
req-005316,2026-03-03T02:15:44Z,auth,/v1/session,GET,301,33
req-003445,2026-03-02T09:53:44Z,checkout,/v1/pay,POST,201,420
req-006041,2026-03-03T09:03:45Z,catalog,/v1/items,GET,201,82
req-003753,2026-03-02T12:01:06Z,checkout,/v1/pay,POST,200,225
req-003099,2026-03-02T06:39:38Z,checkout,/v1/pay,POST,204,170
req-000519,2026-03-01T05:57:54Z,checkout,/v1/pay,POST,204,223
req-006454,2026-03-03T13:28:44Z,catalog,/v1/items,GET,204,51
req-002788,2026-03-02T02:40:47Z,search,/v1/cache,DELETE,201,40
req-004167,2026-03-02T16:57:34Z,checkout,/v1/pay,POST,503,228
req-005443,2026-03-03T04:12:41Z,checkout,/v1/pay,POST,200,228
req-005694,2026-03-03T06:13:43Z,auth,/v1/login,POST,204,100
req-004754,2026-03-02T21:38:29Z,auth,/v1/login,POST,200,66
req-003545,2026-03-02T10:27:41Z,checkout,/v1/pay,POST,200,235
req-001781,2026-03-01T17:58:09Z,search,/v1/query,GET,504,247
req-007557,2026-03-01T10:15:00Z,checkout,/v1/cart,GET,500,155
req-006352,2026-03-03T12:37:26Z,catalog,/v1/items,GET,200,90
req-000445,2026-03-01T04:49:04Z,auth,/v1/login,POST,200,123
req-002990,2026-03-02T04:36:04Z,search,/v1/cache,DELETE,200,53
req-002701,2026-03-02T02:20:50Z,checkout,/v1/pay,POST,204,145
req-003274,2026-03-02T07:37:07Z,catalog,/v1/items,GET,400,79
req-002156,2026-03-01T20:10:02Z,catalog,/v1/items,GET,201,70
req-006894,2026-03-03T17:22:19Z,catalog,/v1/items,GET,201,59
req-000715,2026-03-01T07:35:27Z,checkout,/v1/pay,POST,200,122
req-005815,2026-03-03T07:03:46Z,catalog,/v1/items,GET,200,63
req-007551,2026-03-03T23:47:19Z,search,/v1/cache,DELETE,201,48
req-000973,2026-03-01T09:39:34Z,catalog,/v1/items,GET,200,36
req-004697,2026-03-02T21:54:54Z,checkout,/v1/pay,POST,201,171
req-006037,2026-03-03T09:49:37Z,catalog,/v1/items,GET,201,57
req-001584,2026-03-01T15:23:09Z,auth,/v1/login,POST,200,92
req-001271,2026-03-01T12:26:23Z,auth,/v1/login,POST,201,169
req-003715,2026-03-02T11:35:38Z,catalog,/v1/items,GET,204,55
req-000032,2026-03-01T00:21:51Z,search,/v1/query,GET,200,396
req-005394,2026-03-03T03:17:44Z,catalog,/v1/items,GET,200,64
req-001103,2026-03-01T10:30:08Z,catalog,/v1/items,GET,201,54
req-007504,2026-03-03T23:06:43Z,catalog,/v1/items,GET,200,73
req-007508,2026-03-03T23:43:01Z,catalog,/v1/items,GET,200,93
req-004195,2026-03-02T16:55:54Z,auth,/v1/login,POST,200,86
req-000766,2026-03-01T07:12:06Z,auth,/v1/login,POST,201,81
req-005573,2026-03-03T05:08:37Z,search,/v1/query,GET,204,433
req-000539,2026-03-01T05:36:49Z,search,/v1/query,GET,200,395
req-003924,2026-03-02T13:17:20Z,catalog,/v1/items,GET,200,71
req-002498,2026-03-02T00:54:26Z,checkout,/v1/pay,POST,204,255
req-006094,2026-03-03T10:31:48Z,billing,/v1/invoices,GET,200,309
req-003237,2026-03-02T07:55:59Z,search,/v1/query,GET,200,103
req-007378,2026-03-03T22:34:15Z,auth,/v1/login,POST,200,75
req-004711,2026-03-02T21:30:33Z,checkout,/v1/pay,POST,200,199
req-005255,2026-03-03T02:52:26Z,auth,/v1/login,POST,200,48
req-001221,2026-03-01T12:52:38Z,checkout,/v1/pay,POST,200,300
req-002652,2026-03-02T01:13:44Z,catalog,/v1/items,GET,200,53
req-003804,2026-03-02T12:06:25Z,catalog,/v1/items,GET,204,46
req-002794,2026-03-02T03:51:39Z,checkout,/v1/pay,POST,204,238
req-006025,2026-03-03T09:39:02Z,catalog,/v1/items,GET,204,65
req-000039,2026-03-01T00:32:05Z,auth,/v1/login,POST,200,80
req-005911,2026-03-03T08:42:03Z,auth,/v1/login,POST,201,62
req-003491,2026-03-02T09:01:26Z,catalog,/v1/items,GET,200,73
req-003484,2026-03-02T09:30:58Z,catalog,/v1/items,GET,200,62
req-004761,2026-03-02T21:16:08Z,catalog,/v1/items,GET,200,42
req-001633,2026-03-01T15:43:09Z,catalog,/v1/items,GET,200,56
req-001842,2026-03-01T17:41:57Z,catalog,/v1/items,GET,200,36
req-000871,2026-03-01T08:53:44Z,catalog,/v1/items,GET,200,48
req-002663,2026-03-02T01:58:11Z,catalog,/v1/items,GET,200,64
req-006417,2026-03-03T13:19:46Z,search,/v1/query,GET,200,1456
req-004857,2026-03-02T22:53:18Z,catalog,/v1/items,GET,204,57
req-002427,2026-03-01T23:01:04Z,auth,/v1/login,POST,200,79
req-006349,2026-03-03T12:02:39Z,catalog,/v1/items,GET,200,35
req-001422,2026-03-01T13:36:03Z,catalog,/v1/items,PUT,201,99
req-003269,2026-03-02T07:02:32Z,catalog,/v1/items,GET,204,95
req-004479,2026-03-02T18:38:55Z,auth,/v1/session,GET,200,42
req-000035,2026-03-01T00:30:13Z,auth,/v1/login,POST,200,95
req-003458,2026-03-02T09:47:12Z,search,/v1/query,GET,201,267
req-000562,2026-03-01T05:14:44Z,auth,/v1/login,POST,200,80
req-006401,2026-03-03T13:44:30Z,checkout,/v1/pay,POST,200,266
req-006396,2026-03-03T13:24:03Z,checkout,/v1/pay,POST,502,207
req-005754,2026-03-03T06:06:29Z,auth,/v1/session,GET,200,29
req-002771,2026-03-02T02:38:56Z,catalog,/v1/items,GET,200,53
req-003233,2026-03-02T07:44:37Z,search,/v1/query,GET,204,407
req-005449,2026-03-03T04:44:29Z,billing,/v1/invoices,GET,201,482
req-005773,2026-03-03T07:48:03Z,billing,/v1/invoices,GET,200,424
req-000700,2026-03-01T06:16:04Z,catalog,/v1/items,PUT,200,70
req-007111,2026-03-03T19:47:52Z,catalog,/v1/items,PUT,204,79
req-002962,2026-03-02T04:23:20Z,catalog,/v1/items,GET,200,151
req-002078,2026-03-01T19:20:47Z,search,/v1/cache,DELETE,200,46
req-003626,2026-03-02T10:16:10Z,catalog,/v1/items,GET,204,72
req-004643,2026-03-02T20:26:11Z,auth,/v1/login,POST,201,82
req-001523,2026-03-01T14:31:06Z,catalog,/v1/items,GET,200,54
req-006368,2026-03-03T12:31:44Z,catalog,/v1/items,GET,200,73
req-001537,2026-03-01T14:13:03Z,catalog,/v1/items,PUT,404,83
req-004739,2026-03-02T21:10:58Z,auth,/v1/login,POST,200,85
req-005067,2026-03-03T00:18:39Z,catalog,/v1/items,GET,201,41
req-006799,2026-03-03T16:27:11Z,auth,/v1/session,GET,204,50
req-000790,2026-03-01T07:35:25Z,catalog,/v1/items,GET,201,65
req-006367,2026-03-03T12:08:45Z,catalog,/v1/items,GET,204,60
req-000412,2026-03-01T04:17:14Z,checkout,/v1/pay,POST,201,229
req-002623,2026-03-02T01:24:24Z,auth,/v1/login,POST,201,109
req-001197,2026-03-01T11:50:49Z,catalog,/v1/items,GET,200,41
req-001951,2026-03-01T18:15:20Z,catalog,/v1/items,GET,200,66
req-002854,2026-03-02T03:56:52Z,catalog,/v1/items,GET,200,87
req-002584,2026-03-02T00:39:28Z,catalog,/v1/items,PUT,204,85
req-006558,2026-03-03T14:20:54Z,auth,/v1/login,POST,200,94
req-000835,2026-03-01T08:54:31Z,search,/v1/query,GET,404,459
req-001210,2026-03-01T11:40:32Z,catalog,/v1/items,PUT,200,95
req-001519,2026-03-01T14:14:56Z,catalog,/v1/items,GET,200,33
req-007418,2026-03-03T22:22:01Z,catalog,/v1/items,GET,200,78
req-003968,2026-03-02T14:55:49Z,checkout,/v1/pay,POST,204,276
req-005785,2026-03-03T07:13:38Z,search,/v1/query,GET,200,410
req-005824,2026-03-03T07:09:24Z,catalog,/v1/items,GET,201,123
req-005766,2026-03-03T07:43:52Z,checkout,/v1/pay,POST,200,317
req-005649,2026-03-03T05:54:40Z,auth,/v1/session,GET,201,49
req-001097,2026-03-01T10:39:27Z,catalog,/v1/items,GET,200,56
req-006532,2026-03-03T14:55:43Z,search,/v1/query,GET,200,339
req-001906,2026-03-01T18:49:02Z,auth,/v1/login,POST,204,102
req-004003,2026-03-02T14:05:58Z,auth,/v1/login,POST,204,91
req-007171,2026-03-03T20:10:10Z,auth,/v1/login,POST,201,102
req-001115,2026-03-01T10:55:09Z,auth,/v1/session,GET,302,40
req-002122,2026-03-01T20:57:56Z,auth,/v1/login,POST,204,95
req-004934,2026-03-02T23:35:14Z,search,/v1/query,GET,204,332
req-002945,2026-03-02T04:59:39Z,auth,/v1/login,POST,200,87
req-003965,2026-03-02T14:18:10Z,checkout,/v1/pay,POST,200,154
req-001522,2026-03-01T14:45:49Z,catalog,/v1/items,GET,204,78
req-001041,2026-03-01T10:22:30Z,search,/v1/query,GET,201,155
req-002698,2026-03-02T02:37:31Z,checkout,/v1/pay,POST,200,449
req-002476,2026-03-01T23:49:40Z,catalog,/v1/items,GET,204,70
req-006371,2026-03-03T12:07:05Z,catalog,/v1/items,GET,200,57
req-002202,2026-03-01T21:53:11Z,billing,/v1/invoices,GET,201,382
req-001201,2026-03-01T11:25:37Z,catalog,/v1/items,GET,200,40
req-003585,2026-03-02T10:38:57Z,auth,/v1/login,POST,404,69
req-001450,2026-03-01T14:19:07Z,checkout,/v1/pay,POST,200,222
req-005925,2026-03-03T08:15:10Z,catalog,/v1/items,GET,200,65
req-003228,2026-03-02T07:45:00Z,billing,/v1/invoices,GET,200,342
req-001894,2026-03-01T18:41:11Z,search,/v1/query,GET,204,451
req-007020,2026-03-03T19:07:34Z,checkout,/v1/pay,POST,200,256
req-005120,2026-03-03T01:48:22Z,billing,/v1/invoices,GET,404,557
req-000160,2026-03-01T01:46:43Z,catalog,/v1/items,GET,204,60
req-002153,2026-03-01T20:37:49Z,catalog,/v1/items,GET,204,53
req-000512,2026-03-01T05:18:52Z,checkout,/v1/pay,POST,200,240
req-006729,2026-03-03T16:51:33Z,billing,/v1/invoices,GET,200,421
req-007065,2026-03-03T19:01:42Z,auth,/v1/login,POST,200,83
req-004377,2026-03-02T18:59:06Z,checkout,/v1/pay,POST,204,265
req-004914,2026-03-02T23:45:40Z,checkout,/v1/pay,POST,200,103
req-000253,2026-03-01T02:40:25Z,auth,/v1/login,POST,200,97
req-006154,2026-03-03T10:01:06Z,catalog,/v1/items,GET,201,47
req-004147,2026-03-02T15:54:02Z,catalog,/v1/items,PUT,200,75
req-006549,2026-03-03T14:07:46Z,auth,/v1/login,POST,201,86
req-004830,2026-03-02T22:22:52Z,search,/v1/query,GET,200,308
req-000209,2026-03-01T02:19:50Z,checkout,/v1/pay,POST,204,244
req-004106,2026-03-02T15:05:41Z,auth,/v1/login,POST,200,68
req-005446,2026-03-03T04:07:12Z,checkout,/v1/pay,POST,503,278
req-000617,2026-03-01T05:55:49Z,search,/v1/cache,DELETE,200,44
req-003412,2026-03-02T08:18:44Z,catalog,/v1/items,GET,200,75
req-005465,2026-03-03T04:48:14Z,auth,/v1/login,POST,200,102
req-005167,2026-03-03T01:30:33Z,catalog,/v1/items,GET,200,57
req-006982,2026-03-03T18:26:13Z,catalog,/v1/items,GET,200,72
req-004116,2026-03-02T15:15:37Z,auth,/v1/login,POST,201,41
req-005012,2026-03-03T00:39:42Z,checkout,/v1/pay,POST,502,259
req-002832,2026-03-02T03:22:43Z,auth,/v1/login,POST,200,107
req-005055,2026-03-03T00:50:09Z,auth,/v1/login,POST,200,51
req-006406,2026-03-03T13:09:24Z,checkout,/v1/pay,POST,200,158
req-000701,2026-03-01T06:14:51Z,catalog,/v1/items,PUT,204,84
req-004220,2026-03-02T16:44:02Z,catalog,/v1/items,GET,204,38
req-006539,2026-03-03T14:46:32Z,search,/v1/query,GET,200,374
req-001425,2026-03-01T13:53:47Z,catalog,/v1/items,PUT,504,89
req-003862,2026-03-02T13:49:28Z,checkout,/v1/pay,POST,204,226
req-005563,2026-03-03T05:59:28Z,billing,/v1/invoices,GET,200,254
req-000244,2026-03-01T02:08:04Z,auth,/v1/login,POST,200,81
req-002535,2026-03-02T00:57:22Z,auth,/v1/login,POST,200,101
req-006161,2026-03-03T10:22:07Z,catalog,/v1/items,GET,200,64
req-001158,2026-03-01T11:57:09Z,auth,/v1/login,POST,204,54
req-001756,2026-03-01T17:21:17Z,checkout,/v1/pay,POST,200,170
req-004185,2026-03-02T16:18:15Z,search,/v1/query,GET,204,416
req-004704,2026-03-02T21:19:17Z,checkout,/v1/pay,POST,500,129
req-005989,2026-03-03T09:31:48Z,search,/v1/query,GET,504,230
req-003238,2026-03-02T07:31:53Z,search,/v1/query,GET,200,1750
req-002020,2026-03-01T19:05:00Z,auth,/v1/login,POST,200,31
req-006233,2026-03-03T11:30:20Z,auth,/v1/login,POST,204,159
req-007316,2026-03-03T21:54:46Z,catalog,/v1/items,GET,201,57
req-005972,2026-03-03T09:05:40Z,checkout,/v1/pay,POST,502,197
req-002019,2026-03-01T19:46:17Z,auth,/v1/login,POST,200,109
req-005004,2026-03-03T00:29:13Z,checkout,/v1/pay,POST,200,144
req-001032,2026-03-01T10:22:24Z,checkout,/v1/pay,POST,201,248
req-006074,2026-03-03T10:33:02Z,checkout,/v1/pay,POST,200,148
req-003413,2026-03-02T08:25:58Z,catalog,/v1/items,GET,200,84
req-004086,2026-03-02T15:37:30Z,search,/v1/query,GET,200,245
req-001293,2026-03-01T12:38:51Z,catalog,/v1/items,GET,204,69
req-002131,2026-03-01T20:33:57Z,catalog,/v1/items,GET,200,71
req-002685,2026-03-02T01:47:50Z,auth,/v1/session,GET,302,57
req-004675,2026-03-02T20:23:10Z,catalog,/v1/items,GET,200,39
req-002281,2026-03-01T22:50:06Z,checkout,/v1/pay,POST,200,441
req-007168,2026-03-03T20:24:41Z,auth,/v1/login,POST,204,149
req-004124,2026-03-02T15:26:16Z,catalog,/v1/items,GET,201,41
req-005763,2026-03-03T07:57:15Z,checkout,/v1/pay,POST,504,168
req-005930,2026-03-03T08:37:08Z,catalog,/v1/items,GET,204,62
req-003340,2026-03-02T08:35:55Z,billing,/v1/invoices,GET,200,428
req-005614,2026-03-03T05:25:51Z,catalog,/v1/items,GET,200,45
req-001179,2026-03-01T11:21:15Z,catalog,/v1/items,GET,204,59
req-007286,2026-03-03T21:59:15Z,catalog,/v1/items,GET,200,57
req-001438,2026-03-01T14:26:47Z,checkout,/v1/pay,POST,200,371
req-004742,2026-03-02T21:01:30Z,auth,/v1/login,POST,201,180
req-001866,2026-03-01T17:16:12Z,search,/v1/cache,DELETE,201,43
req-004660,2026-03-02T20:23:56Z,catalog,/v1/items,GET,204,48
req-004087,2026-03-02T15:07:43Z,search,/v1/query,GET,201,434
req-001447,2026-03-01T14:12:59Z,checkout,/v1/pay,POST,500,245
req-003683,2026-03-02T11:37:53Z,auth,/v1/login,POST,200,68
req-002365,2026-03-01T22:51:39Z,catalog,/v1/items,GET,404,42
req-003869,2026-03-02T13:43:35Z,checkout,/v1/pay,POST,201,290
req-006591,2026-03-03T14:54:34Z,catalog,/v1/items,PUT,200,93
req-001769,2026-03-01T17:50:26Z,checkout,/v1/pay,POST,503,214
req-000914,2026-03-01T08:58:41Z,search,/v1/cache,DELETE,200,46
req-005589,2026-03-03T05:42:17Z,auth,/v1/login,POST,201,73
req-006846,2026-03-03T17:27:54Z,auth,/v1/login,POST,201,88
req-002170,2026-03-01T20:36:58Z,catalog,/v1/items,PUT,200,81
req-000713,2026-03-01T07:26:44Z,checkout,/v1/pay,POST,201,272
req-006568,2026-03-03T14:16:56Z,catalog,/v1/items,GET,201,65
req-003708,2026-03-02T11:32:28Z,catalog,/v1/items,GET,200,54
req-001820,2026-03-01T17:59:30Z,catalog,/v1/items,GET,201,59
req-001924,2026-03-01T18:47:11Z,catalog,/v1/items,GET,200,58
req-000293,2026-03-01T02:44:07Z,catalog,/v1/items,GET,201,56
req-004591,2026-03-02T20:06:01Z,checkout,/v1/pay,POST,201,174
req-001273,2026-03-01T12:41:05Z,auth,/v1/login,POST,200,63
req-005070,2026-03-03T00:54:18Z,catalog,/v1/items,GET,201,82
req-000047,2026-03-01T00:47:35Z,auth,/v1/login,POST,200,88
req-003854,2026-03-02T13:52:26Z,checkout,/v1/pay,POST,200,228
req-002302,2026-03-01T22:19:10Z,billing,/v1/invoices,GET,200,345
req-000130,2026-03-01T01:40:38Z,search,/v1/query,GET,200,322
req-006870,2026-03-03T17:14:42Z,catalog,/v1/items,GET,201,83
req-005399,2026-03-03T03:05:40Z,catalog,/v1/items,GET,200,53
req-003352,2026-03-02T08:51:51Z,auth,/v1/login,POST,401,189
req-005669,2026-03-03T06:43:42Z,billing,/v1/invoices,GET,201,359
req-001653,2026-03-01T16:28:25Z,checkout,/v1/pay,POST,500,237
req-007549,2026-03-03T23:32:43Z,search,/v1/cache,DELETE,200,55
req-000111,2026-03-01T01:03:09Z,checkout,/v1/pay,POST,503,254
req-002987,2026-03-02T04:41:35Z,auth,/v1/session,GET,400,34
req-006829,2026-03-03T17:31:50Z,billing,/v1/invoices,GET,200,426
req-001173,2026-03-01T11:50:39Z,catalog,/v1/items,GET,201,78
req-006649,2026-03-03T15:32:43Z,auth,/v1/login,POST,200,110
req-007112,2026-03-03T19:49:02Z,catalog,/v1/items,PUT,200,97
req-000406,2026-03-01T03:15:19Z,search,/v1/cache,DELETE,200,40
req-000207,2026-03-01T01:40:31Z,search,/v1/cache,DELETE,204,64
req-000417,2026-03-01T04:37:44Z,checkout,/v1/pay,POST,201,320
req-007177,2026-03-03T20:15:00Z,auth,/v1/login,POST,502,110
req-002752,2026-03-02T02:04:30Z,catalog,/v1/items,GET,200,39
req-003417,2026-03-02T08:07:09Z,catalog,/v1/items,PUT,200,60
req-003025,2026-03-02T05:03:44Z,search,/v1/query,GET,200,262
req-004824,2026-03-02T22:10:58Z,search,/v1/query,GET,504,110
req-003944,2026-03-02T13:25:31Z,catalog,/v1/items,PUT,200,86
req-000182,2026-03-01T01:56:14Z,catalog,/v1/items,GET,201,73
req-004441,2026-03-02T18:08:32Z,catalog,/v1/items,GET,200,147
req-007216,2026-03-03T20:59:32Z,catalog,/v1/items,PUT,201,52
req-004241,2026-03-02T16:23:01Z,catalog,/v1/items,GET,200,76
req-005280,2026-03-03T02:59:30Z,catalog,/v1/items,GET,200,39
req-003134,2026-03-02T06:25:18Z,auth,/v1/login,POST,200,78
req-007206,2026-03-03T20:41:43Z,catalog,/v1/items,GET,200,150
req-004280,2026-03-02T17:54:17Z,billing,/v1/invoices,GET,200,296
req-003397,2026-03-02T08:35:20Z,catalog,/v1/items,GET,204,46
req-003188,2026-03-02T06:48:37Z,catalog,/v1/items,GET,200,69
req-001496,2026-03-01T14:26:33Z,auth,/v1/login,POST,200,97
req-004722,2026-03-02T21:02:02Z,billing,/v1/invoices,GET,200,450
req-005198,2026-03-03T01:53:17Z,catalog,/v1/items,PUT,200,117
req-002881,2026-03-02T03:34:24Z,catalog,/v1/items,PUT,200,149
req-000921,2026-03-01T09:11:16Z,checkout,/v1/pay,POST,200,244
req-005207,2026-03-03T01:05:35Z,search,/v1/cache,DELETE,200,55
req-003215,2026-03-02T07:12:42Z,checkout,/v1/pay,POST,404,240
req-001788,2026-03-01T17:31:37Z,auth,/v1/login,POST,204,114
req-004189,2026-03-02T16:27:51Z,search,/v1/query,GET,201,309
req-003866,2026-03-02T13:45:21Z,checkout,/v1/pay,POST,200,285
req-001594,2026-03-01T15:29:31Z,auth,/v1/login,POST,200,84
req-006576,2026-03-03T14:16:56Z,catalog,/v1/items,GET,200,59
req-006666,2026-03-03T15:46:16Z,catalog,/v1/items,GET,201,65
req-006006,2026-03-03T09:16:18Z,auth,/v1/login,POST,200,82
req-001647,2026-03-01T15:48:55Z,auth,/v1/session,GET,200,30
req-004209,2026-03-02T16:55:03Z,auth,/v1/login,POST,204,118
req-007544,2026-03-03T23:24:20Z,auth,/v1/session,GET,200,45
req-007547,2026-03-03T23:17:54Z,auth,/v1/session,GET,400,60
req-005431,2026-03-03T03:56:50Z,search,/v1/cache,DELETE,204,34
req-001925,2026-03-01T18:38:17Z,catalog,/v1/items,GET,200,50
req-001772,2026-03-01T17:13:49Z,billing,/v1/invoices,GET,204,354
req-004585,2026-03-02T20:28:22Z,checkout,/v1/pay,POST,204,502
req-004795,2026-03-02T21:43:16Z,auth,/v1/session,GET,201,29
req-004094,2026-03-02T15:03:16Z,auth,/v1/login,POST,200,193
req-000116,2026-03-01T01:14:18Z,billing,/v1/invoices,GET,201,1733
req-003547,2026-03-02T10:03:33Z,checkout,/v1/pay,POST,200,440
req-003572,2026-03-02T10:43:13Z,auth,/v1/login,POST,200,92
req-001930,2026-03-01T18:07:46Z,catalog,/v1/items,GET,200,43
req-004264,2026-03-02T17:54:03Z,checkout,/v1/pay,POST,200,236
req-006704,2026-03-03T15:33:27Z,search,/v1/cache,DELETE,200,67
req-004267,2026-03-02T17:26:47Z,checkout,/v1/pay,POST,200,172
req-007017,2026-03-03T18:36:17Z,search,/v1/cache,DELETE,201,48
req-007255,2026-03-03T21:23:02Z,search,/v1/query,GET,200,182
req-005488,2026-03-03T04:40:04Z,catalog,/v1/items,GET,200,62
req-001310,2026-03-01T12:12:43Z,catalog,/v1/items,GET,200,64
req-001326,2026-03-01T12:28:40Z,search,/v1/cache,DELETE,504,57
req-003970,2026-03-02T14:14:16Z,checkout,/v1/pay,POST,200,266
req-005568,2026-03-03T05:04:09Z,billing,/v1/invoices,GET,403,386
req-003067,2026-03-02T05:22:06Z,catalog,/v1/items,GET,200,51
req-003320,2026-03-02T08:33:33Z,checkout,/v1/pay,POST,204,426
req-004014,2026-03-02T14:59:12Z,catalog,/v1/items,GET,200,76
req-000710,2026-03-01T06:11:29Z,search,/v1/cache,DELETE,201,61
req-003198,2026-03-02T06:07:36Z,auth,/v1/session,GET,200,43
req-003920,2026-03-02T13:43:31Z,catalog,/v1/items,GET,200,67
req-006477,2026-03-03T13:38:01Z,catalog,/v1/items,GET,200,73
req-002707,2026-03-02T02:32:42Z,billing,/v1/invoices,GET,204,483
req-003630,2026-03-02T10:09:56Z,catalog,/v1/items,PUT,201,102
req-007509,2026-03-03T23:21:43Z,catalog,/v1/items,GET,204,56
req-000580,2026-03-01T05:05:23Z,catalog,/v1/items,GET,201,32
req-002108,2026-03-01T20:56:34Z,search,/v1/query,GET,200,230
req-004476,2026-03-02T18:04:11Z,auth,/v1/session,GET,201,42
req-002022,2026-03-01T19:33:55Z,auth,/v1/login,POST,204,63
req-002853,2026-03-02T03:56:50Z,catalog,/v1/items,GET,200,53
req-001164,2026-03-01T11:15:53Z,auth,/v1/login,POST,204,97
req-004972,2026-03-02T23:14:21Z,catalog,/v1/items,GET,200,57
req-001072,2026-03-01T10:57:02Z,catalog,/v1/items,GET,200,67
req-001195,2026-03-01T11:39:42Z,catalog,/v1/items,GET,201,53
req-006249,2026-03-03T11:40:30Z,catalog,/v1/items,GET,204,46
req-001144,2026-03-01T11:18:36Z,search,/v1/query,GET,200,1507
req-002386,2026-03-01T22:59:48Z,auth,/v1/session,GET,302,23
req-004890,2026-03-02T22:42:47Z,catalog,/v1/items,PUT,404,123
req-003322,2026-03-02T08:11:05Z,checkout,/v1/pay,POST,200,219
req-000633,2026-03-01T06:04:47Z,billing,/v1/invoices,GET,200,1880
req-004766,2026-03-02T21:18:03Z,catalog,/v1/items,GET,204,57
req-007085,2026-03-03T19:28:52Z,catalog,/v1/items,GET,204,59
req-001463,2026-03-01T14:11:00Z,search,/v1/query,GET,200,401
req-003721,2026-03-02T11:20:28Z,catalog,/v1/items,GET,200,67
req-005584,2026-03-03T05:45:16Z,auth,/v1/login,POST,200,83
req-001404,2026-03-01T13:44:06Z,catalog,/v1/items,GET,200,51
req-005828,2026-03-03T07:03:11Z,catalog,/v1/items,GET,204,50
req-004938,2026-03-02T23:19:35Z,auth,/v1/login,POST,200,33
req-002848,2026-03-02T03:35:36Z,catalog,/v1/items,GET,200,58
req-001473,2026-03-01T14:28:14Z,auth,/v1/login,POST,201,83
req-000935,2026-03-01T09:01:46Z,billing,/v1/invoices,GET,201,1680
req-002759,2026-03-02T02:19:20Z,catalog,/v1/items,GET,201,62
req-004168,2026-03-02T16:10:18Z,checkout,/v1/pay,POST,200,233
req-004026,2026-03-02T14:23:47Z,catalog,/v1/items,GET,200,71
req-006671,2026-03-03T15:40:08Z,catalog,/v1/items,GET,200,74
req-000631,2026-03-01T06:40:04Z,billing,/v1/invoices,GET,200,340
req-000946,2026-03-01T09:15:59Z,search,/v1/query,GET,204,461
req-006231,2026-03-03T11:08:12Z,auth,/v1/login,POST,200,81
req-007279,2026-03-03T21:12:08Z,auth,/v1/login,POST,200,72
req-004958,2026-03-02T23:12:43Z,catalog,/v1/items,GET,204,64
req-003975,2026-03-02T14:48:32Z,billing,/v1/invoices,GET,201,435
req-003312,2026-03-02T07:59:06Z,auth,/v1/session,GET,204,38
req-005516,2026-03-03T04:36:22Z,catalog,/v1/items,GET,201,71
req-001525,2026-03-01T14:17:36Z,catalog,/v1/items,GET,200,56
req-001442,2026-03-01T14:53:21Z,checkout,/v1/pay,POST,200,204
req-001928,2026-03-01T18:40:04Z,catalog,/v1/items,GET,200,76
req-005997,2026-03-03T09:52:44Z,search,/v1/query,GET,200,388
req-003219,2026-03-02T07:02:26Z,checkout,/v1/pay,POST,204,187
req-006167,2026-03-03T10:57:43Z,catalog,/v1/items,PUT,200,44
req-002624,2026-03-02T01:59:14Z,auth,/v1/login,POST,201,72
req-003315,2026-03-02T07:50:40Z,auth,/v1/session,GET,302,42
req-000257,2026-03-01T02:01:47Z,auth,/v1/login,POST,204,84
req-004860,2026-03-02T22:48:04Z,catalog,/v1/items,GET,200,58
req-004794,2026-03-02T21:35:55Z,auth,/v1/session,GET,200,43
req-000697,2026-03-01T06:32:18Z,catalog,/v1/items,PUT,204,119
req-000708,2026-03-01T06:31:11Z,auth,/v1/session,GET,200,40
req-002927,2026-03-02T04:41:02Z,auth,/v1/login,POST,200,69
req-006227,2026-03-03T11:14:08Z,auth,/v1/login,POST,200,86
req-004402,2026-03-02T18:25:50Z,search,/v1/query,GET,502,173
req-002410,2026-03-01T23:39:42Z,billing,/v1/invoices,GET,200,480
req-000079,2026-03-01T00:08:09Z,catalog,/v1/items,GET,200,76
req-007370,2026-03-03T22:54:08Z,auth,/v1/login,POST,201,155
req-006624,2026-03-03T15:39:09Z,billing,/v1/invoices,GET,204,460
req-002667,2026-03-02T01:18:11Z,catalog,/v1/items,GET,204,75
req-006322,2026-03-03T12:55:23Z,auth,/v1/login,POST,200,52
req-002200,2026-03-01T21:13:56Z,billing,/v1/invoices,GET,201,2010
req-005469,2026-03-03T04:01:49Z,auth,/v1/login,POST,200,83
req-003253,2026-03-02T07:09:05Z,auth,/v1/login,POST,403,93
req-002247,2026-03-01T21:38:36Z,catalog,/v1/items,GET,201,154
req-006169,2026-03-03T10:45:26Z,catalog,/v1/items,PUT,200,103
req-001531,2026-03-01T14:10:36Z,catalog,/v1/items,GET,201,50
req-006698,2026-03-03T15:35:34Z,catalog,/v1/items,PUT,204,48
req-003696,2026-03-02T11:51:48Z,catalog,/v1/items,GET,200,68
req-001947,2026-03-01T18:02:49Z,catalog,/v1/items,GET,201,39
req-007068,2026-03-03T19:16:17Z,auth,/v1/login,POST,204,175
req-006816,2026-03-03T17:43:34Z,checkout,/v1/pay,POST,504,213
req-006775,2026-03-03T16:32:09Z,catalog,/v1/items,GET,200,53
req-006378,2026-03-03T12:56:02Z,catalog,/v1/items,PUT,201,99
req-003388,2026-03-02T08:51:11Z,catalog,/v1/items,GET,201,86
req-002633,2026-03-02T01:30:08Z,auth,/v1/login,POST,200,62
req-001685,2026-03-01T16:36:57Z,auth,/v1/login,POST,200,98
req-000087,2026-03-01T00:48:56Z,catalog,/v1/items,PUT,201,93
req-002705,2026-03-02T02:06:09Z,checkout,/v1/pay,POST,200,291
req-000270,2026-03-01T02:41:10Z,catalog,/v1/items,GET,200,56
req-003756,2026-03-02T12:27:56Z,checkout,/v1/pay,POST,201,261
req-003396,2026-03-02T08:25:48Z,catalog,/v1/items,GET,200,44
req-005409,2026-03-03T03:47:51Z,catalog,/v1/items,GET,200,65
req-005063,2026-03-03T00:37:43Z,catalog,/v1/items,GET,204,142
req-001368,2026-03-01T13:59:34Z,auth,/v1/login,POST,200,54
req-007027,2026-03-03T19:07:43Z,checkout,/v1/pay,POST,200,196
req-003809,2026-03-02T12:17:34Z,catalog,/v1/items,GET,204,24
req-004009,2026-03-02T14:58:41Z,auth,/v1/login,POST,200,98
req-001626,2026-03-01T15:17:43Z,catalog,/v1/items,GET,200,73
req-002173,2026-03-01T20:04:28Z,auth,/v1/session,GET,302,34
req-006523,2026-03-03T14:52:47Z,billing,/v1/invoices,GET,201,502
req-006207,2026-03-03T11:16:31Z,search,/v1/query,GET,201,372
req-000365,2026-03-01T03:57:55Z,catalog,/v1/items,GET,200,136
req-006130,2026-03-03T10:03:45Z,catalog,/v1/items,GET,200,43
req-004809,2026-03-02T22:51:29Z,checkout,/v1/pay,POST,504,336
req-000677,2026-03-01T06:33:27Z,catalog,/v1/items,GET,201,63
req-002407,2026-03-01T23:40:51Z,billing,/v1/invoices,GET,502,488
req-002159,2026-03-01T20:09:25Z,catalog,/v1/items,GET,200,80
req-007253,2026-03-03T21:46:46Z,search,/v1/query,GET,200,395
req-005319,2026-03-03T02:31:01Z,search,/v1/cache,DELETE,200,61
req-005313,2026-03-03T02:14:55Z,auth,/v1/session,GET,204,28
req-006953,2026-03-03T18:02:59Z,auth,/v1/login,POST,201,94
req-005424,2026-03-03T03:37:26Z,auth,/v1/session,GET,200,33
req-003501,2026-03-02T09:12:00Z,catalog,/v1/items,GET,204,75
req-005003,2026-03-03T00:03:09Z,checkout,/v1/pay,POST,200,216
req-001220,2026-03-01T11:41:41Z,search,/v1/cache,DELETE,201,44
req-000414,2026-03-01T04:23:34Z,checkout,/v1/pay,POST,201,245
req-007211,2026-03-03T20:08:42Z,catalog,/v1/items,GET,204,57
req-003114,2026-03-02T06:33:30Z,billing,/v1/invoices,GET,200,269
req-005484,2026-03-03T04:23:38Z,auth,/v1/login,POST,200,171
req-003880,2026-03-02T13:35:03Z,search,/v1/query,GET,200,409
req-002555,2026-03-02T00:58:25Z,catalog,/v1/items,GET,200,55
req-000286,2026-03-01T02:12:38Z,catalog,/v1/items,GET,200,135
req-006209,2026-03-03T11:48:21Z,search,/v1/query,GET,200,286
req-006098,2026-03-03T10:45:14Z,search,/v1/query,GET,201,338
req-006794,2026-03-03T16:09:53Z,catalog,/v1/items,PUT,200,93
req-005019,2026-03-03T00:34:32Z,billing,/v1/invoices,GET,200,300
req-003159,2026-03-02T06:20:35Z,catalog,/v1/items,GET,200,51
req-006073,2026-03-03T10:42:00Z,checkout,/v1/pay,POST,200,188
req-000635,2026-03-01T06:28:40Z,billing,/v1/invoices,GET,201,247
req-003121,2026-03-02T06:34:24Z,search,/v1/query,GET,200,202
req-005492,2026-03-03T04:35:16Z,catalog,/v1/items,GET,201,63
req-002440,2026-03-01T23:02:30Z,auth,/v1/login,POST,200,55
req-000990,2026-03-01T09:07:02Z,catalog,/v1/items,GET,201,67
req-001084,2026-03-01T10:43:07Z,catalog,/v1/items,GET,201,72
req-000457,2026-03-01T04:54:55Z,auth,/v1/login,POST,200,107
req-003841,2026-03-02T12:18:56Z,catalog,/v1/items,PUT,200,91
req-007494,2026-03-03T23:44:36Z,auth,/v1/login,POST,200,66
req-004817,2026-03-02T22:24:14Z,billing,/v1/invoices,GET,200,1878
req-005396,2026-03-03T03:56:08Z,catalog,/v1/items,GET,204,68
req-001609,2026-03-01T15:57:29Z,catalog,/v1/items,GET,204,48
req-002029,2026-03-01T19:50:03Z,catalog,/v1/items,GET,200,57
req-004797,2026-03-02T21:16:43Z,auth,/v1/session,GET,200,41
req-003827,2026-03-02T12:59:07Z,catalog,/v1/items,GET,200,40
req-001064,2026-03-01T10:51:19Z,auth,/v1/login,POST,200,66
req-002548,2026-03-02T00:26:40Z,catalog,/v1/items,GET,200,55
req-005170,2026-03-03T01:01:30Z,catalog,/v1/items,GET,200,90
req-002662,2026-03-02T01:48:42Z,catalog,/v1/items,GET,200,54
req-003002,2026-03-02T05:38:05Z,checkout,/v1/pay,POST,200,298
req-006092,2026-03-03T10:42:16Z,billing,/v1/invoices,GET,200,313
req-007298,2026-03-03T21:26:58Z,catalog,/v1/items,GET,200,71
req-003245,2026-03-02T07:15:08Z,auth,/v1/login,POST,200,160
req-000859,2026-03-01T08:15:23Z,auth,/v1/login,POST,200,88
req-003426,2026-03-02T08:20:06Z,search,/v1/cache,DELETE,200,40
req-001388,2026-03-01T13:10:59Z,catalog,/v1/items,GET,201,99
req-005841,2026-03-03T07:40:31Z,catalog,/v1/items,GET,201,138
req-000899,2026-03-01T08:48:49Z,catalog,/v1/items,GET,204,17
req-006916,2026-03-03T17:56:00Z,search,/v1/cache,DELETE,200,47
req-002284,2026-03-01T22:59:35Z,checkout,/v1/pay,POST,200,204
req-000284,2026-03-01T02:24:32Z,catalog,/v1/items,GET,204,89
req-003357,2026-03-02T08:09:31Z,auth,/v1/login,POST,201,96
req-002051,2026-03-01T19:04:43Z,catalog,/v1/items,GET,200,63
req-004497,2026-03-02T19:41:19Z,checkout,/v1/pay,POST,201,280
req-003270,2026-03-02T07:17:27Z,catalog,/v1/items,GET,200,70
req-004993,2026-03-02T23:01:15Z,catalog,/v1/items,PUT,200,100
req-005581,2026-03-03T05:16:23Z,auth,/v1/login,POST,200,73
req-004508,2026-03-02T19:20:58Z,search,/v1/query,GET,500,394
req-007192,2026-03-03T20:17:46Z,catalog,/v1/items,GET,200,80
req-002163,2026-03-01T20:06:04Z,catalog,/v1/items,GET,204,47
req-001533,2026-03-01T14:46:06Z,catalog,/v1/items,PUT,201,80
req-005155,2026-03-03T01:32:35Z,auth,/v1/login,POST,204,122
req-001984,2026-03-01T19:10:10Z,checkout,/v1/pay,POST,503,357
req-005350,2026-03-03T03:10:25Z,search,/v1/query,GET,200,293
req-007049,2026-03-03T19:24:05Z,search,/v1/query,GET,200,441
req-000246,2026-03-01T02:16:02Z,auth,/v1/login,POST,200,78
req-006570,2026-03-03T14:35:01Z,catalog,/v1/items,GET,200,40
req-004295,2026-03-02T17:07:48Z,auth,/v1/login,POST,204,97
req-006519,2026-03-03T14:01:54Z,checkout,/v1/pay,POST,200,154
req-007374,2026-03-03T22:28:28Z,auth,/v1/login,POST,200,115
req-007226,2026-03-03T20:20:36Z,search,/v1/cache,DELETE,204,63
req-000363,2026-03-01T03:03:40Z,catalog,/v1/items,GET,201,73
req-002748,2026-03-02T02:35:28Z,catalog,/v1/items,GET,204,65
req-004046,2026-03-02T14:12:50Z,catalog,/v1/items,PUT,200,72
req-003814,2026-03-02T12:52:12Z,catalog,/v1/items,GET,204,32
req-001724,2026-03-01T16:23:30Z,catalog,/v1/items,GET,200,93
req-001212,2026-03-01T11:53:39Z,auth,/v1/session,GET,200,47
req-007052,2026-03-03T19:42:11Z,search,/v1/query,GET,200,296
req-002983,2026-03-02T04:22:25Z,catalog,/v1/items,PUT,204,78
req-001823,2026-03-01T17:28:40Z,catalog,/v1/items,GET,204,53
req-004339,2026-03-02T17:19:46Z,catalog,/v1/items,GET,200,61
req-001703,2026-03-01T16:37:24Z,auth,/v1/login,POST,200,61
req-001233,2026-03-01T12:01:47Z,checkout,/v1/pay,POST,200,255
req-004756,2026-03-02T21:04:45Z,catalog,/v1/items,GET,200,69
req-005629,2026-03-03T05:29:01Z,catalog,/v1/items,GET,200,46
req-001411,2026-03-01T13:26:04Z,catalog,/v1/items,GET,200,55
req-002868,2026-03-02T03:03:00Z,catalog,/v1/items,GET,200,67
req-005349,2026-03-03T03:35:31Z,search,/v1/query,GET,200,318
req-007126,2026-03-03T20:41:28Z,checkout,/v1/pay,POST,500,275
req-001693,2026-03-01T16:26:47Z,auth,/v1/login,POST,204,83
req-006608,2026-03-03T15:43:15Z,checkout,/v1/pay,POST,200,146
req-000523,2026-03-01T05:58:51Z,billing,/v1/invoices,GET,201,451
req-007276,2026-03-03T21:58:48Z,auth,/v1/login,POST,401,70
req-000968,2026-03-01T09:06:28Z,auth,/v1/login,POST,200,51
req-000470,2026-03-01T04:47:20Z,catalog,/v1/items,GET,200,76
req-004227,2026-03-02T16:13:03Z,catalog,/v1/items,GET,200,38
req-006251,2026-03-03T11:26:38Z,catalog,/v1/items,GET,200,31
req-004118,2026-03-02T15:06:12Z,catalog,/v1/items,GET,201,62
req-001749,2026-03-01T16:18:58Z,search,/v1/cache,DELETE,200,46
req-003689,2026-03-02T11:58:43Z,auth,/v1/login,POST,200,80
req-004341,2026-03-02T17:51:36Z,catalog,/v1/items,GET,200,77
req-005470,2026-03-03T04:06:44Z,auth,/v1/login,POST,204,63
req-003860,2026-03-02T13:51:07Z,checkout,/v1/pay,POST,200,266
req-005253,2026-03-03T02:51:08Z,auth,/v1/login,POST,200,93
req-007573,2026-03-01T20:24:00Z,billing,/v1/refund,POST,200,198
req-003211,2026-03-02T07:21:58Z,checkout,/v1/pay,POST,200,174
req-006339,2026-03-03T12:59:18Z,auth,/v1/login,POST,200,56
req-003983,2026-03-02T14:39:45Z,search,/v1/query,GET,200,344
req-000673,2026-03-01T06:01:12Z,catalog,/v1/items,GET,201,65
req-000271,2026-03-01T02:53:59Z,catalog,/v1/items,GET,200,39
req-003257,2026-03-02T07:59:08Z,auth,/v1/login,POST,201,72
req-005961,2026-03-03T08:32:09Z,auth,/v1/session,GET,302,61
req-004430,2026-03-02T18:55:41Z,auth,/v1/login,POST,200,67
req-001347,2026-03-01T13:00:10Z,billing,/v1/invoices,GET,400,294
req-002401,2026-03-01T23:54:05Z,checkout,/v1/pay,POST,204,198
req-003987,2026-03-02T14:07:21Z,search,/v1/query,GET,200,388
req-003279,2026-03-02T07:54:55Z,catalog,/v1/items,GET,200,57
req-006012,2026-03-03T09:34:00Z,auth,/v1/login,POST,200,100
req-001577,2026-03-01T15:22:45Z,search,/v1/query,GET,201,385
req-004641,2026-03-02T20:33:30Z,auth,/v1/login,POST,200,78
req-004151,2026-03-02T15:09:09Z,catalog,/v1/items,PUT,200,93
req-002724,2026-03-02T02:07:16Z,auth,/v1/login,POST,204,72
req-004895,2026-03-02T22:00:50Z,auth,/v1/session,GET,200,28
req-005062,2026-03-03T00:17:27Z,catalog,/v1/items,GET,204,74
req-002080,2026-03-01T20:23:43Z,checkout,/v1/pay,POST,200,235
req-003824,2026-03-02T12:16:58Z,catalog,/v1/items,GET,200,39
req-004599,2026-03-02T20:10:14Z,checkout,/v1/pay,POST,200,196
req-001175,2026-03-01T11:34:18Z,catalog,/v1/items,GET,200,52
req-001360,2026-03-01T13:51:47Z,auth,/v1/login,POST,204,84
req-001380,2026-03-01T13:51:14Z,catalog,/v1/items,GET,200,58
req-003748,2026-03-02T11:12:26Z,search,/v1/cache,DELETE,204,64
req-003731,2026-03-02T11:01:04Z,catalog,/v1/items,GET,204,65
req-000371,2026-03-01T03:25:49Z,catalog,/v1/items,GET,201,22
req-005611,2026-03-03T05:59:09Z,catalog,/v1/items,GET,200,69
req-006472,2026-03-03T13:34:51Z,catalog,/v1/items,GET,201,154
req-000645,2026-03-01T06:04:16Z,search,/v1/query,GET,504,337
req-001778,2026-03-01T17:02:10Z,search,/v1/query,GET,200,1649
req-002350,2026-03-01T22:53:33Z,catalog,/v1/items,GET,200,50
req-000383,2026-03-01T03:41:38Z,catalog,/v1/items,GET,200,71
req-006774,2026-03-03T16:48:31Z,catalog,/v1/items,GET,201,43
req-004058,2026-03-02T14:08:44Z,search,/v1/cache,DELETE,403,111
req-000269,2026-03-01T02:35:17Z,catalog,/v1/items,GET,204,81
req-001471,2026-03-01T14:11:16Z,auth,/v1/login,POST,204,79
req-001460,2026-03-01T14:32:50Z,billing,/v1/invoices,GET,200,487
req-002216,2026-03-01T21:54:27Z,auth,/v1/login,POST,200,87
req-001736,2026-03-01T16:57:11Z,catalog,/v1/items,PUT,400,61
req-006526,2026-03-03T14:39:07Z,billing,/v1/invoices,GET,204,221
req-005561,2026-03-03T05:10:17Z,checkout,/v1/pay,POST,200,223
req-002217,2026-03-01T21:47:03Z,auth,/v1/login,POST,200,68
req-000661,2026-03-01T06:33:40Z,auth,/v1/login,POST,200,62
req-001920,2026-03-01T18:41:12Z,auth,/v1/login,POST,200,45
req-002898,2026-03-02T04:28:07Z,checkout,/v1/pay,POST,503,233
req-003526,2026-03-02T09:50:23Z,catalog,/v1/items,PUT,200,50
req-004285,2026-03-02T17:26:50Z,billing,/v1/invoices,GET,201,472
req-007406,2026-03-03T22:08:48Z,catalog,/v1/items,GET,200,57
req-000225,2026-03-01T02:10:46Z,billing,/v1/invoices,GET,200,258
req-003341,2026-03-02T08:35:00Z,billing,/v1/invoices,GET,200,133
req-004724,2026-03-02T21:49:10Z,search,/v1/query,GET,502,175
req-001465,2026-03-01T14:17:35Z,search,/v1/query,GET,502,1561
req-006494,2026-03-03T13:09:22Z,catalog,/v1/items,PUT,404,106
req-004836,2026-03-02T22:46:50Z,auth,/v1/login,POST,204,66
req-003873,2026-03-02T13:00:20Z,billing,/v1/invoices,GET,200,407
req-007432,2026-03-03T22:08:14Z,auth,/v1/session,GET,200,44
req-007388,2026-03-03T22:50:37Z,auth,/v1/login,POST,201,70
req-001021,2026-03-01T10:33:48Z,checkout,/v1/pay,POST,200,488
req-002581,2026-03-02T00:04:41Z,catalog,/v1/items,PUT,204,126
req-003820,2026-03-02T12:46:37Z,catalog,/v1/items,GET,200,58
req-006802,2026-03-03T16:36:02Z,auth,/v1/session,GET,302,38
req-005706,2026-03-03T06:11:53Z,auth,/v1/login,POST,200,159
req-000982,2026-03-01T09:17:07Z,catalog,/v1/items,GET,200,51
req-002971,2026-03-02T04:38:38Z,catalog,/v1/items,GET,201,38
req-006853,2026-03-03T17:44:28Z,auth,/v1/login,POST,400,82
req-000792,2026-03-01T07:47:33Z,catalog,/v1/items,GET,201,65
req-001528,2026-03-01T14:39:58Z,catalog,/v1/items,GET,204,73
req-002007,2026-03-01T19:29:20Z,auth,/v1/login,POST,200,72
req-001178,2026-03-01T11:16:40Z,catalog,/v1/items,GET,200,58
req-003375,2026-03-02T08:59:33Z,auth,/v1/login,POST,200,67
req-006468,2026-03-03T13:40:34Z,catalog,/v1/items,GET,200,74
req-000480,2026-03-01T04:29:03Z,catalog,/v1/items,GET,201,48
req-002437,2026-03-01T23:13:13Z,auth,/v1/login,POST,200,28
req-000280,2026-03-01T02:19:31Z,catalog,/v1/items,GET,204,61
req-006118,2026-03-03T10:24:23Z,auth,/v1/login,POST,200,98
req-003309,2026-03-02T07:54:08Z,catalog,/v1/items,PUT,404,66
req-004028,2026-03-02T14:35:37Z,catalog,/v1/items,GET,200,73
req-003075,2026-03-02T05:00:55Z,catalog,/v1/items,GET,204,65
req-004668,2026-03-02T20:13:54Z,catalog,/v1/items,GET,503,59
req-007436,2026-03-03T22:43:52Z,search,/v1/cache,DELETE,200,56
req-000272,2026-03-01T02:41:49Z,catalog,/v1/items,GET,204,48
req-001398,2026-03-01T13:50:41Z,catalog,/v1/items,GET,200,52
req-005550,2026-03-03T05:28:11Z,checkout,/v1/pay,POST,204,173
req-006511,2026-03-03T14:24:36Z,checkout,/v1/pay,POST,204,191
req-000273,2026-03-01T02:40:34Z,catalog,/v1/items,GET,201,46
req-006557,2026-03-03T14:24:21Z,auth,/v1/login,POST,201,122
req-000224,2026-03-01T02:09:10Z,billing,/v1/invoices,GET,204,293
req-006085,2026-03-03T10:51:12Z,checkout,/v1/pay,POST,200,190
req-000848,2026-03-01T08:07:47Z,auth,/v1/login,POST,201,84
req-000592,2026-03-01T05:28:51Z,catalog,/v1/items,GET,201,72
req-002166,2026-03-01T20:46:23Z,catalog,/v1/items,PUT,200,103
req-004755,2026-03-02T21:08:32Z,catalog,/v1/items,GET,201,56
req-002049,2026-03-01T19:53:03Z,catalog,/v1/items,GET,204,71
req-007156,2026-03-03T20:09:40Z,search,/v1/query,GET,201,1567
req-001782,2026-03-01T17:38:54Z,search,/v1/query,GET,204,327
req-001038,2026-03-01T10:25:44Z,billing,/v1/invoices,GET,200,1840
req-002878,2026-03-02T03:11:34Z,catalog,/v1/items,GET,200,54
req-005485,2026-03-03T04:17:15Z,auth,/v1/login,POST,200,103
req-002233,2026-03-01T21:28:07Z,auth,/v1/login,POST,201,169
req-002077,2026-03-01T19:02:12Z,search,/v1/cache,DELETE,204,43
req-004259,2026-03-02T16:04:52Z,auth,/v1/session,GET,200,38
req-004432,2026-03-02T18:28:38Z,catalog,/v1/items,GET,200,71
req-002751,2026-03-02T02:15:44Z,catalog,/v1/items,GET,200,12
req-006292,2026-03-03T12:57:26Z,checkout,/v1/pay,POST,200,180
req-005905,2026-03-03T08:27:57Z,auth,/v1/login,POST,200,97
req-005514,2026-03-03T04:23:03Z,catalog,/v1/items,GET,204,50
req-000930,2026-03-01T09:52:49Z,billing,/v1/invoices,GET,200,384
req-005148,2026-03-03T01:07:02Z,auth,/v1/login,POST,201,86
req-003181,2026-03-02T06:57:18Z,catalog,/v1/items,GET,200,69
req-004656,2026-03-02T20:30:08Z,catalog,/v1/items,GET,200,70
req-003252,2026-03-02T07:19:18Z,auth,/v1/login,POST,200,91
req-000342,2026-03-01T03:24:15Z,auth,/v1/login,POST,200,92
req-002846,2026-03-02T03:53:41Z,catalog,/v1/items,GET,200,54
req-005967,2026-03-03T08:10:54Z,search,/v1/cache,DELETE,204,43
req-003461,2026-03-02T09:54:21Z,search,/v1/query,GET,504,1510
req-000009,2026-03-01T00:55:06Z,checkout,/v1/pay,POST,200,209
req-006001,2026-03-03T09:47:33Z,auth,/v1/login,POST,200,56
req-003068,2026-03-02T05:11:38Z,catalog,/v1/items,GET,200,63
req-000486,2026-03-01T04:14:01Z,catalog,/v1/items,GET,200,46
req-001470,2026-03-01T14:18:20Z,search,/v1/query,GET,200,404
req-006466,2026-03-03T13:51:20Z,catalog,/v1/items,GET,200,144
req-001599,2026-03-01T15:10:59Z,auth,/v1/login,POST,200,95
req-005097,2026-03-03T00:33:43Z,auth,/v1/session,GET,301,44
req-006877,2026-03-03T17:25:23Z,catalog,/v1/items,GET,200,67
req-005904,2026-03-03T08:46:38Z,auth,/v1/login,POST,503,99
req-007377,2026-03-03T22:06:21Z,auth,/v1/login,POST,200,75
req-002806,2026-03-02T03:50:05Z,billing,/v1/invoices,GET,200,468
req-004694,2026-03-02T20:33:37Z,search,/v1/cache,DELETE,201,49
req-006020,2026-03-03T09:39:48Z,catalog,/v1/items,GET,200,50
req-000961,2026-03-01T09:08:02Z,auth,/v1/login,POST,200,59
req-001318,2026-03-01T12:20:54Z,catalog,/v1/items,PUT,400,54
req-001955,2026-03-01T18:07:41Z,catalog,/v1/items,GET,201,56
req-004699,2026-03-02T21:35:55Z,checkout,/v1/pay,POST,200,79
req-000451,2026-03-01T04:42:47Z,auth,/v1/login,POST,200,76
req-000275,2026-03-01T02:21:38Z,catalog,/v1/items,GET,200,68
req-003064,2026-03-02T05:03:07Z,catalog,/v1/items,GET,200,46
req-001395,2026-03-01T13:27:19Z,catalog,/v1/items,GET,200,62
req-003598,2026-03-02T10:36:29Z,catalog,/v1/items,GET,200,77
req-001900,2026-03-01T18:13:36Z,auth,/v1/login,POST,204,120
req-003698,2026-03-02T11:53:01Z,catalog,/v1/items,GET,200,58
req-003369,2026-03-02T08:48:25Z,auth,/v1/login,POST,200,89
req-005103,2026-03-03T01:25:08Z,checkout,/v1/pay,POST,500,134
req-000386,2026-03-01T03:34:11Z,catalog,/v1/items,GET,201,66
req-003436,2026-03-02T09:53:47Z,checkout,/v1/pay,POST,200,204
req-003780,2026-03-02T12:36:09Z,auth,/v1/login,POST,201,112
req-004207,2026-03-02T16:48:24Z,auth,/v1/login,POST,200,81
req-002283,2026-03-01T22:27:15Z,checkout,/v1/pay,POST,204,188
req-005933,2026-03-03T08:00:24Z,catalog,/v1/items,GET,200,51
req-000876,2026-03-01T08:56:20Z,catalog,/v1/items,GET,201,31
req-005625,2026-03-03T05:54:38Z,catalog,/v1/items,GET,200,60
req-007178,2026-03-03T20:55:33Z,auth,/v1/login,POST,200,124
req-006789,2026-03-03T16:04:21Z,catalog,/v1/items,GET,204,82
req-000506,2026-03-01T04:18:01Z,search,/v1/cache,DELETE,200,60
req-005850,2026-03-03T07:56:23Z,catalog,/v1/items,PUT,200,74
req-001282,2026-03-01T12:43:48Z,catalog,/v1/items,GET,204,43
req-002790,2026-03-02T02:58:42Z,search,/v1/cache,DELETE,201,58
req-003081,2026-03-02T05:18:07Z,catalog,/v1/items,PUT,201,101
req-001327,2026-03-01T13:09:13Z,checkout,/v1/pay,POST,502,292
req-003749,2026-03-02T11:26:26Z,search,/v1/cache,DELETE,200,49
req-000344,2026-03-01T03:02:55Z,auth,/v1/login,POST,204,99
req-003325,2026-03-02T08:55:32Z,checkout,/v1/pay,POST,200,272
req-004677,2026-03-02T20:19:15Z,catalog,/v1/items,GET,200,64
req-002397,2026-03-01T23:01:01Z,checkout,/v1/pay,POST,200,263
req-003428,2026-03-02T08:29:40Z,search,/v1/cache,DELETE,200,60
req-000029,2026-03-01T00:13:34Z,search,/v1/query,GET,504,493
req-000597,2026-03-01T05:14:00Z,catalog,/v1/items,GET,200,76
req-002255,2026-03-01T21:08:20Z,catalog,/v1/items,GET,200,61
req-000421,2026-03-01T04:03:17Z,checkout,/v1/pay,POST,200,163
req-007256,2026-03-03T21:10:24Z,search,/v1/query,GET,502,441
req-001515,2026-03-01T14:00:22Z,catalog,/v1/items,GET,204,93
req-000194,2026-03-01T01:48:39Z,catalog,/v1/items,PUT,404,81
req-001261,2026-03-01T12:44:23Z,auth,/v1/login,POST,200,82
req-006408,2026-03-03T13:51:44Z,billing,/v1/invoices,GET,201,441
req-001108,2026-03-01T10:31:59Z,catalog,/v1/items,PUT,200,102
req-006099,2026-03-03T10:11:06Z,search,/v1/query,GET,200,346
req-004140,2026-03-02T15:28:52Z,catalog,/v1/items,GET,201,43
req-001266,2026-03-01T12:44:30Z,auth,/v1/login,POST,200,97
req-002522,2026-03-02T00:18:18Z,search,/v1/query,GET,201,313
req-003587,2026-03-02T10:43:49Z,auth,/v1/login,POST,200,80
req-001770,2026-03-01T17:28:27Z,billing,/v1/invoices,GET,200,466
req-002210,2026-03-01T21:59:30Z,search,/v1/query,GET,200,464
req-006135,2026-03-03T10:30:28Z,catalog,/v1/items,GET,200,79
req-007203,2026-03-03T20:23:55Z,catalog,/v1/items,GET,204,38
req-006221,2026-03-03T11:15:07Z,auth,/v1/login,POST,200,76
req-001276,2026-03-01T12:52:22Z,auth,/v1/login,POST,201,80
req-002524,2026-03-02T00:36:51Z,search,/v1/query,GET,200,264
req-003306,2026-03-02T07:26:34Z,catalog,/v1/items,PUT,200,102
req-005326,2026-03-03T03:55:55Z,checkout,/v1/pay,POST,500,383
req-001279,2026-03-01T12:50:05Z,catalog,/v1/items,GET,201,43
req-002628,2026-03-02T01:12:38Z,auth,/v1/login,POST,200,86
req-003532,2026-03-02T09:03:16Z,auth,/v1/session,GET,200,28
req-002910,2026-03-02T04:05:17Z,billing,/v1/invoices,GET,200,368
req-004357,2026-03-02T17:02:33Z,catalog,/v1/items,PUT,200,90
req-005200,2026-03-03T01:40:02Z,auth,/v1/session,GET,201,88
req-002366,2026-03-01T22:32:12Z,catalog,/v1/items,GET,204,45
req-003844,2026-03-02T12:57:04Z,catalog,/v1/items,PUT,503,59
req-004081,2026-03-02T15:43:09Z,billing,/v1/invoices,GET,200,1794
req-007324,2026-03-03T21:04:46Z,catalog,/v1/items,PUT,200,93
req-006867,2026-03-03T17:07:25Z,catalog,/v1/items,GET,200,56
req-006974,2026-03-03T18:49:05Z,auth,/v1/login,POST,200,63
req-002675,2026-03-02T01:30:59Z,catalog,/v1/items,PUT,204,93
req-001332,2026-03-01T13:52:50Z,checkout,/v1/pay,POST,201,226
req-005133,2026-03-03T01:47:52Z,search,/v1/query,GET,200,261
req-005290,2026-03-03T02:37:29Z,catalog,/v1/items,GET,200,101
req-006457,2026-03-03T13:28:39Z,catalog,/v1/items,GET,201,86
req-002802,2026-03-02T03:35:59Z,checkout,/v1/pay,POST,200,259
req-002999,2026-03-02T05:24:43Z,checkout,/v1/pay,POST,200,274
req-003005,2026-03-02T05:18:36Z,checkout,/v1/pay,POST,200,224
req-000429,2026-03-01T04:59:54Z,billing,/v1/invoices,GET,201,360
req-002117,2026-03-01T20:20:29Z,auth,/v1/login,POST,201,105
req-001042,2026-03-01T10:09:49Z,search,/v1/query,GET,201,326
req-005658,2026-03-03T06:32:23Z,checkout,/v1/pay,POST,504,196
req-007574,2026-03-01T20:28:00Z,billing,/v1/refund,POST,200,201
req-003129,2026-03-02T06:51:32Z,auth,/v1/login,POST,201,92
req-002928,2026-03-02T04:14:36Z,auth,/v1/login,POST,404,72
req-004541,2026-03-02T19:32:03Z,catalog,/v1/items,GET,200,84
req-005132,2026-03-03T01:33:06Z,search,/v1/query,GET,504,179
req-004708,2026-03-02T21:39:33Z,checkout,/v1/pay,POST,204,147
req-001503,2026-03-01T14:26:09Z,catalog,/v1/items,GET,200,62
req-005230,2026-03-03T02:26:29Z,billing,/v1/invoices,GET,200,514
req-000889,2026-03-01T08:03:00Z,catalog,/v1/items,GET,200,72
req-001437,2026-03-01T13:22:47Z,search,/v1/cache,DELETE,200,48
req-004815,2026-03-02T22:54:11Z,checkout,/v1/pay,POST,200,159
req-007588,2026-03-01T21:24:00Z,billing,/v1/refund,POST,200,243
req-001410,2026-03-01T13:27:24Z,catalog,/v1/items,GET,200,37
req-003857,2026-03-02T13:11:35Z,checkout,/v1/pay,POST,500,244
req-001240,2026-03-01T12:18:54Z,billing,/v1/invoices,GET,201,270
req-000855,2026-03-01T08:20:35Z,auth,/v1/login,POST,200,94
req-002148,2026-03-01T20:44:48Z,catalog,/v1/items,GET,200,62
req-006359,2026-03-03T12:40:36Z,catalog,/v1/items,GET,204,39
req-000851,2026-03-01T08:21:21Z,auth,/v1/login,POST,200,93
req-001605,2026-03-01T15:54:20Z,catalog,/v1/items,GET,201,50
req-003973,2026-03-02T14:56:46Z,checkout,/v1/pay,POST,200,195
req-000584,2026-03-01T05:55:43Z,catalog,/v1/items,GET,200,28
req-000162,2026-03-01T01:52:40Z,catalog,/v1/items,GET,200,33
req-000220,2026-03-01T02:50:21Z,checkout,/v1/pay,POST,204,188
req-001725,2026-03-01T16:58:37Z,catalog,/v1/items,GET,200,69
req-002764,2026-03-02T02:22:14Z,catalog,/v1/items,GET,404,63
req-003058,2026-03-02T05:38:59Z,catalog,/v1/items,GET,200,53
req-005243,2026-03-03T02:20:49Z,search,/v1/query,GET,204,449
req-005169,2026-03-03T01:24:19Z,catalog,/v1/items,GET,200,70
req-002530,2026-03-02T00:27:25Z,search,/v1/query,GET,200,275
req-006820,2026-03-03T17:43:08Z,checkout,/v1/pay,POST,200,273
req-000453,2026-03-01T04:08:47Z,auth,/v1/login,POST,200,115
req-005259,2026-03-03T02:28:42Z,auth,/v1/login,POST,200,36
req-003621,2026-03-02T10:41:06Z,catalog,/v1/items,GET,204,61
req-003901,2026-03-02T13:04:32Z,auth,/v1/login,POST,204,76
req-000500,2026-03-01T04:38:20Z,auth,/v1/session,GET,200,49
req-005892,2026-03-03T08:46:25Z,search,/v1/query,GET,200,239
req-006420,2026-03-03T13:08:42Z,search,/v1/query,GET,200,494
req-004925,2026-03-02T23:48:49Z,search,/v1/query,GET,204,188
req-003771,2026-03-02T12:16:14Z,search,/v1/query,GET,200,549
req-007442,2026-03-03T23:54:15Z,checkout,/v1/pay,POST,200,200
req-000245,2026-03-01T02:02:50Z,auth,/v1/login,POST,200,104
req-006613,2026-03-03T15:59:20Z,checkout,/v1/pay,POST,201,271
req-005217,2026-03-03T02:05:21Z,checkout,/v1/pay,POST,200,140
req-003742,2026-03-02T11:42:06Z,auth,/v1/session,GET,200,54
req-004893,2026-03-02T22:25:25Z,auth,/v1/session,GET,301,29
req-007344,2026-03-03T22:43:00Z,checkout,/v1/pay,POST,204,240
req-005423,2026-03-03T03:45:02Z,auth,/v1/session,GET,200,22
req-002815,2026-03-02T03:18:00Z,search,/v1/query,GET,200,224
req-002883,2026-03-02T03:36:54Z,catalog,/v1/items,PUT,200,112
req-005185,2026-03-03T01:40:54Z,catalog,/v1/items,GET,200,63
req-007164,2026-03-03T20:06:02Z,auth,/v1/login,POST,201,59
req-006288,2026-03-03T12:37:19Z,checkout,/v1/pay,POST,204,159
req-005144,2026-03-03T01:33:25Z,auth,/v1/login,POST,200,100
req-002272,2026-03-01T21:49:44Z,auth,/v1/session,GET,200,33
req-002746,2026-03-02T02:39:11Z,catalog,/v1/items,GET,200,46
req-006482,2026-03-03T13:10:23Z,catalog,/v1/items,GET,201,70
req-001750,2026-03-01T16:13:35Z,search,/v1/cache,DELETE,200,44
req-006714,2026-03-03T16:07:41Z,checkout,/v1/pay,POST,502,258
req-000991,2026-03-01T09:02:42Z,catalog,/v1/items,GET,200,77
req-002334,2026-03-01T22:43:53Z,auth,/v1/login,POST,200,90
req-007004,2026-03-03T18:47:24Z,catalog,/v1/items,GET,200,37
req-002680,2026-03-02T01:23:58Z,catalog,/v1/items,PUT,204,91
req-004060,2026-03-02T15:16:49Z,checkout,/v1/pay,POST,200,220
req-003403,2026-03-02T08:54:34Z,catalog,/v1/items,GET,201,60
req-002603,2026-03-02T01:38:30Z,checkout,/v1/pay,POST,200,114
req-000857,2026-03-01T08:53:10Z,auth,/v1/login,POST,204,83
req-004260,2026-03-02T16:19:58Z,search,/v1/cache,DELETE,200,35
req-006580,2026-03-03T14:41:50Z,catalog,/v1/items,GET,200,57
req-006796,2026-03-03T16:09:17Z,catalog,/v1/items,PUT,404,69
req-004232,2026-03-02T16:58:58Z,catalog,/v1/items,GET,400,117
req-005248,2026-03-03T02:39:45Z,auth,/v1/login,POST,200,83
req-000839,2026-03-01T08:58:05Z,search,/v1/query,GET,504,295
req-005244,2026-03-03T02:24:56Z,auth,/v1/login,POST,200,99
req-005194,2026-03-03T01:42:18Z,catalog,/v1/items,PUT,403,108
req-005262,2026-03-03T02:50:50Z,auth,/v1/login,POST,404,69
req-001986,2026-03-01T19:54:38Z,checkout,/v1/pay,POST,404,243
req-005666,2026-03-03T06:04:14Z,billing,/v1/invoices,GET,204,355
req-001926,2026-03-01T18:58:04Z,catalog,/v1/items,GET,200,62
req-003792,2026-03-02T12:53:14Z,auth,/v1/login,POST,200,101
req-001028,2026-03-01T10:54:32Z,checkout,/v1/pay,POST,204,278
req-005737,2026-03-03T06:42:13Z,catalog,/v1/items,GET,200,67
req-003072,2026-03-02T05:12:58Z,catalog,/v1/items,GET,204,63
req-002390,2026-03-01T22:02:02Z,auth,/v1/session,GET,403,86
req-006070,2026-03-03T09:27:25Z,search,/v1/cache,DELETE,200,38
req-004243,2026-03-02T16:18:54Z,catalog,/v1/items,GET,201,74
req-003590,2026-03-02T10:44:48Z,auth,/v1/login,POST,200,88
req-003422,2026-03-02T08:54:32Z,auth,/v1/session,GET,201,52
req-004818,2026-03-02T22:54:35Z,billing,/v1/invoices,GET,200,1763
req-002362,2026-03-01T22:11:00Z,catalog,/v1/items,GET,200,15
req-003799,2026-03-02T12:40:56Z,auth,/v1/login,POST,200,87
req-003649,2026-03-02T11:18:13Z,checkout,/v1/pay,POST,502,275
req-006748,2026-03-03T16:51:07Z,auth,/v1/login,POST,200,57
req-002424,2026-03-01T23:30:14Z,auth,/v1/login,POST,200,76
req-001805,2026-03-01T17:09:06Z,auth,/v1/login,POST,200,97
req-005281,2026-03-03T02:45:03Z,catalog,/v1/items,GET,200,61
req-003609,2026-03-02T10:22:51Z,catalog,/v1/items,GET,200,143
req-005873,2026-03-03T08:25:41Z,checkout,/v1/pay,POST,201,245
req-004013,2026-03-02T14:13:43Z,catalog,/v1/items,GET,204,75
req-006061,2026-03-03T09:44:29Z,catalog,/v1/items,PUT,200,96
req-001383,2026-03-01T13:44:59Z,catalog,/v1/items,GET,201,57
req-004310,2026-03-02T17:29:17Z,auth,/v1/login,POST,200,81
req-000556,2026-03-01T05:21:26Z,auth,/v1/login,POST,201,130
req-003336,2026-03-02T08:03:45Z,billing,/v1/invoices,GET,201,1608
req-000623,2026-03-01T06:11:33Z,checkout,/v1/pay,POST,502,255
req-004293,2026-03-02T17:00:59Z,search,/v1/query,GET,200,275
req-004412,2026-03-02T18:58:03Z,auth,/v1/login,POST,200,99
req-000980,2026-03-01T09:28:39Z,catalog,/v1/items,GET,200,64
req-000957,2026-03-01T09:20:26Z,auth,/v1/login,POST,200,91
req-003757,2026-03-02T12:31:48Z,checkout,/v1/pay,POST,502,254
req-006019,2026-03-03T09:56:32Z,catalog,/v1/items,GET,200,80
req-006438,2026-03-03T13:03:42Z,auth,/v1/login,POST,200,93
req-003255,2026-03-02T07:19:47Z,auth,/v1/login,POST,201,76
req-006192,2026-03-03T11:36:12Z,checkout,/v1/pay,POST,200,220
req-004414,2026-03-02T18:40:35Z,auth,/v1/login,POST,201,48
req-002536,2026-03-02T00:27:21Z,auth,/v1/login,POST,200,65
req-002348,2026-03-01T22:02:37Z,catalog,/v1/items,GET,200,63
req-000428,2026-03-01T04:43:48Z,billing,/v1/invoices,GET,201,1812
req-003505,2026-03-02T09:42:14Z,catalog,/v1/items,GET,204,74
req-003193,2026-03-02T06:56:52Z,catalog,/v1/items,PUT,204,95
req-007498,2026-03-03T23:23:40Z,catalog,/v1/items,GET,200,52
req-001679,2026-03-01T16:14:52Z,search,/v1/query,GET,200,311
req-006765,2026-03-03T16:13:49Z,catalog,/v1/items,GET,204,57
req-004977,2026-03-02T23:25:10Z,catalog,/v1/items,GET,200,57
req-003618,2026-03-02T10:45:38Z,catalog,/v1/items,GET,204,58
req-001893,2026-03-01T18:55:11Z,search,/v1/query,GET,403,335
req-007399,2026-03-03T22:25:48Z,catalog,/v1/items,GET,200,62
req-002263,2026-03-01T21:04:27Z,catalog,/v1/items,GET,204,57
req-001393,2026-03-01T13:41:42Z,catalog,/v1/items,GET,204,65
req-002093,2026-03-01T20:53:24Z,checkout,/v1/pay,POST,200,245
req-004935,2026-03-02T23:43:54Z,auth,/v1/login,POST,200,89
req-004170,2026-03-02T16:38:19Z,checkout,/v1/pay,POST,200,214
req-006340,2026-03-03T12:34:53Z,auth,/v1/login,POST,200,87
req-002134,2026-03-01T20:59:39Z,catalog,/v1/items,GET,200,72
req-006761,2026-03-03T16:03:21Z,auth,/v1/login,POST,503,89
req-003993,2026-03-02T14:24:15Z,auth,/v1/login,POST,201,67
req-006008,2026-03-03T09:16:22Z,auth,/v1/login,POST,204,80
req-001280,2026-03-01T12:28:54Z,catalog,/v1/items,GET,204,51
req-000496,2026-03-01T04:10:46Z,catalog,/v1/items,PUT,201,106
req-000403,2026-03-01T03:12:29Z,auth,/v1/session,GET,201,37
req-002287,2026-03-01T22:26:14Z,checkout,/v1/pay,POST,200,249
req-002514,2026-03-02T00:47:13Z,checkout,/v1/pay,POST,502,218
req-005179,2026-03-03T01:25:19Z,catalog,/v1/items,GET,201,50
req-002115,2026-03-01T20:28:01Z,auth,/v1/login,POST,200,79
req-004331,2026-03-02T17:11:26Z,catalog,/v1/items,GET,200,64
req-004078,2026-03-02T15:50:14Z,billing,/v1/invoices,GET,204,360
req-006923,2026-03-03T18:38:20Z,checkout,/v1/pay,POST,200,266
req-006711,2026-03-03T16:49:11Z,checkout,/v1/pay,POST,200,258
req-007283,2026-03-03T21:47:31Z,auth,/v1/login,POST,204,101
req-000553,2026-03-01T05:56:21Z,auth,/v1/login,POST,201,40
req-000537,2026-03-01T05:28:11Z,search,/v1/query,GET,204,464
req-005137,2026-03-03T01:23:50Z,auth,/v1/login,POST,200,78
req-003765,2026-03-02T12:59:23Z,billing,/v1/invoices,GET,200,255
req-005683,2026-03-03T06:10:32Z,auth,/v1/login,POST,204,125
req-005294,2026-03-03T02:21:32Z,catalog,/v1/items,GET,200,55
req-002925,2026-03-02T04:24:14Z,search,/v1/query,GET,200,170
req-000189,2026-03-01T01:52:39Z,catalog,/v1/items,GET,200,26
req-005490,2026-03-03T04:02:23Z,catalog,/v1/items,GET,200,50
req-004253,2026-03-02T16:34:52Z,catalog,/v1/items,PUT,204,93
req-000212,2026-03-01T02:50:47Z,checkout,/v1/pay,POST,204,192
req-007081,2026-03-03T19:40:41Z,catalog,/v1/items,GET,204,49
req-002838,2026-03-02T03:58:52Z,auth,/v1/login,POST,200,92
req-004071,2026-03-02T15:55:47Z,checkout,/v1/pay,POST,200,260
req-004518,2026-03-02T19:11:32Z,auth,/v1/login,POST,200,102
req-005300,2026-03-03T02:11:15Z,catalog,/v1/items,GET,204,62
req-003783,2026-03-02T12:03:23Z,auth,/v1/login,POST,200,77
req-002304,2026-03-01T22:10:15Z,billing,/v1/invoices,GET,502,398
req-006656,2026-03-03T15:26:57Z,auth,/v1/login,POST,201,77
req-000567,2026-03-01T05:41:50Z,catalog,/v1/items,GET,200,72
req-003654,2026-03-02T11:12:52Z,checkout,/v1/pay,POST,200,188
req-001692,2026-03-01T16:27:58Z,auth,/v1/login,POST,204,186
req-006969,2026-03-03T18:04:30Z,auth,/v1/login,POST,200,60
req-004758,2026-03-02T21:46:45Z,catalog,/v1/items,GET,200,71
req-006069,2026-03-03T09:55:08Z,search,/v1/cache,DELETE,200,47
req-003083,2026-03-02T05:42:46Z,catalog,/v1/items,PUT,200,84
req-005827,2026-03-03T07:16:42Z,catalog,/v1/items,GET,204,55
req-002340,2026-03-01T22:59:42Z,auth,/v1/login,POST,200,99
req-005909,2026-03-03T08:33:03Z,auth,/v1/login,POST,200,93
req-004406,2026-03-02T18:00:26Z,search,/v1/query,GET,200,278
req-004174,2026-03-02T16:20:05Z,checkout,/v1/pay,POST,204,267
req-006529,2026-03-03T14:01:51Z,search,/v1/query,GET,200,341
req-002777,2026-03-02T02:14:32Z,catalog,/v1/items,PUT,200,192
req-002477,2026-03-01T23:03:59Z,catalog,/v1/items,GET,204,64
req-006886,2026-03-03T17:18:12Z,catalog,/v1/items,GET,200,82
req-005931,2026-03-03T08:14:03Z,catalog,/v1/items,GET,201,62
req-001457,2026-03-01T14:34:39Z,billing,/v1/invoices,GET,200,408
req-007128,2026-03-03T20:30:56Z,checkout,/v1/pay,POST,200,187
req-003304,2026-03-02T07:23:31Z,catalog,/v1/items,PUT,200,98
req-007511,2026-03-03T23:32:43Z,catalog,/v1/items,GET,200,64
req-001067,2026-03-01T10:40:34Z,auth,/v1/login,POST,201,78
req-002470,2026-03-01T23:01:02Z,catalog,/v1/items,GET,403,44
req-003296,2026-03-02T07:02:03Z,catalog,/v1/items,GET,200,55
req-001490,2026-03-01T14:16:51Z,auth,/v1/login,POST,200,80
req-000086,2026-03-01T00:11:03Z,catalog,/v1/items,PUT,201,109
req-003283,2026-03-02T07:32:09Z,catalog,/v1/items,GET,200,68
req-004226,2026-03-02T16:28:22Z,catalog,/v1/items,GET,200,62
req-003023,2026-03-02T05:52:34Z,search,/v1/query,GET,204,475
req-005302,2026-03-03T02:44:20Z,catalog,/v1/items,GET,201,73
req-002638,2026-03-02T01:36:58Z,auth,/v1/login,POST,200,103
req-000963,2026-03-01T09:40:39Z,auth,/v1/login,POST,204,113
req-004053,2026-03-02T14:02:38Z,auth,/v1/session,GET,302,51
req-001616,2026-03-01T15:46:52Z,catalog,/v1/items,GET,200,66
req-000492,2026-03-01T04:03:14Z,catalog,/v1/items,PUT,404,203
req-004776,2026-03-02T21:16:42Z,catalog,/v1/items,GET,200,79
req-001966,2026-03-01T18:11:06Z,auth,/v1/session,GET,200,15
req-001052,2026-03-01T10:43:22Z,auth,/v1/login,POST,200,172
req-003717,2026-03-02T11:26:31Z,catalog,/v1/items,GET,201,73
req-007395,2026-03-03T22:34:02Z,catalog,/v1/items,GET,204,33
req-004466,2026-03-02T18:29:00Z,catalog,/v1/items,GET,200,17
req-004048,2026-03-02T14:25:53Z,catalog,/v1/items,PUT,200,190
req-003032,2026-03-02T05:30:00Z,auth,/v1/login,POST,200,105
req-000965,2026-03-01T09:46:27Z,auth,/v1/login,POST,200,87
req-000901,2026-03-01T08:39:03Z,catalog,/v1/items,PUT,200,64
req-006487,2026-03-03T13:49:37Z,catalog,/v1/items,GET,204,46
req-000557,2026-03-01T05:55:45Z,auth,/v1/login,POST,200,92
req-007353,2026-03-03T22:08:44Z,billing,/v1/invoices,GET,200,370
req-002708,2026-03-02T02:00:04Z,billing,/v1/invoices,GET,200,377
req-004752,2026-03-02T21:00:28Z,auth,/v1/login,POST,503,72
req-005879,2026-03-03T08:37:40Z,billing,/v1/invoices,GET,200,1670
req-006612,2026-03-03T15:49:03Z,checkout,/v1/pay,POST,200,276
req-004318,2026-03-02T17:17:48Z,catalog,/v1/items,GET,200,46
req-004945,2026-03-02T23:43:56Z,auth,/v1/login,POST,200,101
req-000918,2026-03-01T09:22:14Z,checkout,/v1/pay,POST,200,521
req-000938,2026-03-01T09:43:55Z,billing,/v1/invoices,GET,204,284
req-003996,2026-03-02T14:25:34Z,auth,/v1/login,POST,204,69
req-000325,2026-03-01T03:51:19Z,checkout,/v1/pay,POST,200,241
req-003986,2026-03-02T14:45:00Z,search,/v1/query,GET,200,361
req-004770,2026-03-02T21:00:23Z,catalog,/v1/items,GET,200,73
req-003386,2026-03-02T08:23:07Z,catalog,/v1/items,GET,201,61
req-007190,2026-03-03T20:06:56Z,catalog,/v1/items,GET,200,78
req-007465,2026-03-03T23:00:28Z,search,/v1/query,GET,201,426
req-007491,2026-03-03T23:22:17Z,auth,/v1/login,POST,204,106
req-005556,2026-03-03T05:02:28Z,checkout,/v1/pay,POST,201,210
req-002519,2026-03-02T00:30:55Z,billing,/v1/invoices,GET,204,446
req-003864,2026-03-02T13:35:02Z,checkout,/v1/pay,POST,200,456
req-005444,2026-03-03T04:19:19Z,checkout,/v1/pay,POST,500,235
req-007207,2026-03-03T20:36:44Z,catalog,/v1/items,GET,201,57
req-005091,2026-03-03T00:41:00Z,catalog,/v1/items,PUT,204,98
req-007067,2026-03-03T19:00:14Z,auth,/v1/login,POST,201,106
req-006052,2026-03-03T09:29:53Z,catalog,/v1/items,GET,200,54
req-003327,2026-03-02T08:03:05Z,checkout,/v1/pay,POST,503,423
req-003534,2026-03-02T09:12:57Z,search,/v1/cache,DELETE,204,44
req-000610,2026-03-01T05:45:26Z,auth,/v1/session,GET,204,50
req-007332,2026-03-03T21:00:49Z,search,/v1/cache,DELETE,200,61
req-003329,2026-03-02T08:06:37Z,checkout,/v1/pay,POST,204,155
req-000916,2026-03-01T09:33:21Z,checkout,/v1/pay,POST,200,171
req-001739,2026-03-01T16:57:27Z,catalog,/v1/items,PUT,204,84
req-001903,2026-03-01T18:02:43Z,auth,/v1/login,POST,201,98
req-002495,2026-03-01T23:38:12Z,search,/v1/cache,DELETE,200,61
req-006621,2026-03-03T15:47:05Z,checkout,/v1/pay,POST,200,226
req-000703,2026-03-01T06:59:11Z,catalog,/v1/items,PUT,204,122
req-004522,2026-03-02T19:03:20Z,auth,/v1/login,POST,204,95
req-006259,2026-03-03T11:59:22Z,catalog,/v1/items,GET,200,70
req-001723,2026-03-01T16:20:38Z,catalog,/v1/items,GET,201,54
req-001133,2026-03-01T11:46:36Z,checkout,/v1/pay,POST,204,251
req-007453,2026-03-03T23:44:40Z,billing,/v1/invoices,GET,204,453
req-005880,2026-03-03T08:03:29Z,billing,/v1/invoices,GET,201,439
req-005317,2026-03-03T02:57:52Z,search,/v1/cache,DELETE,204,57
req-001929,2026-03-01T18:38:31Z,catalog,/v1/items,GET,404,71
req-001831,2026-03-01T17:50:00Z,catalog,/v1/items,GET,200,54
req-005940,2026-03-03T08:06:48Z,catalog,/v1/items,GET,200,48
req-004669,2026-03-02T20:24:06Z,catalog,/v1/items,GET,201,166
req-003026,2026-03-02T05:19:57Z,search,/v1/query,GET,200,378
req-005732,2026-03-03T06:34:42Z,catalog,/v1/items,GET,200,60
req-001054,2026-03-01T10:06:27Z,auth,/v1/login,POST,200,68
req-001167,2026-03-01T11:54:33Z,auth,/v1/login,POST,200,84
req-002310,2026-03-01T22:10:40Z,search,/v1/query,GET,201,334
req-005999,2026-03-03T09:48:58Z,auth,/v1/login,POST,200,67
req-000068,2026-03-01T00:29:28Z,catalog,/v1/items,GET,201,83
req-006642,2026-03-03T15:53:35Z,auth,/v1/login,POST,200,82
req-006673,2026-03-03T15:29:10Z,catalog,/v1/items,GET,201,57
req-003962,2026-03-02T14:55:01Z,checkout,/v1/pay,POST,200,217
req-006814,2026-03-03T17:26:45Z,checkout,/v1/pay,POST,200,331
req-006458,2026-03-03T13:58:57Z,catalog,/v1/items,GET,200,75
req-006909,2026-03-03T17:15:50Z,auth,/v1/session,GET,204,39
req-007245,2026-03-03T21:20:53Z,billing,/v1/invoices,GET,201,419
req-001180,2026-03-01T11:40:42Z,catalog,/v1/items,GET,200,46
req-000542,2026-03-01T05:57:24Z,auth,/v1/login,POST,200,64
req-000780,2026-03-01T07:32:35Z,catalog,/v1/items,GET,200,136
req-000373,2026-03-01T03:51:15Z,catalog,/v1/items,GET,200,70
req-001050,2026-03-01T10:31:48Z,search,/v1/query,GET,504,313
req-001508,2026-03-01T14:05:33Z,catalog,/v1/items,GET,200,74
req-005202,2026-03-03T01:53:58Z,auth,/v1/session,GET,204,34
req-002918,2026-03-02T04:22:25Z,search,/v1/query,GET,204,375
req-006398,2026-03-03T13:53:31Z,checkout,/v1/pay,POST,200,174
req-005392,2026-03-03T03:44:34Z,catalog,/v1/items,GET,204,51
req-000391,2026-03-01T03:42:42Z,catalog,/v1/items,GET,200,73
req-002574,2026-03-02T00:28:59Z,catalog,/v1/items,GET,204,79
req-004089,2026-03-02T15:27:09Z,search,/v1/query,GET,200,397
req-002316,2026-03-01T22:40:48Z,auth,/v1/login,POST,200,82
req-007075,2026-03-03T19:19:38Z,auth,/v1/login,POST,200,51
req-005046,2026-03-03T00:13:30Z,auth,/v1/login,POST,201,100
req-000869,2026-03-01T08:21:34Z,catalog,/v1/items,GET,201,68
req-007461,2026-03-03T23:01:50Z,search,/v1/query,GET,200,342
req-000928,2026-03-01T09:42:24Z,checkout,/v1/pay,POST,201,90
req-003629,2026-03-02T10:11:33Z,catalog,/v1/items,PUT,200,117
req-000329,2026-03-01T03:43:42Z,billing,/v1/invoices,GET,200,1943
req-000216,2026-03-01T02:03:50Z,checkout,/v1/pay,POST,200,200
req-004146,2026-03-02T15:30:39Z,catalog,/v1/items,PUT,204,188
req-003366,2026-03-02T08:31:20Z,auth,/v1/login,POST,200,66
req-004627,2026-03-02T20:25:52Z,auth,/v1/login,POST,200,57
req-001784,2026-03-01T17:05:14Z,search,/v1/query,GET,201,328
req-001557,2026-03-01T15:18:17Z,checkout,/v1/pay,POST,201,247
req-007587,2026-03-01T21:20:00Z,billing,/v1/refund,POST,200,240
req-005789,2026-03-03T07:43:29Z,search,/v1/query,GET,201,401
req-003664,2026-03-02T11:08:00Z,search,/v1/query,GET,503,318
req-005740,2026-03-03T06:11:34Z,catalog,/v1/items,GET,201,48
req-001376,2026-03-01T13:14:31Z,auth,/v1/login,POST,200,64
req-003701,2026-03-02T11:27:20Z,catalog,/v1/items,GET,204,34
req-003116,2026-03-02T06:37:10Z,billing,/v1/invoices,GET,500,313
req-005101,2026-03-03T00:46:42Z,search,/v1/cache,DELETE,200,40
req-005064,2026-03-03T00:52:08Z,catalog,/v1/items,GET,200,51
req-002376,2026-03-01T22:59:24Z,catalog,/v1/items,GET,204,75
req-006442,2026-03-03T13:35:51Z,auth,/v1/login,POST,200,75
req-003560,2026-03-02T10:38:00Z,search,/v1/query,GET,200,450
req-005661,2026-03-03T06:11:36Z,checkout,/v1/pay,POST,204,235
req-003669,2026-03-02T11:04:26Z,search,/v1/query,GET,200,389
req-006997,2026-03-03T18:52:24Z,catalog,/v1/items,GET,200,28
req-000127,2026-03-01T01:25:55Z,search,/v1/query,GET,204,573
req-002849,2026-03-02T03:49:07Z,catalog,/v1/items,GET,204,97
req-001735,2026-03-01T16:07:05Z,catalog,/v1/items,GET,200,46
req-000522,2026-03-01T05:43:27Z,checkout,/v1/pay,POST,200,214
req-000638,2026-03-01T06:25:52Z,search,/v1/query,GET,204,356
req-002505,2026-03-02T00:33:30Z,checkout,/v1/pay,POST,200,258
req-006388,2026-03-03T12:14:33Z,search,/v1/cache,DELETE,200,49
req-005309,2026-03-03T02:49:23Z,catalog,/v1/items,PUT,200,214
req-003573,2026-03-02T10:47:46Z,auth,/v1/login,POST,204,73
req-004847,2026-03-02T22:03:14Z,auth,/v1/login,POST,204,197
req-005504,2026-03-03T04:16:50Z,catalog,/v1/items,GET,201,75
req-003301,2026-03-02T07:57:46Z,catalog,/v1/items,PUT,200,134
req-002880,2026-03-02T03:41:01Z,catalog,/v1/items,PUT,204,77
req-001506,2026-03-01T14:00:25Z,catalog,/v1/items,GET,201,76
req-005701,2026-03-03T06:33:15Z,auth,/v1/login,POST,204,60
req-003686,2026-03-02T11:01:29Z,auth,/v1/login,POST,200,117
